id;id_pays;pays;region;id_type_statistique;type_statistique;annee;valeur;type_valeur;valeur_texte;confiance_min;confiance_max;confiance_median;qualite_donnees;fichier_source;date_creation
513;1;Afghanistan;Eastern Mediterranean;2;ART Coverage;2023;13.0;estimated_art_coverage_percent;;7.0;20.0;13.0;good;art_coverage_by_country_clean.csv;2025-06-30 12:28:07
512;1;Afghanistan;Eastern Mediterranean;2;ART Coverage;2023;7200.0;estimated_living_with_hiv;;4100.0;11000.0;7200.0;good;art_coverage_by_country_clean.csv;2025-06-30 12:28:07
511;1;Afghanistan;Eastern Mediterranean;2;ART Coverage;2023;920.0;reported_receiving_art;;;;;good;art_coverage_by_country_clean.csv;2025-06-30 12:28:07
2893;1;Afghanistan;Eastern Mediterranean;6;ART Pediatric Coverage;2023;17.0;estimated_children_art_coverage_percent;;10.0;26.0;17.0;good;art_pediatric_coverage_by_country_clean.csv;2025-06-30 12:28:07
2892;1;Afghanistan;Eastern Mediterranean;6;ART Pediatric Coverage;2023;500.0;estimated_children_needing_art;;500.0;530.0;500.0;good;art_pediatric_coverage_by_country_clean.csv;2025-06-30 12:28:07
2891;1;Afghanistan;Eastern Mediterranean;6;ART Pediatric Coverage;2023;60.0;reported_children_receiving_art;;;;;good;art_pediatric_coverage_by_country_clean.csv;2025-06-30 12:28:07
2721;1;Afghanistan;Eastern Mediterranean;5;HIV Cases Adults 15-49;2000;0.1;count;;0.1;0.1;0.1;good;no_of_cases_adults_15_to_49_by_country_clean.csv;2025-06-30 12:28:07
2551;1;Afghanistan;Eastern Mediterranean;5;HIV Cases Adults 15-49;2005;0.1;count;;0.1;0.1;0.1;good;no_of_cases_adults_15_to_49_by_country_clean.csv;2025-06-30 12:28:07
2381;1;Afghanistan;Eastern Mediterranean;5;HIV Cases Adults 15-49;2010;0.1;count;;0.1;0.1;0.1;good;no_of_cases_adults_15_to_49_by_country_clean.csv;2025-06-30 12:28:07
2211;1;Afghanistan;Eastern Mediterranean;5;HIV Cases Adults 15-49;2018;0.1;count;;0.1;0.1;0.1;good;no_of_cases_adults_15_to_49_by_country_clean.csv;2025-06-30 12:28:07
2041;1;Afghanistan;Eastern Mediterranean;4;HIV-related Deaths;2000;100.0;count;;100.0;500.0;100.0;good;no_of_deaths_by_country_clean.csv;2025-06-30 12:28:07
1871;1;Afghanistan;Eastern Mediterranean;4;HIV-related Deaths;2010;500.0;count;;200.0;500.0;500.0;good;no_of_deaths_by_country_clean.csv;2025-06-30 12:28:07
1701;1;Afghanistan;Eastern Mediterranean;4;HIV-related Deaths;2018;500.0;count;;200.0;610.0;500.0;good;no_of_deaths_by_country_clean.csv;2025-06-30 12:28:07
1531;1;Afghanistan;Eastern Mediterranean;3;People Living with HIV;2000;1600.0;count;;1000.0;3500.0;1600.0;good;no_of_people_living_with_hiv_by_country_clean.csv;2025-06-30 12:28:07
1361;1;Afghanistan;Eastern Mediterranean;3;People Living with HIV;2005;2900.0;count;;1700.0;5000.0;2900.0;good;no_of_people_living_with_hiv_by_country_clean.csv;2025-06-30 12:28:07
1191;1;Afghanistan;Eastern Mediterranean;3;People Living with HIV;2010;4200.0;count;;2500.0;6200.0;4200.0;good;no_of_people_living_with_hiv_by_country_clean.csv;2025-06-30 12:28:07
1021;1;Afghanistan;Eastern Mediterranean;3;People Living with HIV;2018;7200.0;count;;4100.0;11000.0;7200.0;good;no_of_people_living_with_hiv_by_country_clean.csv;2025-06-30 12:28:07
2;1;Afghanistan;Eastern Mediterranean;1;Prevention of Mother-to-Child Transmission;2023;200.0;needing_antiretrovirals;;100.0;500.0;200.0;good;prevention_of_mother_to_child_transmission_by_country_clean.csv;2025-06-30 12:28:07
3;1;Afghanistan;Eastern Mediterranean;1;Prevention of Mother-to-Child Transmission;2023;11.0;percentage_received;;7.0;18.0;11.0;good;prevention_of_mother_to_child_transmission_by_country_clean.csv;2025-06-30 12:28:07
1;1;Afghanistan;Eastern Mediterranean;1;Prevention of Mother-to-Child Transmission;2023;20.0;received_antiretrovirals;;;;;good;prevention_of_mother_to_child_transmission_by_country_clean.csv;2025-06-30 12:28:07
516;2;Albania;Europe;2;ART Coverage;2023;;estimated_art_coverage_percent;Nodata                                                  ;;;;good;art_coverage_by_country_clean.csv;2025-06-30 12:28:07
515;2;Albania;Europe;2;ART Coverage;2023;;estimated_living_with_hiv;Nodata                                     ;;;;good;art_coverage_by_country_clean.csv;2025-06-30 12:28:07
514;2;Albania;Europe;2;ART Coverage;2023;580.0;reported_receiving_art;;;;;good;art_coverage_by_country_clean.csv;2025-06-30 12:28:07
2896;2;Albania;Europe;6;ART Pediatric Coverage;2023;;estimated_children_art_coverage_percent;Nodata                                    ;;;;good;art_pediatric_coverage_by_country_clean.csv;2025-06-30 12:28:07
2895;2;Albania;Europe;6;ART Pediatric Coverage;2023;;estimated_children_needing_art;Nodata                                                        ;;;;good;art_pediatric_coverage_by_country_clean.csv;2025-06-30 12:28:07
2894;2;Albania;Europe;6;ART Pediatric Coverage;2023;20.0;reported_children_receiving_art;;;;;good;art_pediatric_coverage_by_country_clean.csv;2025-06-30 12:28:07
2722;2;Albania;Europe;5;HIV Cases Adults 15-49;2000;;count;na              ;;;;good;no_of_cases_adults_15_to_49_by_country_clean.csv;2025-06-30 12:28:07
2552;2;Albania;Europe;5;HIV Cases Adults 15-49;2005;;count;na              ;;;;good;no_of_cases_adults_15_to_49_by_country_clean.csv;2025-06-30 12:28:07
2382;2;Albania;Europe;5;HIV Cases Adults 15-49;2010;;count;na              ;;;;good;no_of_cases_adults_15_to_49_by_country_clean.csv;2025-06-30 12:28:07
2212;2;Albania;Europe;5;HIV Cases Adults 15-49;2018;;count;na              ;;;;good;no_of_cases_adults_15_to_49_by_country_clean.csv;2025-06-30 12:28:07
2042;2;Albania;Europe;4;HIV-related Deaths;2000;;count;na                    ;;;;good;no_of_deaths_by_country_clean.csv;2025-06-30 12:28:07
1872;2;Albania;Europe;4;HIV-related Deaths;2010;;count;na                    ;;;;good;no_of_deaths_by_country_clean.csv;2025-06-30 12:28:07
1702;2;Albania;Europe;4;HIV-related Deaths;2018;;count;na                    ;;;;good;no_of_deaths_by_country_clean.csv;2025-06-30 12:28:07
1532;2;Albania;Europe;3;People Living with HIV;2000;;count;na                       ;;;;good;no_of_people_living_with_hiv_by_country_clean.csv;2025-06-30 12:28:07
1362;2;Albania;Europe;3;People Living with HIV;2005;;count;na                       ;;;;good;no_of_people_living_with_hiv_by_country_clean.csv;2025-06-30 12:28:07
1192;2;Albania;Europe;3;People Living with HIV;2010;;count;na                       ;;;;good;no_of_people_living_with_hiv_by_country_clean.csv;2025-06-30 12:28:07
1022;2;Albania;Europe;3;People Living with HIV;2018;;count;na                       ;;;;good;no_of_people_living_with_hiv_by_country_clean.csv;2025-06-30 12:28:07
5;2;Albania;Europe;1;Prevention of Mother-to-Child Transmission;2023;;needing_antiretrovirals;Nodata                  ;;;;good;prevention_of_mother_to_child_transmission_by_country_clean.csv;2025-06-30 12:28:07
6;2;Albania;Europe;1;Prevention of Mother-to-Child Transmission;2023;;percentage_received;Nodata              ;;;;good;prevention_of_mother_to_child_transmission_by_country_clean.csv;2025-06-30 12:28:07
4;2;Albania;Europe;1;Prevention of Mother-to-Child Transmission;2023;;received_antiretrovirals;No data                  ;;;;good;prevention_of_mother_to_child_transmission_by_country_clean.csv;2025-06-30 12:28:07
519;3;Algeria;Africa;2;ART Coverage;2023;81.0;estimated_art_coverage_percent;;75.0;86.0;81.0;good;art_coverage_by_country_clean.csv;2025-06-30 12:28:07
518;3;Algeria;Africa;2;ART Coverage;2023;16000.0;estimated_living_with_hiv;;15000.0;17000.0;16000.0;good;art_coverage_by_country_clean.csv;2025-06-30 12:28:07
517;3;Algeria;Africa;2;ART Coverage;2023;12800.0;reported_receiving_art;;;;;good;art_coverage_by_country_clean.csv;2025-06-30 12:28:07
2899;3;Algeria;Africa;6;ART Pediatric Coverage;2023;95.0;estimated_children_art_coverage_percent;;95.0;95.0;95.0;good;art_pediatric_coverage_by_country_clean.csv;2025-06-30 12:28:07
2898;3;Algeria;Africa;6;ART Pediatric Coverage;2023;500.0;estimated_children_needing_art;;500.0;520.0;500.0;good;art_pediatric_coverage_by_country_clean.csv;2025-06-30 12:28:07
2897;3;Algeria;Africa;6;ART Pediatric Coverage;2023;770.0;reported_children_receiving_art;;;;;good;art_pediatric_coverage_by_country_clean.csv;2025-06-30 12:28:07
2723;3;Algeria;Africa;5;HIV Cases Adults 15-49;2000;0.1;count;;0.1;0.1;0.1;good;no_of_cases_adults_15_to_49_by_country_clean.csv;2025-06-30 12:28:07
2553;3;Algeria;Africa;5;HIV Cases Adults 15-49;2005;0.1;count;;0.1;0.1;0.1;good;no_of_cases_adults_15_to_49_by_country_clean.csv;2025-06-30 12:28:07
2383;3;Algeria;Africa;5;HIV Cases Adults 15-49;2010;0.1;count;;0.1;0.1;0.1;good;no_of_cases_adults_15_to_49_by_country_clean.csv;2025-06-30 12:28:07
2213;3;Algeria;Africa;5;HIV Cases Adults 15-49;2018;0.1;count;;0.1;0.1;0.1;good;no_of_cases_adults_15_to_49_by_country_clean.csv;2025-06-30 12:28:07
2043;3;Algeria;Africa;4;HIV-related Deaths;2000;100.0;count;;100.0;100.0;100.0;good;no_of_deaths_by_country_clean.csv;2025-06-30 12:28:07
1873;3;Algeria;Africa;4;HIV-related Deaths;2010;200.0;count;;100.0;200.0;200.0;good;no_of_deaths_by_country_clean.csv;2025-06-30 12:28:07
1703;3;Algeria;Africa;4;HIV-related Deaths;2018;200.0;count;;200.0;200.0;200.0;good;no_of_deaths_by_country_clean.csv;2025-06-30 12:28:07
1533;3;Algeria;Africa;3;People Living with HIV;2000;1900.0;count;;1700.0;2000.0;1900.0;good;no_of_people_living_with_hiv_by_country_clean.csv;2025-06-30 12:28:07
1363;3;Algeria;Africa;3;People Living with HIV;2005;3700.0;count;;3500.0;4000.0;3700.0;good;no_of_people_living_with_hiv_by_country_clean.csv;2025-06-30 12:28:07
1193;3;Algeria;Africa;3;People Living with HIV;2010;7100.0;count;;6600.0;7600.0;7100.0;good;no_of_people_living_with_hiv_by_country_clean.csv;2025-06-30 12:28:07
1023;3;Algeria;Africa;3;People Living with HIV;2018;16000.0;count;;15000.0;17000.0;16000.0;good;no_of_people_living_with_hiv_by_country_clean.csv;2025-06-30 12:28:07
8;3;Algeria;Africa;1;Prevention of Mother-to-Child Transmission;2023;500.0;needing_antiretrovirals;;500.0;500.0;500.0;good;prevention_of_mother_to_child_transmission_by_country_clean.csv;2025-06-30 12:28:07
9;3;Algeria;Africa;1;Prevention of Mother-to-Child Transmission;2023;74.0;percentage_received;;69.0;78.0;74.0;good;prevention_of_mother_to_child_transmission_by_country_clean.csv;2025-06-30 12:28:07
7;3;Algeria;Africa;1;Prevention of Mother-to-Child Transmission;2023;320.0;received_antiretrovirals;;;;;good;prevention_of_mother_to_child_transmission_by_country_clean.csv;2025-06-30 12:28:07
522;4;Angola;Africa;2;ART Coverage;2023;27.0;estimated_art_coverage_percent;;23.0;31.0;27.0;good;art_coverage_by_country_clean.csv;2025-06-30 12:28:07
521;4;Angola;Africa;2;ART Coverage;2023;330000.0;estimated_living_with_hiv;;290000.0;390000.0;330000.0;good;art_coverage_by_country_clean.csv;2025-06-30 12:28:07
520;4;Angola;Africa;2;ART Coverage;2023;88700.0;reported_receiving_art;;;;;good;art_coverage_by_country_clean.csv;2025-06-30 12:28:07
2902;4;Angola;Africa;6;ART Pediatric Coverage;2023;13.0;estimated_children_art_coverage_percent;;10.0;16.0;13.0;good;art_pediatric_coverage_by_country_clean.csv;2025-06-30 12:28:07
2901;4;Angola;Africa;6;ART Pediatric Coverage;2023;38000.0;estimated_children_needing_art;;30000.0;47000.0;38000.0;good;art_pediatric_coverage_by_country_clean.csv;2025-06-30 12:28:07
2900;4;Angola;Africa;6;ART Pediatric Coverage;2023;4800.0;reported_children_receiving_art;;;;;good;art_pediatric_coverage_by_country_clean.csv;2025-06-30 12:28:07
2724;4;Angola;Africa;5;HIV Cases Adults 15-49;2000;1.0;count;;0.8;1.2;1.0;good;no_of_cases_adults_15_to_49_by_country_clean.csv;2025-06-30 12:28:07
2554;4;Angola;Africa;5;HIV Cases Adults 15-49;2005;1.4;count;;1.2;1.7;1.4;good;no_of_cases_adults_15_to_49_by_country_clean.csv;2025-06-30 12:28:07
2384;4;Angola;Africa;5;HIV Cases Adults 15-49;2010;1.7;count;;1.5;2.0;1.7;good;no_of_cases_adults_15_to_49_by_country_clean.csv;2025-06-30 12:28:07
2214;4;Angola;Africa;5;HIV Cases Adults 15-49;2018;2.0;count;;1.7;2.3;2.0;good;no_of_cases_adults_15_to_49_by_country_clean.csv;2025-06-30 12:28:07
2044;4;Angola;Africa;4;HIV-related Deaths;2000;4800.0;count;;3500.0;6400.0;4800.0;good;no_of_deaths_by_country_clean.csv;2025-06-30 12:28:07
1874;4;Angola;Africa;4;HIV-related Deaths;2010;10000.0;count;;7300.0;13000.0;10000.0;good;no_of_deaths_by_country_clean.csv;2025-06-30 12:28:07
1704;4;Angola;Africa;4;HIV-related Deaths;2018;14000.0;count;;9500.0;18000.0;14000.0;good;no_of_deaths_by_country_clean.csv;2025-06-30 12:28:07
1534;4;Angola;Africa;3;People Living with HIV;2000;87000.0;count;;72000.0;110000.0;87000.0;good;no_of_people_living_with_hiv_by_country_clean.csv;2025-06-30 12:28:07
1364;4;Angola;Africa;3;People Living with HIV;2005;150000.0;count;;120000.0;170000.0;150000.0;good;no_of_people_living_with_hiv_by_country_clean.csv;2025-06-30 12:28:07
1194;4;Angola;Africa;3;People Living with HIV;2010;220000.0;count;;180000.0;250000.0;220000.0;good;no_of_people_living_with_hiv_by_country_clean.csv;2025-06-30 12:28:07
1024;4;Angola;Africa;3;People Living with HIV;2018;330000.0;count;;290000.0;390000.0;330000.0;good;no_of_people_living_with_hiv_by_country_clean.csv;2025-06-30 12:28:07
11;4;Angola;Africa;1;Prevention of Mother-to-Child Transmission;2023;25000.0;needing_antiretrovirals;;19000.0;32000.0;25000.0;good;prevention_of_mother_to_child_transmission_by_country_clean.csv;2025-06-30 12:28:07
12;4;Angola;Africa;1;Prevention of Mother-to-Child Transmission;2023;38.0;percentage_received;;29.0;48.0;38.0;good;prevention_of_mother_to_child_transmission_by_country_clean.csv;2025-06-30 12:28:07
10;4;Angola;Africa;1;Prevention of Mother-to-Child Transmission;2023;9600.0;received_antiretrovirals;;;;;good;prevention_of_mother_to_child_transmission_by_country_clean.csv;2025-06-30 12:28:07
525;5;Argentina;Americas;2;ART Coverage;2023;61.0;estimated_art_coverage_percent;;55.0;67.0;61.0;good;art_coverage_by_country_clean.csv;2025-06-30 12:28:07
524;5;Argentina;Americas;2;ART Coverage;2023;140000.0;estimated_living_with_hiv;;130000.0;150000.0;140000.0;good;art_coverage_by_country_clean.csv;2025-06-30 12:28:07
523;5;Argentina;Americas;2;ART Coverage;2023;85500.0;reported_receiving_art;;;;;good;art_coverage_by_country_clean.csv;2025-06-30 12:28:07
2905;5;Argentina;Americas;6;ART Pediatric Coverage;2023;92.0;estimated_children_art_coverage_percent;;84.0;95.0;92.0;good;art_pediatric_coverage_by_country_clean.csv;2025-06-30 12:28:07
2904;5;Argentina;Americas;6;ART Pediatric Coverage;2023;1800.0;estimated_children_needing_art;;1600.0;2100.0;1800.0;good;art_pediatric_coverage_by_country_clean.csv;2025-06-30 12:28:07
2903;5;Argentina;Americas;6;ART Pediatric Coverage;2023;1700.0;reported_children_receiving_art;;;;;good;art_pediatric_coverage_by_country_clean.csv;2025-06-30 12:28:07
2725;5;Argentina;Americas;5;HIV Cases Adults 15-49;2000;0.3;count;;0.3;0.3;0.3;good;no_of_cases_adults_15_to_49_by_country_clean.csv;2025-06-30 12:28:07
2555;5;Argentina;Americas;5;HIV Cases Adults 15-49;2005;0.3;count;;0.3;0.4;0.3;good;no_of_cases_adults_15_to_49_by_country_clean.csv;2025-06-30 12:28:07
2385;5;Argentina;Americas;5;HIV Cases Adults 15-49;2010;0.4;count;;0.3;0.4;0.4;good;no_of_cases_adults_15_to_49_by_country_clean.csv;2025-06-30 12:28:07
2215;5;Argentina;Americas;5;HIV Cases Adults 15-49;2018;0.4;count;;0.4;0.4;0.4;good;no_of_cases_adults_15_to_49_by_country_clean.csv;2025-06-30 12:28:07
2045;5;Argentina;Americas;4;HIV-related Deaths;2000;1400.0;count;;1200.0;1700.0;1400.0;good;no_of_deaths_by_country_clean.csv;2025-06-30 12:28:07
1875;5;Argentina;Americas;4;HIV-related Deaths;2010;1600.0;count;;1300.0;2000.0;1600.0;good;no_of_deaths_by_country_clean.csv;2025-06-30 12:28:07
1705;5;Argentina;Americas;4;HIV-related Deaths;2018;1700.0;count;;1300.0;2100.0;1700.0;good;no_of_deaths_by_country_clean.csv;2025-06-30 12:28:07
1535;5;Argentina;Americas;3;People Living with HIV;2000;64000.0;count;;55000.0;71000.0;64000.0;good;no_of_people_living_with_hiv_by_country_clean.csv;2025-06-30 12:28:07
1365;5;Argentina;Americas;3;People Living with HIV;2005;85000.0;count;;76000.0;94000.0;85000.0;good;no_of_people_living_with_hiv_by_country_clean.csv;2025-06-30 12:28:07
1195;5;Argentina;Americas;3;People Living with HIV;2010;110000.0;count;;96000.0;120000.0;110000.0;good;no_of_people_living_with_hiv_by_country_clean.csv;2025-06-30 12:28:07
1025;5;Argentina;Americas;3;People Living with HIV;2018;140000.0;count;;130000.0;150000.0;140000.0;good;no_of_people_living_with_hiv_by_country_clean.csv;2025-06-30 12:28:07
14;5;Argentina;Americas;1;Prevention of Mother-to-Child Transmission;2023;1800.0;needing_antiretrovirals;;1600.0;2000.0;1800.0;good;prevention_of_mother_to_child_transmission_by_country_clean.csv;2025-06-30 12:28:07
15;5;Argentina;Americas;1;Prevention of Mother-to-Child Transmission;2023;95.0;percentage_received;;85.0;95.0;95.0;good;prevention_of_mother_to_child_transmission_by_country_clean.csv;2025-06-30 12:28:07
13;5;Argentina;Americas;1;Prevention of Mother-to-Child Transmission;2023;1800.0;received_antiretrovirals;;;;;good;prevention_of_mother_to_child_transmission_by_country_clean.csv;2025-06-30 12:28:07
528;6;Armenia;Europe;2;ART Coverage;2023;53.0;estimated_art_coverage_percent;;44.0;65.0;53.0;good;art_coverage_by_country_clean.csv;2025-06-30 12:28:07
527;6;Armenia;Europe;2;ART Coverage;2023;3500.0;estimated_living_with_hiv;;3000.0;4400.0;3500.0;good;art_coverage_by_country_clean.csv;2025-06-30 12:28:07
526;6;Armenia;Europe;2;ART Coverage;2023;1900.0;reported_receiving_art;;;;;good;art_coverage_by_country_clean.csv;2025-06-30 12:28:07
2908;6;Armenia;Europe;6;ART Pediatric Coverage;2023;;estimated_children_art_coverage_percent;Nodata                                    ;;;;good;art_pediatric_coverage_by_country_clean.csv;2025-06-30 12:28:07
2907;6;Armenia;Europe;6;ART Pediatric Coverage;2023;;estimated_children_needing_art;Nodata                                                        ;;;;good;art_pediatric_coverage_by_country_clean.csv;2025-06-30 12:28:07
2906;6;Armenia;Europe;6;ART Pediatric Coverage;2023;;reported_children_receiving_art;No data                                   ;;;;good;art_pediatric_coverage_by_country_clean.csv;2025-06-30 12:28:07
2726;6;Armenia;Europe;5;HIV Cases Adults 15-49;2000;0.1;count;;0.1;0.1;0.1;good;no_of_cases_adults_15_to_49_by_country_clean.csv;2025-06-30 12:28:07
2556;6;Armenia;Europe;5;HIV Cases Adults 15-49;2005;0.1;count;;0.1;0.2;0.1;good;no_of_cases_adults_15_to_49_by_country_clean.csv;2025-06-30 12:28:07
2386;6;Armenia;Europe;5;HIV Cases Adults 15-49;2010;0.2;count;;0.1;0.2;0.2;good;no_of_cases_adults_15_to_49_by_country_clean.csv;2025-06-30 12:28:07
2216;6;Armenia;Europe;5;HIV Cases Adults 15-49;2018;0.2;count;;0.1;0.2;0.2;good;no_of_cases_adults_15_to_49_by_country_clean.csv;2025-06-30 12:28:07
2046;6;Armenia;Europe;4;HIV-related Deaths;2000;100.0;count;;100.0;100.0;100.0;good;no_of_deaths_by_country_clean.csv;2025-06-30 12:28:07
1876;6;Armenia;Europe;4;HIV-related Deaths;2010;200.0;count;;200.0;200.0;200.0;good;no_of_deaths_by_country_clean.csv;2025-06-30 12:28:07
1706;6;Armenia;Europe;4;HIV-related Deaths;2018;200.0;count;;100.0;200.0;200.0;good;no_of_deaths_by_country_clean.csv;2025-06-30 12:28:07
1536;6;Armenia;Europe;3;People Living with HIV;2000;950.0;count;;580.0;1600.0;950.0;good;no_of_people_living_with_hiv_by_country_clean.csv;2025-06-30 12:28:07
1366;6;Armenia;Europe;3;People Living with HIV;2005;2700.0;count;;2000.0;3500.0;2700.0;good;no_of_people_living_with_hiv_by_country_clean.csv;2025-06-30 12:28:07
1196;6;Armenia;Europe;3;People Living with HIV;2010;3300.0;count;;2800.0;4100.0;3300.0;good;no_of_people_living_with_hiv_by_country_clean.csv;2025-06-30 12:28:07
1026;6;Armenia;Europe;3;People Living with HIV;2018;3500.0;count;;3000.0;4400.0;3500.0;good;no_of_people_living_with_hiv_by_country_clean.csv;2025-06-30 12:28:07
17;6;Armenia;Europe;1;Prevention of Mother-to-Child Transmission;2023;;needing_antiretrovirals;Nodata                  ;;;;good;prevention_of_mother_to_child_transmission_by_country_clean.csv;2025-06-30 12:28:07
18;6;Armenia;Europe;1;Prevention of Mother-to-Child Transmission;2023;;percentage_received;Nodata              ;;;;good;prevention_of_mother_to_child_transmission_by_country_clean.csv;2025-06-30 12:28:07
16;6;Armenia;Europe;1;Prevention of Mother-to-Child Transmission;2023;50.0;received_antiretrovirals;;;;;good;prevention_of_mother_to_child_transmission_by_country_clean.csv;2025-06-30 12:28:07
531;7;Australia;Western Pacific;2;ART Coverage;2023;83.0;estimated_art_coverage_percent;;70.0;93.0;83.0;good;art_coverage_by_country_clean.csv;2025-06-30 12:28:07
530;7;Australia;Western Pacific;2;ART Coverage;2023;28000.0;estimated_living_with_hiv;;23000.0;31000.0;28000.0;good;art_coverage_by_country_clean.csv;2025-06-30 12:28:07
529;7;Australia;Western Pacific;2;ART Coverage;2023;22800.0;reported_receiving_art;;;;;good;art_coverage_by_country_clean.csv;2025-06-30 12:28:07
2911;7;Australia;Western Pacific;6;ART Pediatric Coverage;2023;;estimated_children_art_coverage_percent;Nodata                                    ;;;;good;art_pediatric_coverage_by_country_clean.csv;2025-06-30 12:28:07
2910;7;Australia;Western Pacific;6;ART Pediatric Coverage;2023;100.0;estimated_children_needing_art;;100.0;100.0;100.0;good;art_pediatric_coverage_by_country_clean.csv;2025-06-30 12:28:07
2909;7;Australia;Western Pacific;6;ART Pediatric Coverage;2023;;reported_children_receiving_art;No data                                   ;;;;good;art_pediatric_coverage_by_country_clean.csv;2025-06-30 12:28:07
2727;7;Australia;Western Pacific;5;HIV Cases Adults 15-49;2000;0.1;count;;0.1;0.1;0.1;good;no_of_cases_adults_15_to_49_by_country_clean.csv;2025-06-30 12:28:07
2557;7;Australia;Western Pacific;5;HIV Cases Adults 15-49;2005;0.1;count;;0.1;0.1;0.1;good;no_of_cases_adults_15_to_49_by_country_clean.csv;2025-06-30 12:28:07
2387;7;Australia;Western Pacific;5;HIV Cases Adults 15-49;2010;0.1;count;;0.1;0.1;0.1;good;no_of_cases_adults_15_to_49_by_country_clean.csv;2025-06-30 12:28:07
2217;7;Australia;Western Pacific;5;HIV Cases Adults 15-49;2018;0.1;count;;0.1;0.1;0.1;good;no_of_cases_adults_15_to_49_by_country_clean.csv;2025-06-30 12:28:07
2047;7;Australia;Western Pacific;4;HIV-related Deaths;2000;500.0;count;;200.0;500.0;500.0;good;no_of_deaths_by_country_clean.csv;2025-06-30 12:28:07
1877;7;Australia;Western Pacific;4;HIV-related Deaths;2010;500.0;count;;200.0;500.0;500.0;good;no_of_deaths_by_country_clean.csv;2025-06-30 12:28:07
1707;7;Australia;Western Pacific;4;HIV-related Deaths;2018;200.0;count;;200.0;500.0;200.0;good;no_of_deaths_by_country_clean.csv;2025-06-30 12:28:07
1537;7;Australia;Western Pacific;3;People Living with HIV;2000;13000.0;count;;11000.0;15000.0;13000.0;good;no_of_people_living_with_hiv_by_country_clean.csv;2025-06-30 12:28:07
1367;7;Australia;Western Pacific;3;People Living with HIV;2005;16000.0;count;;14000.0;19000.0;16000.0;good;no_of_people_living_with_hiv_by_country_clean.csv;2025-06-30 12:28:07
1197;7;Australia;Western Pacific;3;People Living with HIV;2010;21000.0;count;;17000.0;23000.0;21000.0;good;no_of_people_living_with_hiv_by_country_clean.csv;2025-06-30 12:28:07
1027;7;Australia;Western Pacific;3;People Living with HIV;2018;28000.0;count;;23000.0;31000.0;28000.0;good;no_of_people_living_with_hiv_by_country_clean.csv;2025-06-30 12:28:07
20;7;Australia;Western Pacific;1;Prevention of Mother-to-Child Transmission;2023;100.0;needing_antiretrovirals;;100.0;100.0;100.0;good;prevention_of_mother_to_child_transmission_by_country_clean.csv;2025-06-30 12:28:07
21;7;Australia;Western Pacific;1;Prevention of Mother-to-Child Transmission;2023;;percentage_received;Nodata              ;;;;good;prevention_of_mother_to_child_transmission_by_country_clean.csv;2025-06-30 12:28:07
19;7;Australia;Western Pacific;1;Prevention of Mother-to-Child Transmission;2023;;received_antiretrovirals;No data                  ;;;;good;prevention_of_mother_to_child_transmission_by_country_clean.csv;2025-06-30 12:28:07
534;8;Austria;Europe;2;ART Coverage;2023;;estimated_art_coverage_percent;Nodata                                                  ;;;;good;art_coverage_by_country_clean.csv;2025-06-30 12:28:07
533;8;Austria;Europe;2;ART Coverage;2023;;estimated_living_with_hiv;Nodata                                     ;;;;good;art_coverage_by_country_clean.csv;2025-06-30 12:28:07
532;8;Austria;Europe;2;ART Coverage;2023;;reported_receiving_art;Nodata                                  ;;;;good;art_coverage_by_country_clean.csv;2025-06-30 12:28:07
2914;8;Austria;Europe;6;ART Pediatric Coverage;2023;;estimated_children_art_coverage_percent;Nodata                                    ;;;;good;art_pediatric_coverage_by_country_clean.csv;2025-06-30 12:28:07
2913;8;Austria;Europe;6;ART Pediatric Coverage;2023;;estimated_children_needing_art;Nodata                                                        ;;;;good;art_pediatric_coverage_by_country_clean.csv;2025-06-30 12:28:07
2912;8;Austria;Europe;6;ART Pediatric Coverage;2023;;reported_children_receiving_art;No data                                   ;;;;good;art_pediatric_coverage_by_country_clean.csv;2025-06-30 12:28:07
2728;8;Austria;Europe;5;HIV Cases Adults 15-49;2000;;count;na              ;;;;good;no_of_cases_adults_15_to_49_by_country_clean.csv;2025-06-30 12:28:07
2558;8;Austria;Europe;5;HIV Cases Adults 15-49;2005;;count;na              ;;;;good;no_of_cases_adults_15_to_49_by_country_clean.csv;2025-06-30 12:28:07
2388;8;Austria;Europe;5;HIV Cases Adults 15-49;2010;;count;na              ;;;;good;no_of_cases_adults_15_to_49_by_country_clean.csv;2025-06-30 12:28:07
2218;8;Austria;Europe;5;HIV Cases Adults 15-49;2018;;count;na              ;;;;good;no_of_cases_adults_15_to_49_by_country_clean.csv;2025-06-30 12:28:07
2048;8;Austria;Europe;4;HIV-related Deaths;2000;;count;na                    ;;;;good;no_of_deaths_by_country_clean.csv;2025-06-30 12:28:07
1878;8;Austria;Europe;4;HIV-related Deaths;2010;;count;na                    ;;;;good;no_of_deaths_by_country_clean.csv;2025-06-30 12:28:07
1708;8;Austria;Europe;4;HIV-related Deaths;2018;;count;na                    ;;;;good;no_of_deaths_by_country_clean.csv;2025-06-30 12:28:07
1538;8;Austria;Europe;3;People Living with HIV;2000;;count;na                       ;;;;good;no_of_people_living_with_hiv_by_country_clean.csv;2025-06-30 12:28:07
1368;8;Austria;Europe;3;People Living with HIV;2005;;count;na                       ;;;;good;no_of_people_living_with_hiv_by_country_clean.csv;2025-06-30 12:28:07
1198;8;Austria;Europe;3;People Living with HIV;2010;;count;na                       ;;;;good;no_of_people_living_with_hiv_by_country_clean.csv;2025-06-30 12:28:07
1028;8;Austria;Europe;3;People Living with HIV;2018;;count;na                       ;;;;good;no_of_people_living_with_hiv_by_country_clean.csv;2025-06-30 12:28:07
23;8;Austria;Europe;1;Prevention of Mother-to-Child Transmission;2023;;needing_antiretrovirals;Nodata                  ;;;;good;prevention_of_mother_to_child_transmission_by_country_clean.csv;2025-06-30 12:28:07
24;8;Austria;Europe;1;Prevention of Mother-to-Child Transmission;2023;;percentage_received;Nodata              ;;;;good;prevention_of_mother_to_child_transmission_by_country_clean.csv;2025-06-30 12:28:07
22;8;Austria;Europe;1;Prevention of Mother-to-Child Transmission;2023;;received_antiretrovirals;No data                  ;;;;good;prevention_of_mother_to_child_transmission_by_country_clean.csv;2025-06-30 12:28:07
537;9;Azerbaijan;Europe;2;ART Coverage;2023;;estimated_art_coverage_percent;Nodata                                                  ;;;;good;art_coverage_by_country_clean.csv;2025-06-30 12:28:07
536;9;Azerbaijan;Europe;2;ART Coverage;2023;;estimated_living_with_hiv;Nodata                                     ;;;;good;art_coverage_by_country_clean.csv;2025-06-30 12:28:07
535;9;Azerbaijan;Europe;2;ART Coverage;2023;4400.0;reported_receiving_art;;;;;good;art_coverage_by_country_clean.csv;2025-06-30 12:28:07
2917;9;Azerbaijan;Europe;6;ART Pediatric Coverage;2023;;estimated_children_art_coverage_percent;Nodata                                    ;;;;good;art_pediatric_coverage_by_country_clean.csv;2025-06-30 12:28:07
2916;9;Azerbaijan;Europe;6;ART Pediatric Coverage;2023;;estimated_children_needing_art;Nodata                                                        ;;;;good;art_pediatric_coverage_by_country_clean.csv;2025-06-30 12:28:07
2915;9;Azerbaijan;Europe;6;ART Pediatric Coverage;2023;110.0;reported_children_receiving_art;;;;;good;art_pediatric_coverage_by_country_clean.csv;2025-06-30 12:28:07
2729;9;Azerbaijan;Europe;5;HIV Cases Adults 15-49;2000;;count;na              ;;;;good;no_of_cases_adults_15_to_49_by_country_clean.csv;2025-06-30 12:28:07
2559;9;Azerbaijan;Europe;5;HIV Cases Adults 15-49;2005;;count;na              ;;;;good;no_of_cases_adults_15_to_49_by_country_clean.csv;2025-06-30 12:28:07
2389;9;Azerbaijan;Europe;5;HIV Cases Adults 15-49;2010;;count;na              ;;;;good;no_of_cases_adults_15_to_49_by_country_clean.csv;2025-06-30 12:28:07
2219;9;Azerbaijan;Europe;5;HIV Cases Adults 15-49;2018;;count;na              ;;;;good;no_of_cases_adults_15_to_49_by_country_clean.csv;2025-06-30 12:28:07
2049;9;Azerbaijan;Europe;4;HIV-related Deaths;2000;;count;na                    ;;;;good;no_of_deaths_by_country_clean.csv;2025-06-30 12:28:07
1879;9;Azerbaijan;Europe;4;HIV-related Deaths;2010;;count;na                    ;;;;good;no_of_deaths_by_country_clean.csv;2025-06-30 12:28:07
1709;9;Azerbaijan;Europe;4;HIV-related Deaths;2018;;count;na                    ;;;;good;no_of_deaths_by_country_clean.csv;2025-06-30 12:28:07
1539;9;Azerbaijan;Europe;3;People Living with HIV;2000;;count;na                       ;;;;good;no_of_people_living_with_hiv_by_country_clean.csv;2025-06-30 12:28:07
1369;9;Azerbaijan;Europe;3;People Living with HIV;2005;;count;na                       ;;;;good;no_of_people_living_with_hiv_by_country_clean.csv;2025-06-30 12:28:07
1199;9;Azerbaijan;Europe;3;People Living with HIV;2010;;count;na                       ;;;;good;no_of_people_living_with_hiv_by_country_clean.csv;2025-06-30 12:28:07
1029;9;Azerbaijan;Europe;3;People Living with HIV;2018;;count;na                       ;;;;good;no_of_people_living_with_hiv_by_country_clean.csv;2025-06-30 12:28:07
26;9;Azerbaijan;Europe;1;Prevention of Mother-to-Child Transmission;2023;;needing_antiretrovirals;Nodata                  ;;;;good;prevention_of_mother_to_child_transmission_by_country_clean.csv;2025-06-30 12:28:07
27;9;Azerbaijan;Europe;1;Prevention of Mother-to-Child Transmission;2023;;percentage_received;Nodata              ;;;;good;prevention_of_mother_to_child_transmission_by_country_clean.csv;2025-06-30 12:28:07
25;9;Azerbaijan;Europe;1;Prevention of Mother-to-Child Transmission;2023;;received_antiretrovirals;No data                  ;;;;good;prevention_of_mother_to_child_transmission_by_country_clean.csv;2025-06-30 12:28:07
540;10;Bahamas;Americas;2;ART Coverage;2023;52.0;estimated_art_coverage_percent;;45.0;58.0;52.0;good;art_coverage_by_country_clean.csv;2025-06-30 12:28:07
539;10;Bahamas;Americas;2;ART Coverage;2023;6000.0;estimated_living_with_hiv;;5300.0;6700.0;6000.0;good;art_coverage_by_country_clean.csv;2025-06-30 12:28:07
538;10;Bahamas;Americas;2;ART Coverage;2023;3100.0;reported_receiving_art;;;;;good;art_coverage_by_country_clean.csv;2025-06-30 12:28:07
2920;10;Bahamas;Americas;6;ART Pediatric Coverage;2023;21.0;estimated_children_art_coverage_percent;;18.0;26.0;21.0;good;art_pediatric_coverage_by_country_clean.csv;2025-06-30 12:28:07
2919;10;Bahamas;Americas;6;ART Pediatric Coverage;2023;200.0;estimated_children_needing_art;;200.0;500.0;200.0;good;art_pediatric_coverage_by_country_clean.csv;2025-06-30 12:28:07
2918;10;Bahamas;Americas;6;ART Pediatric Coverage;2023;40.0;reported_children_receiving_art;;;;;good;art_pediatric_coverage_by_country_clean.csv;2025-06-30 12:28:07
2730;10;Bahamas;Americas;5;HIV Cases Adults 15-49;2000;2.6;count;;2.2;3.1;2.6;good;no_of_cases_adults_15_to_49_by_country_clean.csv;2025-06-30 12:28:07
2560;10;Bahamas;Americas;5;HIV Cases Adults 15-49;2005;2.3;count;;1.9;2.7;2.3;good;no_of_cases_adults_15_to_49_by_country_clean.csv;2025-06-30 12:28:07
2390;10;Bahamas;Americas;5;HIV Cases Adults 15-49;2010;2.2;count;;1.9;2.5;2.2;good;no_of_cases_adults_15_to_49_by_country_clean.csv;2025-06-30 12:28:07
2220;10;Bahamas;Americas;5;HIV Cases Adults 15-49;2018;1.8;count;;1.5;1.9;1.8;good;no_of_cases_adults_15_to_49_by_country_clean.csv;2025-06-30 12:28:07
2050;10;Bahamas;Americas;4;HIV-related Deaths;2000;500.0;count;;500.0;500.0;500.0;good;no_of_deaths_by_country_clean.csv;2025-06-30 12:28:07
1880;10;Bahamas;Americas;4;HIV-related Deaths;2010;200.0;count;;200.0;500.0;200.0;good;no_of_deaths_by_country_clean.csv;2025-06-30 12:28:07
1710;10;Bahamas;Americas;4;HIV-related Deaths;2018;200.0;count;;200.0;500.0;200.0;good;no_of_deaths_by_country_clean.csv;2025-06-30 12:28:07
1540;10;Bahamas;Americas;3;People Living with HIV;2000;5100.0;count;;4400.0;5900.0;5100.0;good;no_of_people_living_with_hiv_by_country_clean.csv;2025-06-30 12:28:07
1370;10;Bahamas;Americas;3;People Living with HIV;2005;5100.0;count;;4400.0;6000.0;5100.0;good;no_of_people_living_with_hiv_by_country_clean.csv;2025-06-30 12:28:07
1200;10;Bahamas;Americas;3;People Living with HIV;2010;5800.0;count;;5100.0;6600.0;5800.0;good;no_of_people_living_with_hiv_by_country_clean.csv;2025-06-30 12:28:07
1030;10;Bahamas;Americas;3;People Living with HIV;2018;6000.0;count;;5300.0;6700.0;6000.0;good;no_of_people_living_with_hiv_by_country_clean.csv;2025-06-30 12:28:07
29;10;Bahamas;Americas;1;Prevention of Mother-to-Child Transmission;2023;100.0;needing_antiretrovirals;;100.0;200.0;100.0;good;prevention_of_mother_to_child_transmission_by_country_clean.csv;2025-06-30 12:28:07
30;10;Bahamas;Americas;1;Prevention of Mother-to-Child Transmission;2023;58.0;percentage_received;;51.0;65.0;58.0;good;prevention_of_mother_to_child_transmission_by_country_clean.csv;2025-06-30 12:28:07
28;10;Bahamas;Americas;1;Prevention of Mother-to-Child Transmission;2023;50.0;received_antiretrovirals;;;;;good;prevention_of_mother_to_child_transmission_by_country_clean.csv;2025-06-30 12:28:07
543;11;Bahrain;Eastern Mediterranean;2;ART Coverage;2023;;estimated_art_coverage_percent;Nodata                                                  ;;;;good;art_coverage_by_country_clean.csv;2025-06-30 12:28:07
542;11;Bahrain;Eastern Mediterranean;2;ART Coverage;2023;;estimated_living_with_hiv;Nodata                                     ;;;;good;art_coverage_by_country_clean.csv;2025-06-30 12:28:07
541;11;Bahrain;Eastern Mediterranean;2;ART Coverage;2023;;reported_receiving_art;Nodata                                  ;;;;good;art_coverage_by_country_clean.csv;2025-06-30 12:28:07
2923;11;Bahrain;Eastern Mediterranean;6;ART Pediatric Coverage;2023;;estimated_children_art_coverage_percent;Nodata                                    ;;;;good;art_pediatric_coverage_by_country_clean.csv;2025-06-30 12:28:07
2922;11;Bahrain;Eastern Mediterranean;6;ART Pediatric Coverage;2023;;estimated_children_needing_art;Nodata                                                        ;;;;good;art_pediatric_coverage_by_country_clean.csv;2025-06-30 12:28:07
2921;11;Bahrain;Eastern Mediterranean;6;ART Pediatric Coverage;2023;;reported_children_receiving_art;No data                                   ;;;;good;art_pediatric_coverage_by_country_clean.csv;2025-06-30 12:28:07
2731;11;Bahrain;Eastern Mediterranean;5;HIV Cases Adults 15-49;2000;;count;na              ;;;;good;no_of_cases_adults_15_to_49_by_country_clean.csv;2025-06-30 12:28:07
2561;11;Bahrain;Eastern Mediterranean;5;HIV Cases Adults 15-49;2005;;count;na              ;;;;good;no_of_cases_adults_15_to_49_by_country_clean.csv;2025-06-30 12:28:07
2391;11;Bahrain;Eastern Mediterranean;5;HIV Cases Adults 15-49;2010;;count;na              ;;;;good;no_of_cases_adults_15_to_49_by_country_clean.csv;2025-06-30 12:28:07
2221;11;Bahrain;Eastern Mediterranean;5;HIV Cases Adults 15-49;2018;;count;na              ;;;;good;no_of_cases_adults_15_to_49_by_country_clean.csv;2025-06-30 12:28:07
2051;11;Bahrain;Eastern Mediterranean;4;HIV-related Deaths;2000;;count;na                    ;;;;good;no_of_deaths_by_country_clean.csv;2025-06-30 12:28:07
1881;11;Bahrain;Eastern Mediterranean;4;HIV-related Deaths;2010;;count;na                    ;;;;good;no_of_deaths_by_country_clean.csv;2025-06-30 12:28:07
1711;11;Bahrain;Eastern Mediterranean;4;HIV-related Deaths;2018;;count;na                    ;;;;good;no_of_deaths_by_country_clean.csv;2025-06-30 12:28:07
1541;11;Bahrain;Eastern Mediterranean;3;People Living with HIV;2000;;count;na                       ;;;;good;no_of_people_living_with_hiv_by_country_clean.csv;2025-06-30 12:28:07
1371;11;Bahrain;Eastern Mediterranean;3;People Living with HIV;2005;;count;na                       ;;;;good;no_of_people_living_with_hiv_by_country_clean.csv;2025-06-30 12:28:07
1201;11;Bahrain;Eastern Mediterranean;3;People Living with HIV;2010;;count;na                       ;;;;good;no_of_people_living_with_hiv_by_country_clean.csv;2025-06-30 12:28:07
1031;11;Bahrain;Eastern Mediterranean;3;People Living with HIV;2018;;count;na                       ;;;;good;no_of_people_living_with_hiv_by_country_clean.csv;2025-06-30 12:28:07
32;11;Bahrain;Eastern Mediterranean;1;Prevention of Mother-to-Child Transmission;2023;;needing_antiretrovirals;Nodata                  ;;;;good;prevention_of_mother_to_child_transmission_by_country_clean.csv;2025-06-30 12:28:07
33;11;Bahrain;Eastern Mediterranean;1;Prevention of Mother-to-Child Transmission;2023;;percentage_received;Nodata              ;;;;good;prevention_of_mother_to_child_transmission_by_country_clean.csv;2025-06-30 12:28:07
31;11;Bahrain;Eastern Mediterranean;1;Prevention of Mother-to-Child Transmission;2023;0.0;received_antiretrovirals;;;;;good;prevention_of_mother_to_child_transmission_by_country_clean.csv;2025-06-30 12:28:07
546;12;Bangladesh;South-East Asia;2;ART Coverage;2023;22.0;estimated_art_coverage_percent;;19.0;25.0;22.0;good;art_coverage_by_country_clean.csv;2025-06-30 12:28:07
545;12;Bangladesh;South-East Asia;2;ART Coverage;2023;14000.0;estimated_living_with_hiv;;12000.0;16000.0;14000.0;good;art_coverage_by_country_clean.csv;2025-06-30 12:28:07
544;12;Bangladesh;South-East Asia;2;ART Coverage;2023;3000.0;reported_receiving_art;;;;;good;art_coverage_by_country_clean.csv;2025-06-30 12:28:07
2926;12;Bangladesh;South-East Asia;6;ART Pediatric Coverage;2023;33.0;estimated_children_art_coverage_percent;;28.0;38.0;33.0;good;art_pediatric_coverage_by_country_clean.csv;2025-06-30 12:28:07
2925;12;Bangladesh;South-East Asia;6;ART Pediatric Coverage;2023;500.0;estimated_children_needing_art;;500.0;500.0;500.0;good;art_pediatric_coverage_by_country_clean.csv;2025-06-30 12:28:07
2924;12;Bangladesh;South-East Asia;6;ART Pediatric Coverage;2023;130.0;reported_children_receiving_art;;;;;good;art_pediatric_coverage_by_country_clean.csv;2025-06-30 12:28:07
2732;12;Bangladesh;South-East Asia;5;HIV Cases Adults 15-49;2000;0.1;count;;0.1;0.1;0.1;good;no_of_cases_adults_15_to_49_by_country_clean.csv;2025-06-30 12:28:07
2562;12;Bangladesh;South-East Asia;5;HIV Cases Adults 15-49;2005;0.1;count;;0.1;0.1;0.1;good;no_of_cases_adults_15_to_49_by_country_clean.csv;2025-06-30 12:28:07
2392;12;Bangladesh;South-East Asia;5;HIV Cases Adults 15-49;2010;0.1;count;;0.1;0.1;0.1;good;no_of_cases_adults_15_to_49_by_country_clean.csv;2025-06-30 12:28:07
2222;12;Bangladesh;South-East Asia;5;HIV Cases Adults 15-49;2018;0.1;count;;0.1;0.1;0.1;good;no_of_cases_adults_15_to_49_by_country_clean.csv;2025-06-30 12:28:07
2052;12;Bangladesh;South-East Asia;4;HIV-related Deaths;2000;100.0;count;;100.0;100.0;100.0;good;no_of_deaths_by_country_clean.csv;2025-06-30 12:28:07
1882;12;Bangladesh;South-East Asia;4;HIV-related Deaths;2010;500.0;count;;500.0;500.0;500.0;good;no_of_deaths_by_country_clean.csv;2025-06-30 12:28:07
1712;12;Bangladesh;South-East Asia;4;HIV-related Deaths;2018;580.0;count;;500.0;680.0;580.0;good;no_of_deaths_by_country_clean.csv;2025-06-30 12:28:07
1542;12;Bangladesh;South-East Asia;3;People Living with HIV;2000;940.0;count;;800.0;1100.0;940.0;good;no_of_people_living_with_hiv_by_country_clean.csv;2025-06-30 12:28:07
1372;12;Bangladesh;South-East Asia;3;People Living with HIV;2005;4000.0;count;;3500.0;4600.0;4000.0;good;no_of_people_living_with_hiv_by_country_clean.csv;2025-06-30 12:28:07
1202;12;Bangladesh;South-East Asia;3;People Living with HIV;2010;7700.0;count;;6600.0;8800.0;7700.0;good;no_of_people_living_with_hiv_by_country_clean.csv;2025-06-30 12:28:07
1032;12;Bangladesh;South-East Asia;3;People Living with HIV;2018;14000.0;count;;12000.0;16000.0;14000.0;good;no_of_people_living_with_hiv_by_country_clean.csv;2025-06-30 12:28:07
35;12;Bangladesh;South-East Asia;1;Prevention of Mother-to-Child Transmission;2023;200.0;needing_antiretrovirals;;200.0;200.0;200.0;good;prevention_of_mother_to_child_transmission_by_country_clean.csv;2025-06-30 12:28:07
36;12;Bangladesh;South-East Asia;1;Prevention of Mother-to-Child Transmission;2023;28.0;percentage_received;;24.0;33.0;28.0;good;prevention_of_mother_to_child_transmission_by_country_clean.csv;2025-06-30 12:28:07
34;12;Bangladesh;South-East Asia;1;Prevention of Mother-to-Child Transmission;2023;40.0;received_antiretrovirals;;;;;good;prevention_of_mother_to_child_transmission_by_country_clean.csv;2025-06-30 12:28:07
549;13;Barbados;Americas;2;ART Coverage;2023;50.0;estimated_art_coverage_percent;;44.0;57.0;50.0;good;art_coverage_by_country_clean.csv;2025-06-30 12:28:07
548;13;Barbados;Americas;2;ART Coverage;2023;3000.0;estimated_living_with_hiv;;2700.0;3400.0;3000.0;good;art_coverage_by_country_clean.csv;2025-06-30 12:28:07
547;13;Barbados;Americas;2;ART Coverage;2023;1500.0;reported_receiving_art;;;;;good;art_coverage_by_country_clean.csv;2025-06-30 12:28:07
2929;13;Barbados;Americas;6;ART Pediatric Coverage;2023;;estimated_children_art_coverage_percent;Nodata                                    ;;;;good;art_pediatric_coverage_by_country_clean.csv;2025-06-30 12:28:07
2928;13;Barbados;Americas;6;ART Pediatric Coverage;2023;;estimated_children_needing_art;Nodata                                                        ;;;;good;art_pediatric_coverage_by_country_clean.csv;2025-06-30 12:28:07
2927;13;Barbados;Americas;6;ART Pediatric Coverage;2023;;reported_children_receiving_art;No data                                   ;;;;good;art_pediatric_coverage_by_country_clean.csv;2025-06-30 12:28:07
2733;13;Barbados;Americas;5;HIV Cases Adults 15-49;2000;0.7;count;;0.6;0.8;0.7;good;no_of_cases_adults_15_to_49_by_country_clean.csv;2025-06-30 12:28:07
2563;13;Barbados;Americas;5;HIV Cases Adults 15-49;2005;1.0;count;;0.9;1.1;1.0;good;no_of_cases_adults_15_to_49_by_country_clean.csv;2025-06-30 12:28:07
2393;13;Barbados;Americas;5;HIV Cases Adults 15-49;2010;1.3;count;;1.2;1.4;1.3;good;no_of_cases_adults_15_to_49_by_country_clean.csv;2025-06-30 12:28:07
2223;13;Barbados;Americas;5;HIV Cases Adults 15-49;2018;1.5;count;;1.3;1.7;1.5;good;no_of_cases_adults_15_to_49_by_country_clean.csv;2025-06-30 12:28:07
2053;13;Barbados;Americas;4;HIV-related Deaths;2000;100.0;count;;100.0;100.0;100.0;good;no_of_deaths_by_country_clean.csv;2025-06-30 12:28:07
1883;13;Barbados;Americas;4;HIV-related Deaths;2010;100.0;count;;100.0;100.0;100.0;good;no_of_deaths_by_country_clean.csv;2025-06-30 12:28:07
1713;13;Barbados;Americas;4;HIV-related Deaths;2018;100.0;count;;100.0;100.0;100.0;good;no_of_deaths_by_country_clean.csv;2025-06-30 12:28:07
1543;13;Barbados;Americas;3;People Living with HIV;2000;1100.0;count;;1000.0;1300.0;1100.0;good;no_of_people_living_with_hiv_by_country_clean.csv;2025-06-30 12:28:07
1373;13;Barbados;Americas;3;People Living with HIV;2005;1700.0;count;;1500.0;1900.0;1700.0;good;no_of_people_living_with_hiv_by_country_clean.csv;2025-06-30 12:28:07
1203;13;Barbados;Americas;3;People Living with HIV;2010;2300.0;count;;2100.0;2600.0;2300.0;good;no_of_people_living_with_hiv_by_country_clean.csv;2025-06-30 12:28:07
1033;13;Barbados;Americas;3;People Living with HIV;2018;3000.0;count;;2700.0;3400.0;3000.0;good;no_of_people_living_with_hiv_by_country_clean.csv;2025-06-30 12:28:07
38;13;Barbados;Americas;1;Prevention of Mother-to-Child Transmission;2023;;needing_antiretrovirals;Nodata                  ;;;;good;prevention_of_mother_to_child_transmission_by_country_clean.csv;2025-06-30 12:28:07
39;13;Barbados;Americas;1;Prevention of Mother-to-Child Transmission;2023;;percentage_received;Nodata              ;;;;good;prevention_of_mother_to_child_transmission_by_country_clean.csv;2025-06-30 12:28:07
37;13;Barbados;Americas;1;Prevention of Mother-to-Child Transmission;2023;20.0;received_antiretrovirals;;;;;good;prevention_of_mother_to_child_transmission_by_country_clean.csv;2025-06-30 12:28:07
552;14;Belarus;Europe;2;ART Coverage;2023;59.0;estimated_art_coverage_percent;;48.0;75.0;59.0;good;art_coverage_by_country_clean.csv;2025-06-30 12:28:07
551;14;Belarus;Europe;2;ART Coverage;2023;27000.0;estimated_living_with_hiv;;22000.0;34000.0;27000.0;good;art_coverage_by_country_clean.csv;2025-06-30 12:28:07
550;14;Belarus;Europe;2;ART Coverage;2023;15500.0;reported_receiving_art;;;;;good;art_coverage_by_country_clean.csv;2025-06-30 12:28:07
2932;14;Belarus;Europe;6;ART Pediatric Coverage;2023;88.0;estimated_children_art_coverage_percent;;64.0;95.0;88.0;good;art_pediatric_coverage_by_country_clean.csv;2025-06-30 12:28:07
2931;14;Belarus;Europe;6;ART Pediatric Coverage;2023;500.0;estimated_children_needing_art;;200.0;500.0;500.0;good;art_pediatric_coverage_by_country_clean.csv;2025-06-30 12:28:07
2930;14;Belarus;Europe;6;ART Pediatric Coverage;2023;220.0;reported_children_receiving_art;;;;;good;art_pediatric_coverage_by_country_clean.csv;2025-06-30 12:28:07
2734;14;Belarus;Europe;5;HIV Cases Adults 15-49;2000;0.1;count;;0.1;0.1;0.1;good;no_of_cases_adults_15_to_49_by_country_clean.csv;2025-06-30 12:28:07
2564;14;Belarus;Europe;5;HIV Cases Adults 15-49;2005;0.1;count;;0.1;0.1;0.1;good;no_of_cases_adults_15_to_49_by_country_clean.csv;2025-06-30 12:28:07
2394;14;Belarus;Europe;5;HIV Cases Adults 15-49;2010;0.2;count;;0.2;0.3;0.2;good;no_of_cases_adults_15_to_49_by_country_clean.csv;2025-06-30 12:28:07
2224;14;Belarus;Europe;5;HIV Cases Adults 15-49;2018;0.5;count;;0.4;0.6;0.5;good;no_of_cases_adults_15_to_49_by_country_clean.csv;2025-06-30 12:28:07
2054;14;Belarus;Europe;4;HIV-related Deaths;2000;100.0;count;;100.0;100.0;100.0;good;no_of_deaths_by_country_clean.csv;2025-06-30 12:28:07
1884;14;Belarus;Europe;4;HIV-related Deaths;2010;200.0;count;;100.0;500.0;200.0;good;no_of_deaths_by_country_clean.csv;2025-06-30 12:28:07
1714;14;Belarus;Europe;4;HIV-related Deaths;2018;500.0;count;;200.0;500.0;500.0;good;no_of_deaths_by_country_clean.csv;2025-06-30 12:28:07
1544;14;Belarus;Europe;3;People Living with HIV;2000;1400.0;count;;1100.0;1900.0;1400.0;good;no_of_people_living_with_hiv_by_country_clean.csv;2025-06-30 12:28:07
1374;14;Belarus;Europe;3;People Living with HIV;2005;5400.0;count;;4500.0;6700.0;5400.0;good;no_of_people_living_with_hiv_by_country_clean.csv;2025-06-30 12:28:07
1204;14;Belarus;Europe;3;People Living with HIV;2010;12000.0;count;;10000.0;15000.0;12000.0;good;no_of_people_living_with_hiv_by_country_clean.csv;2025-06-30 12:28:07
1034;14;Belarus;Europe;3;People Living with HIV;2018;27000.0;count;;22000.0;34000.0;27000.0;good;no_of_people_living_with_hiv_by_country_clean.csv;2025-06-30 12:28:07
41;14;Belarus;Europe;1;Prevention of Mother-to-Child Transmission;2023;500.0;needing_antiretrovirals;;200.0;500.0;500.0;good;prevention_of_mother_to_child_transmission_by_country_clean.csv;2025-06-30 12:28:07
42;14;Belarus;Europe;1;Prevention of Mother-to-Child Transmission;2023;90.0;percentage_received;;67.0;95.0;90.0;good;prevention_of_mother_to_child_transmission_by_country_clean.csv;2025-06-30 12:28:07
40;14;Belarus;Europe;1;Prevention of Mother-to-Child Transmission;2023;230.0;received_antiretrovirals;;;;;good;prevention_of_mother_to_child_transmission_by_country_clean.csv;2025-06-30 12:28:07
555;15;Belgium;Europe;2;ART Coverage;2023;;estimated_art_coverage_percent;Nodata                                                  ;;;;good;art_coverage_by_country_clean.csv;2025-06-30 12:28:07
554;15;Belgium;Europe;2;ART Coverage;2023;;estimated_living_with_hiv;Nodata                                     ;;;;good;art_coverage_by_country_clean.csv;2025-06-30 12:28:07
553;15;Belgium;Europe;2;ART Coverage;2023;;reported_receiving_art;Nodata                                  ;;;;good;art_coverage_by_country_clean.csv;2025-06-30 12:28:07
2935;15;Belgium;Europe;6;ART Pediatric Coverage;2023;;estimated_children_art_coverage_percent;Nodata                                    ;;;;good;art_pediatric_coverage_by_country_clean.csv;2025-06-30 12:28:07
2934;15;Belgium;Europe;6;ART Pediatric Coverage;2023;;estimated_children_needing_art;Nodata                                                        ;;;;good;art_pediatric_coverage_by_country_clean.csv;2025-06-30 12:28:07
2933;15;Belgium;Europe;6;ART Pediatric Coverage;2023;;reported_children_receiving_art;No data                                   ;;;;good;art_pediatric_coverage_by_country_clean.csv;2025-06-30 12:28:07
2735;15;Belgium;Europe;5;HIV Cases Adults 15-49;2000;;count;na              ;;;;good;no_of_cases_adults_15_to_49_by_country_clean.csv;2025-06-30 12:28:07
2565;15;Belgium;Europe;5;HIV Cases Adults 15-49;2005;;count;na              ;;;;good;no_of_cases_adults_15_to_49_by_country_clean.csv;2025-06-30 12:28:07
2395;15;Belgium;Europe;5;HIV Cases Adults 15-49;2010;;count;na              ;;;;good;no_of_cases_adults_15_to_49_by_country_clean.csv;2025-06-30 12:28:07
2225;15;Belgium;Europe;5;HIV Cases Adults 15-49;2018;;count;na              ;;;;good;no_of_cases_adults_15_to_49_by_country_clean.csv;2025-06-30 12:28:07
2055;15;Belgium;Europe;4;HIV-related Deaths;2000;;count;na                    ;;;;good;no_of_deaths_by_country_clean.csv;2025-06-30 12:28:07
1885;15;Belgium;Europe;4;HIV-related Deaths;2010;;count;na                    ;;;;good;no_of_deaths_by_country_clean.csv;2025-06-30 12:28:07
1715;15;Belgium;Europe;4;HIV-related Deaths;2018;;count;na                    ;;;;good;no_of_deaths_by_country_clean.csv;2025-06-30 12:28:07
1545;15;Belgium;Europe;3;People Living with HIV;2000;;count;na                       ;;;;good;no_of_people_living_with_hiv_by_country_clean.csv;2025-06-30 12:28:07
1375;15;Belgium;Europe;3;People Living with HIV;2005;;count;na                       ;;;;good;no_of_people_living_with_hiv_by_country_clean.csv;2025-06-30 12:28:07
1205;15;Belgium;Europe;3;People Living with HIV;2010;;count;na                       ;;;;good;no_of_people_living_with_hiv_by_country_clean.csv;2025-06-30 12:28:07
1035;15;Belgium;Europe;3;People Living with HIV;2018;;count;na                       ;;;;good;no_of_people_living_with_hiv_by_country_clean.csv;2025-06-30 12:28:07
44;15;Belgium;Europe;1;Prevention of Mother-to-Child Transmission;2023;;needing_antiretrovirals;Nodata                  ;;;;good;prevention_of_mother_to_child_transmission_by_country_clean.csv;2025-06-30 12:28:07
45;15;Belgium;Europe;1;Prevention of Mother-to-Child Transmission;2023;;percentage_received;Nodata              ;;;;good;prevention_of_mother_to_child_transmission_by_country_clean.csv;2025-06-30 12:28:07
43;15;Belgium;Europe;1;Prevention of Mother-to-Child Transmission;2023;;received_antiretrovirals;No data                  ;;;;good;prevention_of_mother_to_child_transmission_by_country_clean.csv;2025-06-30 12:28:07
558;16;Belize;Americas;2;ART Coverage;2023;28.0;estimated_art_coverage_percent;;26.0;31.0;28.0;good;art_coverage_by_country_clean.csv;2025-06-30 12:28:07
557;16;Belize;Americas;2;ART Coverage;2023;4900.0;estimated_living_with_hiv;;4400.0;5400.0;4900.0;good;art_coverage_by_country_clean.csv;2025-06-30 12:28:07
556;16;Belize;Americas;2;ART Coverage;2023;1400.0;reported_receiving_art;;;;;good;art_coverage_by_country_clean.csv;2025-06-30 12:28:07
2938;16;Belize;Americas;6;ART Pediatric Coverage;2023;34.0;estimated_children_art_coverage_percent;;31.0;38.0;34.0;good;art_pediatric_coverage_by_country_clean.csv;2025-06-30 12:28:07
2937;16;Belize;Americas;6;ART Pediatric Coverage;2023;200.0;estimated_children_needing_art;;200.0;200.0;200.0;good;art_pediatric_coverage_by_country_clean.csv;2025-06-30 12:28:07
2936;16;Belize;Americas;6;ART Pediatric Coverage;2023;60.0;reported_children_receiving_art;;;;;good;art_pediatric_coverage_by_country_clean.csv;2025-06-30 12:28:07
2736;16;Belize;Americas;5;HIV Cases Adults 15-49;2000;1.3;count;;1.2;1.4;1.3;good;no_of_cases_adults_15_to_49_by_country_clean.csv;2025-06-30 12:28:07
2566;16;Belize;Americas;5;HIV Cases Adults 15-49;2005;1.7;count;;1.5;1.9;1.7;good;no_of_cases_adults_15_to_49_by_country_clean.csv;2025-06-30 12:28:07
2396;16;Belize;Americas;5;HIV Cases Adults 15-49;2010;1.9;count;;1.7;2.1;1.9;good;no_of_cases_adults_15_to_49_by_country_clean.csv;2025-06-30 12:28:07
2226;16;Belize;Americas;5;HIV Cases Adults 15-49;2018;1.9;count;;1.7;2.1;1.9;good;no_of_cases_adults_15_to_49_by_country_clean.csv;2025-06-30 12:28:07
2056;16;Belize;Americas;4;HIV-related Deaths;2000;100.0;count;;100.0;100.0;100.0;good;no_of_deaths_by_country_clean.csv;2025-06-30 12:28:07
1886;16;Belize;Americas;4;HIV-related Deaths;2010;200.0;count;;100.0;200.0;200.0;good;no_of_deaths_by_country_clean.csv;2025-06-30 12:28:07
1716;16;Belize;Americas;4;HIV-related Deaths;2018;200.0;count;;200.0;500.0;200.0;good;no_of_deaths_by_country_clean.csv;2025-06-30 12:28:07
1546;16;Belize;Americas;3;People Living with HIV;2000;1700.0;count;;1600.0;1800.0;1700.0;good;no_of_people_living_with_hiv_by_country_clean.csv;2025-06-30 12:28:07
1376;16;Belize;Americas;3;People Living with HIV;2005;2800.0;count;;2600.0;3100.0;2800.0;good;no_of_people_living_with_hiv_by_country_clean.csv;2025-06-30 12:28:07
1206;16;Belize;Americas;3;People Living with HIV;2010;3700.0;count;;3400.0;4100.0;3700.0;good;no_of_people_living_with_hiv_by_country_clean.csv;2025-06-30 12:28:07
1036;16;Belize;Americas;3;People Living with HIV;2018;4900.0;count;;4400.0;5400.0;4900.0;good;no_of_people_living_with_hiv_by_country_clean.csv;2025-06-30 12:28:07
47;16;Belize;Americas;1;Prevention of Mother-to-Child Transmission;2023;100.0;needing_antiretrovirals;;100.0;200.0;100.0;good;prevention_of_mother_to_child_transmission_by_country_clean.csv;2025-06-30 12:28:07
48;16;Belize;Americas;1;Prevention of Mother-to-Child Transmission;2023;44.0;percentage_received;;39.0;49.0;44.0;good;prevention_of_mother_to_child_transmission_by_country_clean.csv;2025-06-30 12:28:07
46;16;Belize;Americas;1;Prevention of Mother-to-Child Transmission;2023;40.0;received_antiretrovirals;;;;;good;prevention_of_mother_to_child_transmission_by_country_clean.csv;2025-06-30 12:28:07
561;17;Benin;Africa;2;ART Coverage;2023;61.0;estimated_art_coverage_percent;;40.0;95.0;61.0;good;art_coverage_by_country_clean.csv;2025-06-30 12:28:07
560;17;Benin;Africa;2;ART Coverage;2023;73000.0;estimated_living_with_hiv;;48000.0;120000.0;73000.0;good;art_coverage_by_country_clean.csv;2025-06-30 12:28:07
559;17;Benin;Africa;2;ART Coverage;2023;44200.0;reported_receiving_art;;;;;good;art_coverage_by_country_clean.csv;2025-06-30 12:28:07
2941;17;Benin;Africa;6;ART Pediatric Coverage;2023;44.0;estimated_children_art_coverage_percent;;27.0;77.0;44.0;good;art_pediatric_coverage_by_country_clean.csv;2025-06-30 12:28:07
2940;17;Benin;Africa;6;ART Pediatric Coverage;2023;4600.0;estimated_children_needing_art;;2800.0;8000.0;4600.0;good;art_pediatric_coverage_by_country_clean.csv;2025-06-30 12:28:07
2939;17;Benin;Africa;6;ART Pediatric Coverage;2023;2000.0;reported_children_receiving_art;;;;;good;art_pediatric_coverage_by_country_clean.csv;2025-06-30 12:28:07
2737;17;Benin;Africa;5;HIV Cases Adults 15-49;2000;1.3;count;;0.9;2.2;1.3;good;no_of_cases_adults_15_to_49_by_country_clean.csv;2025-06-30 12:28:07
2567;17;Benin;Africa;5;HIV Cases Adults 15-49;2005;1.3;count;;0.8;2.1;1.3;good;no_of_cases_adults_15_to_49_by_country_clean.csv;2025-06-30 12:28:07
2397;17;Benin;Africa;5;HIV Cases Adults 15-49;2010;1.1;count;;0.7;1.8;1.1;good;no_of_cases_adults_15_to_49_by_country_clean.csv;2025-06-30 12:28:07
2227;17;Benin;Africa;5;HIV Cases Adults 15-49;2018;1.0;count;;0.7;1.7;1.0;good;no_of_cases_adults_15_to_49_by_country_clean.csv;2025-06-30 12:28:07
2057;17;Benin;Africa;4;HIV-related Deaths;2000;2400.0;count;;1200.0;4900.0;2400.0;good;no_of_deaths_by_country_clean.csv;2025-06-30 12:28:07
1887;17;Benin;Africa;4;HIV-related Deaths;2010;2000.0;count;;980.0;4100.0;2000.0;good;no_of_deaths_by_country_clean.csv;2025-06-30 12:28:07
1717;17;Benin;Africa;4;HIV-related Deaths;2018;2200.0;count;;1100.0;4400.0;2200.0;good;no_of_deaths_by_country_clean.csv;2025-06-30 12:28:07
1547;17;Benin;Africa;3;People Living with HIV;2000;47000.0;count;;31000.0;75000.0;47000.0;good;no_of_people_living_with_hiv_by_country_clean.csv;2025-06-30 12:28:07
1377;17;Benin;Africa;3;People Living with HIV;2005;56000.0;count;;37000.0;90000.0;56000.0;good;no_of_people_living_with_hiv_by_country_clean.csv;2025-06-30 12:28:07
1207;17;Benin;Africa;3;People Living with HIV;2010;61000.0;count;;41000.0;98000.0;61000.0;good;no_of_people_living_with_hiv_by_country_clean.csv;2025-06-30 12:28:07
1037;17;Benin;Africa;3;People Living with HIV;2018;73000.0;count;;48000.0;120000.0;73000.0;good;no_of_people_living_with_hiv_by_country_clean.csv;2025-06-30 12:28:07
50;17;Benin;Africa;1;Prevention of Mother-to-Child Transmission;2023;2600.0;needing_antiretrovirals;;1600.0;4300.0;2600.0;good;prevention_of_mother_to_child_transmission_by_country_clean.csv;2025-06-30 12:28:07
51;17;Benin;Africa;1;Prevention of Mother-to-Child Transmission;2023;95.0;percentage_received;;95.0;95.0;95.0;good;prevention_of_mother_to_child_transmission_by_country_clean.csv;2025-06-30 12:28:07
49;17;Benin;Africa;1;Prevention of Mother-to-Child Transmission;2023;4600.0;received_antiretrovirals;;;;;good;prevention_of_mother_to_child_transmission_by_country_clean.csv;2025-06-30 12:28:07
564;18;Bhutan;South-East Asia;2;ART Coverage;2023;37.0;estimated_art_coverage_percent;;20.0;78.0;37.0;good;art_coverage_by_country_clean.csv;2025-06-30 12:28:07
563;18;Bhutan;South-East Asia;2;ART Coverage;2023;1300.0;estimated_living_with_hiv;;700.0;2700.0;1300.0;good;art_coverage_by_country_clean.csv;2025-06-30 12:28:07
562;18;Bhutan;South-East Asia;2;ART Coverage;2023;480.0;reported_receiving_art;;;;;good;art_coverage_by_country_clean.csv;2025-06-30 12:28:07
2944;18;Bhutan;South-East Asia;6;ART Pediatric Coverage;2023;;estimated_children_art_coverage_percent;Nodata                                    ;;;;good;art_pediatric_coverage_by_country_clean.csv;2025-06-30 12:28:07
2943;18;Bhutan;South-East Asia;6;ART Pediatric Coverage;2023;;estimated_children_needing_art;Nodata                                                        ;;;;good;art_pediatric_coverage_by_country_clean.csv;2025-06-30 12:28:07
2942;18;Bhutan;South-East Asia;6;ART Pediatric Coverage;2023;;reported_children_receiving_art;No data                                   ;;;;good;art_pediatric_coverage_by_country_clean.csv;2025-06-30 12:28:07
2738;18;Bhutan;South-East Asia;5;HIV Cases Adults 15-49;2000;0.2;count;;0.1;0.3;0.2;good;no_of_cases_adults_15_to_49_by_country_clean.csv;2025-06-30 12:28:07
2568;18;Bhutan;South-East Asia;5;HIV Cases Adults 15-49;2005;0.3;count;;0.1;0.6;0.3;good;no_of_cases_adults_15_to_49_by_country_clean.csv;2025-06-30 12:28:07
2398;18;Bhutan;South-East Asia;5;HIV Cases Adults 15-49;2010;0.3;count;;0.1;0.6;0.3;good;no_of_cases_adults_15_to_49_by_country_clean.csv;2025-06-30 12:28:07
2228;18;Bhutan;South-East Asia;5;HIV Cases Adults 15-49;2018;0.3;count;;0.1;0.5;0.3;good;no_of_cases_adults_15_to_49_by_country_clean.csv;2025-06-30 12:28:07
2058;18;Bhutan;South-East Asia;4;HIV-related Deaths;2000;100.0;count;;100.0;100.0;100.0;good;no_of_deaths_by_country_clean.csv;2025-06-30 12:28:07
1888;18;Bhutan;South-East Asia;4;HIV-related Deaths;2010;100.0;count;;100.0;500.0;100.0;good;no_of_deaths_by_country_clean.csv;2025-06-30 12:28:07
1718;18;Bhutan;South-East Asia;4;HIV-related Deaths;2018;100.0;count;;100.0;200.0;100.0;good;no_of_deaths_by_country_clean.csv;2025-06-30 12:28:07
1548;18;Bhutan;South-East Asia;3;People Living with HIV;2000;530.0;count;;200.0;970.0;530.0;good;no_of_people_living_with_hiv_by_country_clean.csv;2025-06-30 12:28:07
1378;18;Bhutan;South-East Asia;3;People Living with HIV;2005;1100.0;count;;500.0;2000.0;1100.0;good;no_of_people_living_with_hiv_by_country_clean.csv;2025-06-30 12:28:07
1208;18;Bhutan;South-East Asia;3;People Living with HIV;2010;1300.0;count;;590.0;2700.0;1300.0;good;no_of_people_living_with_hiv_by_country_clean.csv;2025-06-30 12:28:07
1038;18;Bhutan;South-East Asia;3;People Living with HIV;2018;1300.0;count;;700.0;2700.0;1300.0;good;no_of_people_living_with_hiv_by_country_clean.csv;2025-06-30 12:28:07
53;18;Bhutan;South-East Asia;1;Prevention of Mother-to-Child Transmission;2023;;needing_antiretrovirals;Nodata                  ;;;;good;prevention_of_mother_to_child_transmission_by_country_clean.csv;2025-06-30 12:28:07
54;18;Bhutan;South-East Asia;1;Prevention of Mother-to-Child Transmission;2023;;percentage_received;Nodata              ;;;;good;prevention_of_mother_to_child_transmission_by_country_clean.csv;2025-06-30 12:28:07
52;18;Bhutan;South-East Asia;1;Prevention of Mother-to-Child Transmission;2023;;received_antiretrovirals;No data                  ;;;;good;prevention_of_mother_to_child_transmission_by_country_clean.csv;2025-06-30 12:28:07
567;19;Bolivia;Americas;2;ART Coverage;2023;44.0;estimated_art_coverage_percent;;40.0;48.0;44.0;good;art_coverage_by_country_clean.csv;2025-06-30 12:28:07
566;19;Bolivia;Americas;2;ART Coverage;2023;22000.0;estimated_living_with_hiv;;20000.0;24000.0;22000.0;good;art_coverage_by_country_clean.csv;2025-06-30 12:28:07
565;19;Bolivia;Americas;2;ART Coverage;2023;9900.0;reported_receiving_art;;;;;good;art_coverage_by_country_clean.csv;2025-06-30 12:28:07
2947;19;Bolivia;Americas;6;ART Pediatric Coverage;2023;40.0;estimated_children_art_coverage_percent;;37.0;43.0;40.0;good;art_pediatric_coverage_by_country_clean.csv;2025-06-30 12:28:07
2946;19;Bolivia;Americas;6;ART Pediatric Coverage;2023;620.0;estimated_children_needing_art;;560.0;670.0;620.0;good;art_pediatric_coverage_by_country_clean.csv;2025-06-30 12:28:07
2945;19;Bolivia;Americas;6;ART Pediatric Coverage;2023;250.0;reported_children_receiving_art;;;;;good;art_pediatric_coverage_by_country_clean.csv;2025-06-30 12:28:07
2739;19;Bolivia;Americas;5;HIV Cases Adults 15-49;2000;0.5;count;;0.5;0.5;0.5;good;no_of_cases_adults_15_to_49_by_country_clean.csv;2025-06-30 12:28:07
2569;19;Bolivia;Americas;5;HIV Cases Adults 15-49;2005;0.5;count;;0.5;0.5;0.5;good;no_of_cases_adults_15_to_49_by_country_clean.csv;2025-06-30 12:28:07
2399;19;Bolivia;Americas;5;HIV Cases Adults 15-49;2010;0.4;count;;0.3;0.4;0.4;good;no_of_cases_adults_15_to_49_by_country_clean.csv;2025-06-30 12:28:07
2229;19;Bolivia;Americas;5;HIV Cases Adults 15-49;2018;0.3;count;;0.3;0.3;0.3;good;no_of_cases_adults_15_to_49_by_country_clean.csv;2025-06-30 12:28:07
2059;19;Bolivia;Americas;4;HIV-related Deaths;2000;670.0;count;;500.0;830.0;670.0;good;no_of_deaths_by_country_clean.csv;2025-06-30 12:28:07
1889;19;Bolivia;Americas;4;HIV-related Deaths;2010;1600.0;count;;1500.0;1800.0;1600.0;good;no_of_deaths_by_country_clean.csv;2025-06-30 12:28:07
1719;19;Bolivia;Americas;4;HIV-related Deaths;2018;670.0;count;;550.0;760.0;670.0;good;no_of_deaths_by_country_clean.csv;2025-06-30 12:28:07
1549;19;Bolivia;Americas;3;People Living with HIV;2000;21000.0;count;;20000.0;23000.0;21000.0;good;no_of_people_living_with_hiv_by_country_clean.csv;2025-06-30 12:28:07
1379;19;Bolivia;Americas;3;People Living with HIV;2005;26000.0;count;;24000.0;28000.0;26000.0;good;no_of_people_living_with_hiv_by_country_clean.csv;2025-06-30 12:28:07
1209;19;Bolivia;Americas;3;People Living with HIV;2010;23000.0;count;;20000.0;25000.0;23000.0;good;no_of_people_living_with_hiv_by_country_clean.csv;2025-06-30 12:28:07
1039;19;Bolivia;Americas;3;People Living with HIV;2018;22000.0;count;;20000.0;24000.0;22000.0;good;no_of_people_living_with_hiv_by_country_clean.csv;2025-06-30 12:28:07
56;19;Bolivia;Americas;1;Prevention of Mother-to-Child Transmission;2023;500.0;needing_antiretrovirals;;500.0;500.0;500.0;good;prevention_of_mother_to_child_transmission_by_country_clean.csv;2025-06-30 12:28:07
57;19;Bolivia;Americas;1;Prevention of Mother-to-Child Transmission;2023;95.0;percentage_received;;95.0;95.0;95.0;good;prevention_of_mother_to_child_transmission_by_country_clean.csv;2025-06-30 12:28:07
55;19;Bolivia;Americas;1;Prevention of Mother-to-Child Transmission;2023;350.0;received_antiretrovirals;;;;;good;prevention_of_mother_to_child_transmission_by_country_clean.csv;2025-06-30 12:28:07
570;20;Bosnia and Herzegovina;Europe;2;ART Coverage;2023;67.0;estimated_art_coverage_percent;;57.0;78.0;67.0;good;art_coverage_by_country_clean.csv;2025-06-30 12:28:07
569;20;Bosnia and Herzegovina;Europe;2;ART Coverage;2023;500.0;estimated_living_with_hiv;;500.0;500.0;500.0;good;art_coverage_by_country_clean.csv;2025-06-30 12:28:07
568;20;Bosnia and Herzegovina;Europe;2;ART Coverage;2023;220.0;reported_receiving_art;;;;;good;art_coverage_by_country_clean.csv;2025-06-30 12:28:07
2950;20;Bosnia and Herzegovina;Europe;6;ART Pediatric Coverage;2023;;estimated_children_art_coverage_percent;Nodata                                    ;;;;good;art_pediatric_coverage_by_country_clean.csv;2025-06-30 12:28:07
2949;20;Bosnia and Herzegovina;Europe;6;ART Pediatric Coverage;2023;;estimated_children_needing_art;Nodata                                                        ;;;;good;art_pediatric_coverage_by_country_clean.csv;2025-06-30 12:28:07
2948;20;Bosnia and Herzegovina;Europe;6;ART Pediatric Coverage;2023;;reported_children_receiving_art;No data                                   ;;;;good;art_pediatric_coverage_by_country_clean.csv;2025-06-30 12:28:07
2740;20;Bosnia and Herzegovina;Europe;5;HIV Cases Adults 15-49;2000;0.1;count;;0.1;0.1;0.1;good;no_of_cases_adults_15_to_49_by_country_clean.csv;2025-06-30 12:28:07
2570;20;Bosnia and Herzegovina;Europe;5;HIV Cases Adults 15-49;2005;0.1;count;;0.1;0.1;0.1;good;no_of_cases_adults_15_to_49_by_country_clean.csv;2025-06-30 12:28:07
2400;20;Bosnia and Herzegovina;Europe;5;HIV Cases Adults 15-49;2010;0.1;count;;0.1;0.1;0.1;good;no_of_cases_adults_15_to_49_by_country_clean.csv;2025-06-30 12:28:07
2230;20;Bosnia and Herzegovina;Europe;5;HIV Cases Adults 15-49;2018;0.1;count;;0.1;0.1;0.1;good;no_of_cases_adults_15_to_49_by_country_clean.csv;2025-06-30 12:28:07
2060;20;Bosnia and Herzegovina;Europe;4;HIV-related Deaths;2000;100.0;count;;100.0;100.0;100.0;good;no_of_deaths_by_country_clean.csv;2025-06-30 12:28:07
1890;20;Bosnia and Herzegovina;Europe;4;HIV-related Deaths;2010;100.0;count;;100.0;100.0;100.0;good;no_of_deaths_by_country_clean.csv;2025-06-30 12:28:07
1720;20;Bosnia and Herzegovina;Europe;4;HIV-related Deaths;2018;100.0;count;;100.0;100.0;100.0;good;no_of_deaths_by_country_clean.csv;2025-06-30 12:28:07
1550;20;Bosnia and Herzegovina;Europe;3;People Living with HIV;2000;100.0;count;;100.0;100.0;100.0;good;no_of_people_living_with_hiv_by_country_clean.csv;2025-06-30 12:28:07
1380;20;Bosnia and Herzegovina;Europe;3;People Living with HIV;2005;200.0;count;;100.0;200.0;200.0;good;no_of_people_living_with_hiv_by_country_clean.csv;2025-06-30 12:28:07
1210;20;Bosnia and Herzegovina;Europe;3;People Living with HIV;2010;200.0;count;;200.0;200.0;200.0;good;no_of_people_living_with_hiv_by_country_clean.csv;2025-06-30 12:28:07
1040;20;Bosnia and Herzegovina;Europe;3;People Living with HIV;2018;500.0;count;;500.0;500.0;500.0;good;no_of_people_living_with_hiv_by_country_clean.csv;2025-06-30 12:28:07
59;20;Bosnia and Herzegovina;Europe;1;Prevention of Mother-to-Child Transmission;2023;;needing_antiretrovirals;Nodata                  ;;;;good;prevention_of_mother_to_child_transmission_by_country_clean.csv;2025-06-30 12:28:07
60;20;Bosnia and Herzegovina;Europe;1;Prevention of Mother-to-Child Transmission;2023;;percentage_received;Nodata              ;;;;good;prevention_of_mother_to_child_transmission_by_country_clean.csv;2025-06-30 12:28:07
58;20;Bosnia and Herzegovina;Europe;1;Prevention of Mother-to-Child Transmission;2023;;received_antiretrovirals;No data                  ;;;;good;prevention_of_mother_to_child_transmission_by_country_clean.csv;2025-06-30 12:28:07
573;21;Botswana;Africa;2;ART Coverage;2023;83.0;estimated_art_coverage_percent;;75.0;90.0;83.0;good;art_coverage_by_country_clean.csv;2025-06-30 12:28:07
572;21;Botswana;Africa;2;ART Coverage;2023;370000.0;estimated_living_with_hiv;;330000.0;400000.0;370000.0;good;art_coverage_by_country_clean.csv;2025-06-30 12:28:07
571;21;Botswana;Africa;2;ART Coverage;2023;307000.0;reported_receiving_art;;;;;good;art_coverage_by_country_clean.csv;2025-06-30 12:28:07
2953;21;Botswana;Africa;6;ART Pediatric Coverage;2023;38.0;estimated_children_art_coverage_percent;;28.0;46.0;38.0;good;art_pediatric_coverage_by_country_clean.csv;2025-06-30 12:28:07
2952;21;Botswana;Africa;6;ART Pediatric Coverage;2023;14000.0;estimated_children_needing_art;;10000.0;17000.0;14000.0;good;art_pediatric_coverage_by_country_clean.csv;2025-06-30 12:28:07
2951;21;Botswana;Africa;6;ART Pediatric Coverage;2023;5400.0;reported_children_receiving_art;;;;;good;art_pediatric_coverage_by_country_clean.csv;2025-06-30 12:28:07
2741;21;Botswana;Africa;5;HIV Cases Adults 15-49;2000;26.3;count;;25.1;27.2;26.3;good;no_of_cases_adults_15_to_49_by_country_clean.csv;2025-06-30 12:28:07
2571;21;Botswana;Africa;5;HIV Cases Adults 15-49;2005;24.6;count;;22.1;25.9;24.6;good;no_of_cases_adults_15_to_49_by_country_clean.csv;2025-06-30 12:28:07
2401;21;Botswana;Africa;5;HIV Cases Adults 15-49;2010;23.2;count;;20.9;24.8;23.2;good;no_of_cases_adults_15_to_49_by_country_clean.csv;2025-06-30 12:28:07
2231;21;Botswana;Africa;5;HIV Cases Adults 15-49;2018;20.3;count;;17.3;21.8;20.3;good;no_of_cases_adults_15_to_49_by_country_clean.csv;2025-06-30 12:28:07
2061;21;Botswana;Africa;4;HIV-related Deaths;2000;15000.0;count;;13000.0;18000.0;15000.0;good;no_of_deaths_by_country_clean.csv;2025-06-30 12:28:07
1891;21;Botswana;Africa;4;HIV-related Deaths;2010;7300.0;count;;6500.0;8000.0;7300.0;good;no_of_deaths_by_country_clean.csv;2025-06-30 12:28:07
1721;21;Botswana;Africa;4;HIV-related Deaths;2018;4800.0;count;;4100.0;5700.0;4800.0;good;no_of_deaths_by_country_clean.csv;2025-06-30 12:28:07
1551;21;Botswana;Africa;3;People Living with HIV;2000;280000.0;count;;270000.0;300000.0;280000.0;good;no_of_people_living_with_hiv_by_country_clean.csv;2025-06-30 12:28:07
1381;21;Botswana;Africa;3;People Living with HIV;2005;310000.0;count;;280000.0;330000.0;310000.0;good;no_of_people_living_with_hiv_by_country_clean.csv;2025-06-30 12:28:07
1211;21;Botswana;Africa;3;People Living with HIV;2010;340000.0;count;;300000.0;360000.0;340000.0;good;no_of_people_living_with_hiv_by_country_clean.csv;2025-06-30 12:28:07
1041;21;Botswana;Africa;3;People Living with HIV;2018;370000.0;count;;330000.0;400000.0;370000.0;good;no_of_people_living_with_hiv_by_country_clean.csv;2025-06-30 12:28:07
62;21;Botswana;Africa;1;Prevention of Mother-to-Child Transmission;2023;13000.0;needing_antiretrovirals;;10000.0;14000.0;13000.0;good;prevention_of_mother_to_child_transmission_by_country_clean.csv;2025-06-30 12:28:07
63;21;Botswana;Africa;1;Prevention of Mother-to-Child Transmission;2023;95.0;percentage_received;;77.0;95.0;95.0;good;prevention_of_mother_to_child_transmission_by_country_clean.csv;2025-06-30 12:28:07
61;21;Botswana;Africa;1;Prevention of Mother-to-Child Transmission;2023;12400.0;received_antiretrovirals;;;;;good;prevention_of_mother_to_child_transmission_by_country_clean.csv;2025-06-30 12:28:07
576;22;Brazil;Americas;2;ART Coverage;2023;66.0;estimated_art_coverage_percent;;51.0;82.0;66.0;good;art_coverage_by_country_clean.csv;2025-06-30 12:28:07
575;22;Brazil;Americas;2;ART Coverage;2023;900000.0;estimated_living_with_hiv;;690000.0;1100000.0;900000.0;good;art_coverage_by_country_clean.csv;2025-06-30 12:28:07
574;22;Brazil;Americas;2;ART Coverage;2023;593000.0;reported_receiving_art;;;;;good;art_coverage_by_country_clean.csv;2025-06-30 12:28:07
2956;22;Brazil;Americas;6;ART Pediatric Coverage;2023;;estimated_children_art_coverage_percent;Nodata                                    ;;;;good;art_pediatric_coverage_by_country_clean.csv;2025-06-30 12:28:07
2955;22;Brazil;Americas;6;ART Pediatric Coverage;2023;;estimated_children_needing_art;Nodata                                                        ;;;;good;art_pediatric_coverage_by_country_clean.csv;2025-06-30 12:28:07
2954;22;Brazil;Americas;6;ART Pediatric Coverage;2023;;reported_children_receiving_art;No data                                   ;;;;good;art_pediatric_coverage_by_country_clean.csv;2025-06-30 12:28:07
2742;22;Brazil;Americas;5;HIV Cases Adults 15-49;2000;0.4;count;;0.3;0.5;0.4;good;no_of_cases_adults_15_to_49_by_country_clean.csv;2025-06-30 12:28:07
2572;22;Brazil;Americas;5;HIV Cases Adults 15-49;2005;0.5;count;;0.3;0.6;0.5;good;no_of_cases_adults_15_to_49_by_country_clean.csv;2025-06-30 12:28:07
2402;22;Brazil;Americas;5;HIV Cases Adults 15-49;2010;0.5;count;;0.4;0.6;0.5;good;no_of_cases_adults_15_to_49_by_country_clean.csv;2025-06-30 12:28:07
2232;22;Brazil;Americas;5;HIV Cases Adults 15-49;2018;0.5;count;;0.4;0.7;0.5;good;no_of_cases_adults_15_to_49_by_country_clean.csv;2025-06-30 12:28:07
2062;22;Brazil;Americas;4;HIV-related Deaths;2000;15000.0;count;;11000.0;20000.0;15000.0;good;no_of_deaths_by_country_clean.csv;2025-06-30 12:28:07
1892;22;Brazil;Americas;4;HIV-related Deaths;2010;15000.0;count;;11000.0;19000.0;15000.0;good;no_of_deaths_by_country_clean.csv;2025-06-30 12:28:07
1722;22;Brazil;Americas;4;HIV-related Deaths;2018;15000.0;count;;11000.0;19000.0;15000.0;good;no_of_deaths_by_country_clean.csv;2025-06-30 12:28:07
1552;22;Brazil;Americas;3;People Living with HIV;2000;410000.0;count;;320000.0;510000.0;410000.0;good;no_of_people_living_with_hiv_by_country_clean.csv;2025-06-30 12:28:07
1382;22;Brazil;Americas;3;People Living with HIV;2005;550000.0;count;;420000.0;680000.0;550000.0;good;no_of_people_living_with_hiv_by_country_clean.csv;2025-06-30 12:28:07
1212;22;Brazil;Americas;3;People Living with HIV;2010;670000.0;count;;520000.0;830000.0;670000.0;good;no_of_people_living_with_hiv_by_country_clean.csv;2025-06-30 12:28:07
1042;22;Brazil;Americas;3;People Living with HIV;2018;900000.0;count;;690000.0;1100000.0;900000.0;good;no_of_people_living_with_hiv_by_country_clean.csv;2025-06-30 12:28:07
65;22;Brazil;Americas;1;Prevention of Mother-to-Child Transmission;2023;;needing_antiretrovirals;Nodata                  ;;;;good;prevention_of_mother_to_child_transmission_by_country_clean.csv;2025-06-30 12:28:07
66;22;Brazil;Americas;1;Prevention of Mother-to-Child Transmission;2023;;percentage_received;Nodata              ;;;;good;prevention_of_mother_to_child_transmission_by_country_clean.csv;2025-06-30 12:28:07
64;22;Brazil;Americas;1;Prevention of Mother-to-Child Transmission;2023;;received_antiretrovirals;No data                  ;;;;good;prevention_of_mother_to_child_transmission_by_country_clean.csv;2025-06-30 12:28:07
579;23;Brunei Darussalam;Western Pacific;2;ART Coverage;2023;;estimated_art_coverage_percent;Nodata                                                  ;;;;good;art_coverage_by_country_clean.csv;2025-06-30 12:28:07
578;23;Brunei Darussalam;Western Pacific;2;ART Coverage;2023;;estimated_living_with_hiv;Nodata                                     ;;;;good;art_coverage_by_country_clean.csv;2025-06-30 12:28:07
577;23;Brunei Darussalam;Western Pacific;2;ART Coverage;2023;150.0;reported_receiving_art;;;;;good;art_coverage_by_country_clean.csv;2025-06-30 12:28:07
2959;23;Brunei Darussalam;Western Pacific;6;ART Pediatric Coverage;2023;;estimated_children_art_coverage_percent;                                          ;;;;good;art_pediatric_coverage_by_country_clean.csv;2025-06-30 12:28:07
2958;23;Brunei Darussalam;Western Pacific;6;ART Pediatric Coverage;2023;;estimated_children_needing_art;Nodata                                                        ;;;;good;art_pediatric_coverage_by_country_clean.csv;2025-06-30 12:28:07
2957;23;Brunei Darussalam;Western Pacific;6;ART Pediatric Coverage;2023;0.0;reported_children_receiving_art;;;;;good;art_pediatric_coverage_by_country_clean.csv;2025-06-30 12:28:07
2743;23;Brunei Darussalam;Western Pacific;5;HIV Cases Adults 15-49;2000;;count;na              ;;;;good;no_of_cases_adults_15_to_49_by_country_clean.csv;2025-06-30 12:28:07
2573;23;Brunei Darussalam;Western Pacific;5;HIV Cases Adults 15-49;2005;;count;na              ;;;;good;no_of_cases_adults_15_to_49_by_country_clean.csv;2025-06-30 12:28:07
2403;23;Brunei Darussalam;Western Pacific;5;HIV Cases Adults 15-49;2010;;count;na              ;;;;good;no_of_cases_adults_15_to_49_by_country_clean.csv;2025-06-30 12:28:07
2233;23;Brunei Darussalam;Western Pacific;5;HIV Cases Adults 15-49;2018;;count;na              ;;;;good;no_of_cases_adults_15_to_49_by_country_clean.csv;2025-06-30 12:28:07
2063;23;Brunei Darussalam;Western Pacific;4;HIV-related Deaths;2000;;count;na                    ;;;;good;no_of_deaths_by_country_clean.csv;2025-06-30 12:28:07
1893;23;Brunei Darussalam;Western Pacific;4;HIV-related Deaths;2010;;count;na                    ;;;;good;no_of_deaths_by_country_clean.csv;2025-06-30 12:28:07
1723;23;Brunei Darussalam;Western Pacific;4;HIV-related Deaths;2018;;count;na                    ;;;;good;no_of_deaths_by_country_clean.csv;2025-06-30 12:28:07
1553;23;Brunei Darussalam;Western Pacific;3;People Living with HIV;2000;;count;na                       ;;;;good;no_of_people_living_with_hiv_by_country_clean.csv;2025-06-30 12:28:07
1383;23;Brunei Darussalam;Western Pacific;3;People Living with HIV;2005;;count;na                       ;;;;good;no_of_people_living_with_hiv_by_country_clean.csv;2025-06-30 12:28:07
1213;23;Brunei Darussalam;Western Pacific;3;People Living with HIV;2010;;count;na                       ;;;;good;no_of_people_living_with_hiv_by_country_clean.csv;2025-06-30 12:28:07
1043;23;Brunei Darussalam;Western Pacific;3;People Living with HIV;2018;;count;na                       ;;;;good;no_of_people_living_with_hiv_by_country_clean.csv;2025-06-30 12:28:07
68;23;Brunei Darussalam;Western Pacific;1;Prevention of Mother-to-Child Transmission;2023;;needing_antiretrovirals;Nodata                  ;;;;good;prevention_of_mother_to_child_transmission_by_country_clean.csv;2025-06-30 12:28:07
69;23;Brunei Darussalam;Western Pacific;1;Prevention of Mother-to-Child Transmission;2023;;percentage_received;                    ;;;;good;prevention_of_mother_to_child_transmission_by_country_clean.csv;2025-06-30 12:28:07
67;23;Brunei Darussalam;Western Pacific;1;Prevention of Mother-to-Child Transmission;2023;0.0;received_antiretrovirals;;;;;good;prevention_of_mother_to_child_transmission_by_country_clean.csv;2025-06-30 12:28:07
582;24;Bulgaria;Europe;2;ART Coverage;2023;41.0;estimated_art_coverage_percent;;35.0;48.0;41.0;good;art_coverage_by_country_clean.csv;2025-06-30 12:28:07
581;24;Bulgaria;Europe;2;ART Coverage;2023;3500.0;estimated_living_with_hiv;;3000.0;4100.0;3500.0;good;art_coverage_by_country_clean.csv;2025-06-30 12:28:07
580;24;Bulgaria;Europe;2;ART Coverage;2023;1500.0;reported_receiving_art;;;;;good;art_coverage_by_country_clean.csv;2025-06-30 12:28:07
2962;24;Bulgaria;Europe;6;ART Pediatric Coverage;2023;;estimated_children_art_coverage_percent;Nodata                                    ;;;;good;art_pediatric_coverage_by_country_clean.csv;2025-06-30 12:28:07
2961;24;Bulgaria;Europe;6;ART Pediatric Coverage;2023;;estimated_children_needing_art;Nodata                                                        ;;;;good;art_pediatric_coverage_by_country_clean.csv;2025-06-30 12:28:07
2960;24;Bulgaria;Europe;6;ART Pediatric Coverage;2023;;reported_children_receiving_art;No data                                   ;;;;good;art_pediatric_coverage_by_country_clean.csv;2025-06-30 12:28:07
2744;24;Bulgaria;Europe;5;HIV Cases Adults 15-49;2000;0.1;count;;0.1;0.1;0.1;good;no_of_cases_adults_15_to_49_by_country_clean.csv;2025-06-30 12:28:07
2574;24;Bulgaria;Europe;5;HIV Cases Adults 15-49;2005;0.1;count;;0.1;0.1;0.1;good;no_of_cases_adults_15_to_49_by_country_clean.csv;2025-06-30 12:28:07
2404;24;Bulgaria;Europe;5;HIV Cases Adults 15-49;2010;0.1;count;;0.1;0.1;0.1;good;no_of_cases_adults_15_to_49_by_country_clean.csv;2025-06-30 12:28:07
2234;24;Bulgaria;Europe;5;HIV Cases Adults 15-49;2018;0.1;count;;0.1;0.1;0.1;good;no_of_cases_adults_15_to_49_by_country_clean.csv;2025-06-30 12:28:07
2064;24;Bulgaria;Europe;4;HIV-related Deaths;2000;100.0;count;;100.0;100.0;100.0;good;no_of_deaths_by_country_clean.csv;2025-06-30 12:28:07
1894;24;Bulgaria;Europe;4;HIV-related Deaths;2010;100.0;count;;100.0;100.0;100.0;good;no_of_deaths_by_country_clean.csv;2025-06-30 12:28:07
1724;24;Bulgaria;Europe;4;HIV-related Deaths;2018;100.0;count;;100.0;100.0;100.0;good;no_of_deaths_by_country_clean.csv;2025-06-30 12:28:07
1554;24;Bulgaria;Europe;3;People Living with HIV;2000;500.0;count;;500.0;500.0;500.0;good;no_of_people_living_with_hiv_by_country_clean.csv;2025-06-30 12:28:07
1384;24;Bulgaria;Europe;3;People Living with HIV;2005;980.0;count;;910.0;1100.0;980.0;good;no_of_people_living_with_hiv_by_country_clean.csv;2025-06-30 12:28:07
1214;24;Bulgaria;Europe;3;People Living with HIV;2010;1700.0;count;;1600.0;1900.0;1700.0;good;no_of_people_living_with_hiv_by_country_clean.csv;2025-06-30 12:28:07
1044;24;Bulgaria;Europe;3;People Living with HIV;2018;3500.0;count;;3000.0;4100.0;3500.0;good;no_of_people_living_with_hiv_by_country_clean.csv;2025-06-30 12:28:07
71;24;Bulgaria;Europe;1;Prevention of Mother-to-Child Transmission;2023;;needing_antiretrovirals;Nodata                  ;;;;good;prevention_of_mother_to_child_transmission_by_country_clean.csv;2025-06-30 12:28:07
72;24;Bulgaria;Europe;1;Prevention of Mother-to-Child Transmission;2023;;percentage_received;Nodata              ;;;;good;prevention_of_mother_to_child_transmission_by_country_clean.csv;2025-06-30 12:28:07
70;24;Bulgaria;Europe;1;Prevention of Mother-to-Child Transmission;2023;;received_antiretrovirals;No data                  ;;;;good;prevention_of_mother_to_child_transmission_by_country_clean.csv;2025-06-30 12:28:07
585;25;Burkina Faso;Africa;2;ART Coverage;2023;62.0;estimated_art_coverage_percent;;50.0;75.0;62.0;good;art_coverage_by_country_clean.csv;2025-06-30 12:28:07
584;25;Burkina Faso;Africa;2;ART Coverage;2023;96000.0;estimated_living_with_hiv;;78000.0;120000.0;96000.0;good;art_coverage_by_country_clean.csv;2025-06-30 12:28:07
583;25;Burkina Faso;Africa;2;ART Coverage;2023;59300.0;reported_receiving_art;;;;;good;art_coverage_by_country_clean.csv;2025-06-30 12:28:07
2965;25;Burkina Faso;Africa;6;ART Pediatric Coverage;2023;21.0;estimated_children_art_coverage_percent;;15.0;29.0;21.0;good;art_pediatric_coverage_by_country_clean.csv;2025-06-30 12:28:07
2964;25;Burkina Faso;Africa;6;ART Pediatric Coverage;2023;9100.0;estimated_children_needing_art;;6300.0;12000.0;9100.0;good;art_pediatric_coverage_by_country_clean.csv;2025-06-30 12:28:07
2963;25;Burkina Faso;Africa;6;ART Pediatric Coverage;2023;1900.0;reported_children_receiving_art;;;;;good;art_pediatric_coverage_by_country_clean.csv;2025-06-30 12:28:07
2745;25;Burkina Faso;Africa;5;HIV Cases Adults 15-49;2000;2.1;count;;1.7;2.6;2.1;good;no_of_cases_adults_15_to_49_by_country_clean.csv;2025-06-30 12:28:07
2575;25;Burkina Faso;Africa;5;HIV Cases Adults 15-49;2005;1.5;count;;1.1;1.8;1.5;good;no_of_cases_adults_15_to_49_by_country_clean.csv;2025-06-30 12:28:07
2405;25;Burkina Faso;Africa;5;HIV Cases Adults 15-49;2010;1.2;count;;0.9;1.4;1.2;good;no_of_cases_adults_15_to_49_by_country_clean.csv;2025-06-30 12:28:07
2235;25;Burkina Faso;Africa;5;HIV Cases Adults 15-49;2018;0.7;count;;0.6;0.9;0.7;good;no_of_cases_adults_15_to_49_by_country_clean.csv;2025-06-30 12:28:07
2065;25;Burkina Faso;Africa;4;HIV-related Deaths;2000;12000.0;count;;9300.0;15000.0;12000.0;good;no_of_deaths_by_country_clean.csv;2025-06-30 12:28:07
1895;25;Burkina Faso;Africa;4;HIV-related Deaths;2010;4800.0;count;;3600.0;6300.0;4800.0;good;no_of_deaths_by_country_clean.csv;2025-06-30 12:28:07
1725;25;Burkina Faso;Africa;4;HIV-related Deaths;2018;3300.0;count;;2400.0;4400.0;3300.0;good;no_of_deaths_by_country_clean.csv;2025-06-30 12:28:07
1555;25;Burkina Faso;Africa;3;People Living with HIV;2000;140000.0;count;;110000.0;170000.0;140000.0;good;no_of_people_living_with_hiv_by_country_clean.csv;2025-06-30 12:28:07
1385;25;Burkina Faso;Africa;3;People Living with HIV;2005;120000.0;count;;95000.0;140000.0;120000.0;good;no_of_people_living_with_hiv_by_country_clean.csv;2025-06-30 12:28:07
1215;25;Burkina Faso;Africa;3;People Living with HIV;2010;110000.0;count;;88000.0;130000.0;110000.0;good;no_of_people_living_with_hiv_by_country_clean.csv;2025-06-30 12:28:07
1045;25;Burkina Faso;Africa;3;People Living with HIV;2018;96000.0;count;;78000.0;120000.0;96000.0;good;no_of_people_living_with_hiv_by_country_clean.csv;2025-06-30 12:28:07
74;25;Burkina Faso;Africa;1;Prevention of Mother-to-Child Transmission;2023;4900.0;needing_antiretrovirals;;3600.0;6100.0;4900.0;good;prevention_of_mother_to_child_transmission_by_country_clean.csv;2025-06-30 12:28:07
75;25;Burkina Faso;Africa;1;Prevention of Mother-to-Child Transmission;2023;95.0;percentage_received;;71.0;95.0;95.0;good;prevention_of_mother_to_child_transmission_by_country_clean.csv;2025-06-30 12:28:07
73;25;Burkina Faso;Africa;1;Prevention of Mother-to-Child Transmission;2023;4700.0;received_antiretrovirals;;;;;good;prevention_of_mother_to_child_transmission_by_country_clean.csv;2025-06-30 12:28:07
588;26;Burundi;Africa;2;ART Coverage;2023;80.0;estimated_art_coverage_percent;;69.0;94.0;80.0;good;art_coverage_by_country_clean.csv;2025-06-30 12:28:07
587;26;Burundi;Africa;2;ART Coverage;2023;82000.0;estimated_living_with_hiv;;71000.0;97000.0;82000.0;good;art_coverage_by_country_clean.csv;2025-06-30 12:28:07
586;26;Burundi;Africa;2;ART Coverage;2023;65500.0;reported_receiving_art;;;;;good;art_coverage_by_country_clean.csv;2025-06-30 12:28:07
2968;26;Burundi;Africa;6;ART Pediatric Coverage;2023;30.0;estimated_children_art_coverage_percent;;22.0;38.0;30.0;good;art_pediatric_coverage_by_country_clean.csv;2025-06-30 12:28:07
2967;26;Burundi;Africa;6;ART Pediatric Coverage;2023;11000.0;estimated_children_needing_art;;8000.0;14000.0;11000.0;good;art_pediatric_coverage_by_country_clean.csv;2025-06-30 12:28:07
2966;26;Burundi;Africa;6;ART Pediatric Coverage;2023;3400.0;reported_children_receiving_art;;;;;good;art_pediatric_coverage_by_country_clean.csv;2025-06-30 12:28:07
2746;26;Burundi;Africa;5;HIV Cases Adults 15-49;2000;3.3;count;;2.8;4.0;3.3;good;no_of_cases_adults_15_to_49_by_country_clean.csv;2025-06-30 12:28:07
2576;26;Burundi;Africa;5;HIV Cases Adults 15-49;2005;2.2;count;;1.7;2.6;2.2;good;no_of_cases_adults_15_to_49_by_country_clean.csv;2025-06-30 12:28:07
2406;26;Burundi;Africa;5;HIV Cases Adults 15-49;2010;1.6;count;;1.3;1.8;1.6;good;no_of_cases_adults_15_to_49_by_country_clean.csv;2025-06-30 12:28:07
2236;26;Burundi;Africa;5;HIV Cases Adults 15-49;2018;1.0;count;;0.9;1.2;1.0;good;no_of_cases_adults_15_to_49_by_country_clean.csv;2025-06-30 12:28:07
2066;26;Burundi;Africa;4;HIV-related Deaths;2000;11000.0;count;;7800.0;13000.0;11000.0;good;no_of_deaths_by_country_clean.csv;2025-06-30 12:28:07
1896;26;Burundi;Africa;4;HIV-related Deaths;2010;5200.0;count;;4100.0;6400.0;5200.0;good;no_of_deaths_by_country_clean.csv;2025-06-30 12:28:07
1726;26;Burundi;Africa;4;HIV-related Deaths;2018;1900.0;count;;1400.0;2500.0;1900.0;good;no_of_deaths_by_country_clean.csv;2025-06-30 12:28:07
1556;26;Burundi;Africa;3;People Living with HIV;2000;130000.0;count;;110000.0;150000.0;130000.0;good;no_of_people_living_with_hiv_by_country_clean.csv;2025-06-30 12:28:07
1386;26;Burundi;Africa;3;People Living with HIV;2005;110000.0;count;;88000.0;120000.0;110000.0;good;no_of_people_living_with_hiv_by_country_clean.csv;2025-06-30 12:28:07
1216;26;Burundi;Africa;3;People Living with HIV;2010;93000.0;count;;79000.0;110000.0;93000.0;good;no_of_people_living_with_hiv_by_country_clean.csv;2025-06-30 12:28:07
1046;26;Burundi;Africa;3;People Living with HIV;2018;82000.0;count;;71000.0;97000.0;82000.0;good;no_of_people_living_with_hiv_by_country_clean.csv;2025-06-30 12:28:07
77;26;Burundi;Africa;1;Prevention of Mother-to-Child Transmission;2023;5000.0;needing_antiretrovirals;;3800.0;6000.0;5000.0;good;prevention_of_mother_to_child_transmission_by_country_clean.csv;2025-06-30 12:28:07
78;26;Burundi;Africa;1;Prevention of Mother-to-Child Transmission;2023;80.0;percentage_received;;61.0;95.0;80.0;good;prevention_of_mother_to_child_transmission_by_country_clean.csv;2025-06-30 12:28:07
76;26;Burundi;Africa;1;Prevention of Mother-to-Child Transmission;2023;4000.0;received_antiretrovirals;;;;;good;prevention_of_mother_to_child_transmission_by_country_clean.csv;2025-06-30 12:28:07
591;27;Cabo Verde;Africa;2;ART Coverage;2023;89.0;estimated_art_coverage_percent;;75.0;95.0;89.0;good;art_coverage_by_country_clean.csv;2025-06-30 12:28:07
590;27;Cabo Verde;Africa;2;ART Coverage;2023;2400.0;estimated_living_with_hiv;;2100.0;2900.0;2400.0;good;art_coverage_by_country_clean.csv;2025-06-30 12:28:07
589;27;Cabo Verde;Africa;2;ART Coverage;2023;2200.0;reported_receiving_art;;;;;good;art_coverage_by_country_clean.csv;2025-06-30 12:28:07
2971;27;Cabo Verde;Africa;6;ART Pediatric Coverage;2023;;estimated_children_art_coverage_percent;Nodata                                    ;;;;good;art_pediatric_coverage_by_country_clean.csv;2025-06-30 12:28:07
2970;27;Cabo Verde;Africa;6;ART Pediatric Coverage;2023;;estimated_children_needing_art;Nodata                                                        ;;;;good;art_pediatric_coverage_by_country_clean.csv;2025-06-30 12:28:07
2969;27;Cabo Verde;Africa;6;ART Pediatric Coverage;2023;;reported_children_receiving_art;No data                                   ;;;;good;art_pediatric_coverage_by_country_clean.csv;2025-06-30 12:28:07
2747;27;Cabo Verde;Africa;5;HIV Cases Adults 15-49;2000;0.7;count;;0.5;1.1;0.7;good;no_of_cases_adults_15_to_49_by_country_clean.csv;2025-06-30 12:28:07
2577;27;Cabo Verde;Africa;5;HIV Cases Adults 15-49;2005;0.6;count;;0.5;1.0;0.6;good;no_of_cases_adults_15_to_49_by_country_clean.csv;2025-06-30 12:28:07
2407;27;Cabo Verde;Africa;5;HIV Cases Adults 15-49;2010;0.6;count;;0.5;0.8;0.6;good;no_of_cases_adults_15_to_49_by_country_clean.csv;2025-06-30 12:28:07
2237;27;Cabo Verde;Africa;5;HIV Cases Adults 15-49;2018;0.6;count;;0.5;0.7;0.6;good;no_of_cases_adults_15_to_49_by_country_clean.csv;2025-06-30 12:28:07
2067;27;Cabo Verde;Africa;4;HIV-related Deaths;2000;200.0;count;;100.0;200.0;200.0;good;no_of_deaths_by_country_clean.csv;2025-06-30 12:28:07
1897;27;Cabo Verde;Africa;4;HIV-related Deaths;2010;100.0;count;;100.0;100.0;100.0;good;no_of_deaths_by_country_clean.csv;2025-06-30 12:28:07
1727;27;Cabo Verde;Africa;4;HIV-related Deaths;2018;100.0;count;;100.0;100.0;100.0;good;no_of_deaths_by_country_clean.csv;2025-06-30 12:28:07
1557;27;Cabo Verde;Africa;3;People Living with HIV;2000;1600.0;count;;1200.0;2500.0;1600.0;good;no_of_people_living_with_hiv_by_country_clean.csv;2025-06-30 12:28:07
1387;27;Cabo Verde;Africa;3;People Living with HIV;2005;1800.0;count;;1400.0;2700.0;1800.0;good;no_of_people_living_with_hiv_by_country_clean.csv;2025-06-30 12:28:07
1217;27;Cabo Verde;Africa;3;People Living with HIV;2010;2100.0;count;;1700.0;2600.0;2100.0;good;no_of_people_living_with_hiv_by_country_clean.csv;2025-06-30 12:28:07
1047;27;Cabo Verde;Africa;3;People Living with HIV;2018;2400.0;count;;2100.0;2900.0;2400.0;good;no_of_people_living_with_hiv_by_country_clean.csv;2025-06-30 12:28:07
80;27;Cabo Verde;Africa;1;Prevention of Mother-to-Child Transmission;2023;;needing_antiretrovirals;Nodata                  ;;;;good;prevention_of_mother_to_child_transmission_by_country_clean.csv;2025-06-30 12:28:07
81;27;Cabo Verde;Africa;1;Prevention of Mother-to-Child Transmission;2023;;percentage_received;Nodata              ;;;;good;prevention_of_mother_to_child_transmission_by_country_clean.csv;2025-06-30 12:28:07
79;27;Cabo Verde;Africa;1;Prevention of Mother-to-Child Transmission;2023;;received_antiretrovirals;No data                  ;;;;good;prevention_of_mother_to_child_transmission_by_country_clean.csv;2025-06-30 12:28:07
594;28;Cambodia;Western Pacific;2;ART Coverage;2023;81.0;estimated_art_coverage_percent;;71.0;93.0;81.0;good;art_coverage_by_country_clean.csv;2025-06-30 12:28:07
593;28;Cambodia;Western Pacific;2;ART Coverage;2023;73000.0;estimated_living_with_hiv;;64000.0;84000.0;73000.0;good;art_coverage_by_country_clean.csv;2025-06-30 12:28:07
592;28;Cambodia;Western Pacific;2;ART Coverage;2023;59500.0;reported_receiving_art;;;;;good;art_coverage_by_country_clean.csv;2025-06-30 12:28:07
2974;28;Cambodia;Western Pacific;6;ART Pediatric Coverage;2023;92.0;estimated_children_art_coverage_percent;;78.0;95.0;92.0;good;art_pediatric_coverage_by_country_clean.csv;2025-06-30 12:28:07
2973;28;Cambodia;Western Pacific;6;ART Pediatric Coverage;2023;3300.0;estimated_children_needing_art;;2800.0;3900.0;3300.0;good;art_pediatric_coverage_by_country_clean.csv;2025-06-30 12:28:07
2972;28;Cambodia;Western Pacific;6;ART Pediatric Coverage;2023;3000.0;reported_children_receiving_art;;;;;good;art_pediatric_coverage_by_country_clean.csv;2025-06-30 12:28:07
2748;28;Cambodia;Western Pacific;5;HIV Cases Adults 15-49;2000;1.2;count;;1.1;1.4;1.2;good;no_of_cases_adults_15_to_49_by_country_clean.csv;2025-06-30 12:28:07
2578;28;Cambodia;Western Pacific;5;HIV Cases Adults 15-49;2005;1.0;count;;0.8;1.2;1.0;good;no_of_cases_adults_15_to_49_by_country_clean.csv;2025-06-30 12:28:07
2408;28;Cambodia;Western Pacific;5;HIV Cases Adults 15-49;2010;0.8;count;;0.7;1.0;0.8;good;no_of_cases_adults_15_to_49_by_country_clean.csv;2025-06-30 12:28:07
2238;28;Cambodia;Western Pacific;5;HIV Cases Adults 15-49;2018;0.5;count;;0.5;0.6;0.5;good;no_of_cases_adults_15_to_49_by_country_clean.csv;2025-06-30 12:28:07
2068;28;Cambodia;Western Pacific;4;HIV-related Deaths;2000;4500.0;count;;3200.0;5800.0;4500.0;good;no_of_deaths_by_country_clean.csv;2025-06-30 12:28:07
1898;28;Cambodia;Western Pacific;4;HIV-related Deaths;2010;2500.0;count;;1900.0;3400.0;2500.0;good;no_of_deaths_by_country_clean.csv;2025-06-30 12:28:07
1728;28;Cambodia;Western Pacific;4;HIV-related Deaths;2018;1300.0;count;;920.0;1900.0;1300.0;good;no_of_deaths_by_country_clean.csv;2025-06-30 12:28:07
1558;28;Cambodia;Western Pacific;3;People Living with HIV;2000;81000.0;count;;73000.0;91000.0;81000.0;good;no_of_people_living_with_hiv_by_country_clean.csv;2025-06-30 12:28:07
1388;28;Cambodia;Western Pacific;3;People Living with HIV;2005;82000.0;count;;70000.0;97000.0;82000.0;good;no_of_people_living_with_hiv_by_country_clean.csv;2025-06-30 12:28:07
1218;28;Cambodia;Western Pacific;3;People Living with HIV;2010;79000.0;count;;68000.0;93000.0;79000.0;good;no_of_people_living_with_hiv_by_country_clean.csv;2025-06-30 12:28:07
1048;28;Cambodia;Western Pacific;3;People Living with HIV;2018;73000.0;count;;64000.0;84000.0;73000.0;good;no_of_people_living_with_hiv_by_country_clean.csv;2025-06-30 12:28:07
83;28;Cambodia;Western Pacific;1;Prevention of Mother-to-Child Transmission;2023;730.0;needing_antiretrovirals;;600.0;850.0;730.0;good;prevention_of_mother_to_child_transmission_by_country_clean.csv;2025-06-30 12:28:07
84;28;Cambodia;Western Pacific;1;Prevention of Mother-to-Child Transmission;2023;85.0;percentage_received;;71.0;95.0;85.0;good;prevention_of_mother_to_child_transmission_by_country_clean.csv;2025-06-30 12:28:07
82;28;Cambodia;Western Pacific;1;Prevention of Mother-to-Child Transmission;2023;620.0;received_antiretrovirals;;;;;good;prevention_of_mother_to_child_transmission_by_country_clean.csv;2025-06-30 12:28:07
597;29;Cameroon;Africa;2;ART Coverage;2023;52.0;estimated_art_coverage_percent;;46.0;57.0;52.0;good;art_coverage_by_country_clean.csv;2025-06-30 12:28:07
596;29;Cameroon;Africa;2;ART Coverage;2023;540000.0;estimated_living_with_hiv;;470000.0;590000.0;540000.0;good;art_coverage_by_country_clean.csv;2025-06-30 12:28:07
595;29;Cameroon;Africa;2;ART Coverage;2023;281000.0;reported_receiving_art;;;;;good;art_coverage_by_country_clean.csv;2025-06-30 12:28:07
2977;29;Cameroon;Africa;6;ART Pediatric Coverage;2023;24.0;estimated_children_art_coverage_percent;;18.0;28.0;24.0;good;art_pediatric_coverage_by_country_clean.csv;2025-06-30 12:28:07
2976;29;Cameroon;Africa;6;ART Pediatric Coverage;2023;43000.0;estimated_children_needing_art;;33000.0;51000.0;43000.0;good;art_pediatric_coverage_by_country_clean.csv;2025-06-30 12:28:07
2975;29;Cameroon;Africa;6;ART Pediatric Coverage;2023;10300.0;reported_children_receiving_art;;;;;good;art_pediatric_coverage_by_country_clean.csv;2025-06-30 12:28:07
2749;29;Cameroon;Africa;5;HIV Cases Adults 15-49;2000;4.6;count;;4.3;4.9;4.6;good;no_of_cases_adults_15_to_49_by_country_clean.csv;2025-06-30 12:28:07
2579;29;Cameroon;Africa;5;HIV Cases Adults 15-49;2005;4.8;count;;4.3;5.1;4.8;good;no_of_cases_adults_15_to_49_by_country_clean.csv;2025-06-30 12:28:07
2409;29;Cameroon;Africa;5;HIV Cases Adults 15-49;2010;4.5;count;;3.9;4.9;4.5;good;no_of_cases_adults_15_to_49_by_country_clean.csv;2025-06-30 12:28:07
2239;29;Cameroon;Africa;5;HIV Cases Adults 15-49;2018;3.6;count;;3.1;4.0;3.6;good;no_of_cases_adults_15_to_49_by_country_clean.csv;2025-06-30 12:28:07
2069;29;Cameroon;Africa;4;HIV-related Deaths;2000;19000.0;count;;15000.0;24000.0;19000.0;good;no_of_deaths_by_country_clean.csv;2025-06-30 12:28:07
1899;29;Cameroon;Africa;4;HIV-related Deaths;2010;22000.0;count;;19000.0;25000.0;22000.0;good;no_of_deaths_by_country_clean.csv;2025-06-30 12:28:07
1729;29;Cameroon;Africa;4;HIV-related Deaths;2018;18000.0;count;;15000.0;21000.0;18000.0;good;no_of_deaths_by_country_clean.csv;2025-06-30 12:28:07
1559;29;Cameroon;Africa;3;People Living with HIV;2000;370000.0;count;;350000.0;410000.0;370000.0;good;no_of_people_living_with_hiv_by_country_clean.csv;2025-06-30 12:28:07
1389;29;Cameroon;Africa;3;People Living with HIV;2005;470000.0;count;;430000.0;500000.0;470000.0;good;no_of_people_living_with_hiv_by_country_clean.csv;2025-06-30 12:28:07
1219;29;Cameroon;Africa;3;People Living with HIV;2010;520000.0;count;;460000.0;560000.0;520000.0;good;no_of_people_living_with_hiv_by_country_clean.csv;2025-06-30 12:28:07
1049;29;Cameroon;Africa;3;People Living with HIV;2018;540000.0;count;;470000.0;590000.0;540000.0;good;no_of_people_living_with_hiv_by_country_clean.csv;2025-06-30 12:28:07
86;29;Cameroon;Africa;1;Prevention of Mother-to-Child Transmission;2023;27000.0;needing_antiretrovirals;;21000.0;32000.0;27000.0;good;prevention_of_mother_to_child_transmission_by_country_clean.csv;2025-06-30 12:28:07
87;29;Cameroon;Africa;1;Prevention of Mother-to-Child Transmission;2023;80.0;percentage_received;;61.0;94.0;80.0;good;prevention_of_mother_to_child_transmission_by_country_clean.csv;2025-06-30 12:28:07
85;29;Cameroon;Africa;1;Prevention of Mother-to-Child Transmission;2023;21700.0;received_antiretrovirals;;;;;good;prevention_of_mother_to_child_transmission_by_country_clean.csv;2025-06-30 12:28:07
600;30;Canada;Americas;2;ART Coverage;2023;;estimated_art_coverage_percent;Nodata                                                  ;;;;good;art_coverage_by_country_clean.csv;2025-06-30 12:28:07
599;30;Canada;Americas;2;ART Coverage;2023;;estimated_living_with_hiv;Nodata                                     ;;;;good;art_coverage_by_country_clean.csv;2025-06-30 12:28:07
598;30;Canada;Americas;2;ART Coverage;2023;;reported_receiving_art;Nodata                                  ;;;;good;art_coverage_by_country_clean.csv;2025-06-30 12:28:07
2980;30;Canada;Americas;6;ART Pediatric Coverage;2023;;estimated_children_art_coverage_percent;Nodata                                    ;;;;good;art_pediatric_coverage_by_country_clean.csv;2025-06-30 12:28:07
2979;30;Canada;Americas;6;ART Pediatric Coverage;2023;;estimated_children_needing_art;Nodata                                                        ;;;;good;art_pediatric_coverage_by_country_clean.csv;2025-06-30 12:28:07
2978;30;Canada;Americas;6;ART Pediatric Coverage;2023;;reported_children_receiving_art;No data                                   ;;;;good;art_pediatric_coverage_by_country_clean.csv;2025-06-30 12:28:07
2750;30;Canada;Americas;5;HIV Cases Adults 15-49;2000;;count;na              ;;;;good;no_of_cases_adults_15_to_49_by_country_clean.csv;2025-06-30 12:28:07
2580;30;Canada;Americas;5;HIV Cases Adults 15-49;2005;;count;na              ;;;;good;no_of_cases_adults_15_to_49_by_country_clean.csv;2025-06-30 12:28:07
2410;30;Canada;Americas;5;HIV Cases Adults 15-49;2010;;count;na              ;;;;good;no_of_cases_adults_15_to_49_by_country_clean.csv;2025-06-30 12:28:07
2240;30;Canada;Americas;5;HIV Cases Adults 15-49;2018;;count;na              ;;;;good;no_of_cases_adults_15_to_49_by_country_clean.csv;2025-06-30 12:28:07
2070;30;Canada;Americas;4;HIV-related Deaths;2000;;count;na                    ;;;;good;no_of_deaths_by_country_clean.csv;2025-06-30 12:28:07
1900;30;Canada;Americas;4;HIV-related Deaths;2010;;count;na                    ;;;;good;no_of_deaths_by_country_clean.csv;2025-06-30 12:28:07
1730;30;Canada;Americas;4;HIV-related Deaths;2018;;count;na                    ;;;;good;no_of_deaths_by_country_clean.csv;2025-06-30 12:28:07
1560;30;Canada;Americas;3;People Living with HIV;2000;;count;na                       ;;;;good;no_of_people_living_with_hiv_by_country_clean.csv;2025-06-30 12:28:07
1390;30;Canada;Americas;3;People Living with HIV;2005;;count;na                       ;;;;good;no_of_people_living_with_hiv_by_country_clean.csv;2025-06-30 12:28:07
1220;30;Canada;Americas;3;People Living with HIV;2010;;count;na                       ;;;;good;no_of_people_living_with_hiv_by_country_clean.csv;2025-06-30 12:28:07
1050;30;Canada;Americas;3;People Living with HIV;2018;;count;na                       ;;;;good;no_of_people_living_with_hiv_by_country_clean.csv;2025-06-30 12:28:07
89;30;Canada;Americas;1;Prevention of Mother-to-Child Transmission;2023;;needing_antiretrovirals;Nodata                  ;;;;good;prevention_of_mother_to_child_transmission_by_country_clean.csv;2025-06-30 12:28:07
90;30;Canada;Americas;1;Prevention of Mother-to-Child Transmission;2023;;percentage_received;Nodata              ;;;;good;prevention_of_mother_to_child_transmission_by_country_clean.csv;2025-06-30 12:28:07
88;30;Canada;Americas;1;Prevention of Mother-to-Child Transmission;2023;;received_antiretrovirals;No data                  ;;;;good;prevention_of_mother_to_child_transmission_by_country_clean.csv;2025-06-30 12:28:07
603;31;Central African Republic;Africa;2;ART Coverage;2023;36.0;estimated_art_coverage_percent;;30.0;45.0;36.0;good;art_coverage_by_country_clean.csv;2025-06-30 12:28:07
602;31;Central African Republic;Africa;2;ART Coverage;2023;110000.0;estimated_living_with_hiv;;90000.0;140000.0;110000.0;good;art_coverage_by_country_clean.csv;2025-06-30 12:28:07
601;31;Central African Republic;Africa;2;ART Coverage;2023;39600.0;reported_receiving_art;;;;;good;art_coverage_by_country_clean.csv;2025-06-30 12:28:07
2983;31;Central African Republic;Africa;6;ART Pediatric Coverage;2023;23.0;estimated_children_art_coverage_percent;;18.0;29.0;23.0;good;art_pediatric_coverage_by_country_clean.csv;2025-06-30 12:28:07
2982;31;Central African Republic;Africa;6;ART Pediatric Coverage;2023;11000.0;estimated_children_needing_art;;8200.0;14000.0;11000.0;good;art_pediatric_coverage_by_country_clean.csv;2025-06-30 12:28:07
2981;31;Central African Republic;Africa;6;ART Pediatric Coverage;2023;2500.0;reported_children_receiving_art;;;;;good;art_pediatric_coverage_by_country_clean.csv;2025-06-30 12:28:07
2751;31;Central African Republic;Africa;5;HIV Cases Adults 15-49;2000;7.2;count;;6.1;8.6;7.2;good;no_of_cases_adults_15_to_49_by_country_clean.csv;2025-06-30 12:28:07
2581;31;Central African Republic;Africa;5;HIV Cases Adults 15-49;2005;5.9;count;;4.9;7.0;5.9;good;no_of_cases_adults_15_to_49_by_country_clean.csv;2025-06-30 12:28:07
2411;31;Central African Republic;Africa;5;HIV Cases Adults 15-49;2010;5.0;count;;4.2;5.9;5.0;good;no_of_cases_adults_15_to_49_by_country_clean.csv;2025-06-30 12:28:07
2241;31;Central African Republic;Africa;5;HIV Cases Adults 15-49;2018;3.6;count;;2.9;4.5;3.6;good;no_of_cases_adults_15_to_49_by_country_clean.csv;2025-06-30 12:28:07
2071;31;Central African Republic;Africa;4;HIV-related Deaths;2000;11000.0;count;;8400.0;14000.0;11000.0;good;no_of_deaths_by_country_clean.csv;2025-06-30 12:28:07
1901;31;Central African Republic;Africa;4;HIV-related Deaths;2010;7800.0;count;;6400.0;9400.0;7800.0;good;no_of_deaths_by_country_clean.csv;2025-06-30 12:28:07
1731;31;Central African Republic;Africa;4;HIV-related Deaths;2018;4800.0;count;;3700.0;6400.0;4800.0;good;no_of_deaths_by_country_clean.csv;2025-06-30 12:28:07
1561;31;Central African Republic;Africa;3;People Living with HIV;2000;160000.0;count;;130000.0;190000.0;160000.0;good;no_of_people_living_with_hiv_by_country_clean.csv;2025-06-30 12:28:07
1391;31;Central African Republic;Africa;3;People Living with HIV;2005;150000.0;count;;130000.0;170000.0;150000.0;good;no_of_people_living_with_hiv_by_country_clean.csv;2025-06-30 12:28:07
1221;31;Central African Republic;Africa;3;People Living with HIV;2010;140000.0;count;;110000.0;160000.0;140000.0;good;no_of_people_living_with_hiv_by_country_clean.csv;2025-06-30 12:28:07
1051;31;Central African Republic;Africa;3;People Living with HIV;2018;110000.0;count;;90000.0;140000.0;110000.0;good;no_of_people_living_with_hiv_by_country_clean.csv;2025-06-30 12:28:07
92;31;Central African Republic;Africa;1;Prevention of Mother-to-Child Transmission;2023;4500.0;needing_antiretrovirals;;3300.0;5800.0;4500.0;good;prevention_of_mother_to_child_transmission_by_country_clean.csv;2025-06-30 12:28:07
93;31;Central African Republic;Africa;1;Prevention of Mother-to-Child Transmission;2023;71.0;percentage_received;;52.0;91.0;71.0;good;prevention_of_mother_to_child_transmission_by_country_clean.csv;2025-06-30 12:28:07
91;31;Central African Republic;Africa;1;Prevention of Mother-to-Child Transmission;2023;3200.0;received_antiretrovirals;;;;;good;prevention_of_mother_to_child_transmission_by_country_clean.csv;2025-06-30 12:28:07
606;32;Chad;Africa;2;ART Coverage;2023;51.0;estimated_art_coverage_percent;;40.0;63.0;51.0;good;art_coverage_by_country_clean.csv;2025-06-30 12:28:07
605;32;Chad;Africa;2;ART Coverage;2023;120000.0;estimated_living_with_hiv;;94000.0;150000.0;120000.0;good;art_coverage_by_country_clean.csv;2025-06-30 12:28:07
604;32;Chad;Africa;2;ART Coverage;2023;61400.0;reported_receiving_art;;;;;good;art_coverage_by_country_clean.csv;2025-06-30 12:28:07
2986;32;Chad;Africa;6;ART Pediatric Coverage;2023;16.0;estimated_children_art_coverage_percent;;11.0;22.0;16.0;good;art_pediatric_coverage_by_country_clean.csv;2025-06-30 12:28:07
2985;32;Chad;Africa;6;ART Pediatric Coverage;2023;16000.0;estimated_children_needing_art;;11000.0;21000.0;16000.0;good;art_pediatric_coverage_by_country_clean.csv;2025-06-30 12:28:07
2984;32;Chad;Africa;6;ART Pediatric Coverage;2023;2600.0;reported_children_receiving_art;;;;;good;art_pediatric_coverage_by_country_clean.csv;2025-06-30 12:28:07
2752;32;Chad;Africa;5;HIV Cases Adults 15-49;2000;1.8;count;;1.3;2.3;1.8;good;no_of_cases_adults_15_to_49_by_country_clean.csv;2025-06-30 12:28:07
2582;32;Chad;Africa;5;HIV Cases Adults 15-49;2005;1.5;count;;1.2;2.0;1.5;good;no_of_cases_adults_15_to_49_by_country_clean.csv;2025-06-30 12:28:07
2412;32;Chad;Africa;5;HIV Cases Adults 15-49;2010;1.5;count;;1.2;1.8;1.5;good;no_of_cases_adults_15_to_49_by_country_clean.csv;2025-06-30 12:28:07
2242;32;Chad;Africa;5;HIV Cases Adults 15-49;2018;1.3;count;;1.0;1.7;1.3;good;no_of_cases_adults_15_to_49_by_country_clean.csv;2025-06-30 12:28:07
2072;32;Chad;Africa;4;HIV-related Deaths;2000;5600.0;count;;3800.0;7700.0;5600.0;good;no_of_deaths_by_country_clean.csv;2025-06-30 12:28:07
1902;32;Chad;Africa;4;HIV-related Deaths;2010;3500.0;count;;2600.0;4800.0;3500.0;good;no_of_deaths_by_country_clean.csv;2025-06-30 12:28:07
1732;32;Chad;Africa;4;HIV-related Deaths;2018;3100.0;count;;2000.0;4500.0;3100.0;good;no_of_deaths_by_country_clean.csv;2025-06-30 12:28:07
1562;32;Chad;Africa;3;People Living with HIV;2000;80000.0;count;;60000.0;100000.0;80000.0;good;no_of_people_living_with_hiv_by_country_clean.csv;2025-06-30 12:28:07
1392;32;Chad;Africa;3;People Living with HIV;2005;88000.0;count;;69000.0;110000.0;88000.0;good;no_of_people_living_with_hiv_by_country_clean.csv;2025-06-30 12:28:07
1222;32;Chad;Africa;3;People Living with HIV;2010;99000.0;count;;80000.0;120000.0;99000.0;good;no_of_people_living_with_hiv_by_country_clean.csv;2025-06-30 12:28:07
1052;32;Chad;Africa;3;People Living with HIV;2018;120000.0;count;;94000.0;150000.0;120000.0;good;no_of_people_living_with_hiv_by_country_clean.csv;2025-06-30 12:28:07
95;32;Chad;Africa;1;Prevention of Mother-to-Child Transmission;2023;10000.0;needing_antiretrovirals;;7200.0;13000.0;10000.0;good;prevention_of_mother_to_child_transmission_by_country_clean.csv;2025-06-30 12:28:07
96;32;Chad;Africa;1;Prevention of Mother-to-Child Transmission;2023;56.0;percentage_received;;40.0;72.0;56.0;good;prevention_of_mother_to_child_transmission_by_country_clean.csv;2025-06-30 12:28:07
94;32;Chad;Africa;1;Prevention of Mother-to-Child Transmission;2023;5600.0;received_antiretrovirals;;;;;good;prevention_of_mother_to_child_transmission_by_country_clean.csv;2025-06-30 12:28:07
609;33;Chile;Americas;2;ART Coverage;2023;63.0;estimated_art_coverage_percent;;56.0;70.0;63.0;good;art_coverage_by_country_clean.csv;2025-06-30 12:28:07
608;33;Chile;Americas;2;ART Coverage;2023;71000.0;estimated_living_with_hiv;;63000.0;78000.0;71000.0;good;art_coverage_by_country_clean.csv;2025-06-30 12:28:07
607;33;Chile;Americas;2;ART Coverage;2023;45100.0;reported_receiving_art;;;;;good;art_coverage_by_country_clean.csv;2025-06-30 12:28:07
2989;33;Chile;Americas;6;ART Pediatric Coverage;2023;56.0;estimated_children_art_coverage_percent;;50.0;61.0;56.0;good;art_pediatric_coverage_by_country_clean.csv;2025-06-30 12:28:07
2988;33;Chile;Americas;6;ART Pediatric Coverage;2023;500.0;estimated_children_needing_art;;500.0;500.0;500.0;good;art_pediatric_coverage_by_country_clean.csv;2025-06-30 12:28:07
2987;33;Chile;Americas;6;ART Pediatric Coverage;2023;140.0;reported_children_receiving_art;;;;;good;art_pediatric_coverage_by_country_clean.csv;2025-06-30 12:28:07
2753;33;Chile;Americas;5;HIV Cases Adults 15-49;2000;0.2;count;;0.1;0.2;0.2;good;no_of_cases_adults_15_to_49_by_country_clean.csv;2025-06-30 12:28:07
2583;33;Chile;Americas;5;HIV Cases Adults 15-49;2005;0.2;count;;0.2;0.3;0.2;good;no_of_cases_adults_15_to_49_by_country_clean.csv;2025-06-30 12:28:07
2413;33;Chile;Americas;5;HIV Cases Adults 15-49;2010;0.4;count;;0.3;0.4;0.4;good;no_of_cases_adults_15_to_49_by_country_clean.csv;2025-06-30 12:28:07
2243;33;Chile;Americas;5;HIV Cases Adults 15-49;2018;0.5;count;;0.5;0.6;0.5;good;no_of_cases_adults_15_to_49_by_country_clean.csv;2025-06-30 12:28:07
2073;33;Chile;Americas;4;HIV-related Deaths;2000;;count;na                    ;;;;good;no_of_deaths_by_country_clean.csv;2025-06-30 12:28:07
1903;33;Chile;Americas;4;HIV-related Deaths;2010;;count;na                    ;;;;good;no_of_deaths_by_country_clean.csv;2025-06-30 12:28:07
1733;33;Chile;Americas;4;HIV-related Deaths;2018;590.0;count;;500.0;770.0;590.0;good;no_of_deaths_by_country_clean.csv;2025-06-30 12:28:07
1563;33;Chile;Americas;3;People Living with HIV;2000;14000.0;count;;13000.0;16000.0;14000.0;good;no_of_people_living_with_hiv_by_country_clean.csv;2025-06-30 12:28:07
1393;33;Chile;Americas;3;People Living with HIV;2005;25000.0;count;;22000.0;27000.0;25000.0;good;no_of_people_living_with_hiv_by_country_clean.csv;2025-06-30 12:28:07
1223;33;Chile;Americas;3;People Living with HIV;2010;39000.0;count;;34000.0;43000.0;39000.0;good;no_of_people_living_with_hiv_by_country_clean.csv;2025-06-30 12:28:07
1053;33;Chile;Americas;3;People Living with HIV;2018;71000.0;count;;63000.0;78000.0;71000.0;good;no_of_people_living_with_hiv_by_country_clean.csv;2025-06-30 12:28:07
98;33;Chile;Americas;1;Prevention of Mother-to-Child Transmission;2023;500.0;needing_antiretrovirals;;500.0;500.0;500.0;good;prevention_of_mother_to_child_transmission_by_country_clean.csv;2025-06-30 12:28:07
99;33;Chile;Americas;1;Prevention of Mother-to-Child Transmission;2023;95.0;percentage_received;;95.0;95.0;95.0;good;prevention_of_mother_to_child_transmission_by_country_clean.csv;2025-06-30 12:28:07
97;33;Chile;Americas;1;Prevention of Mother-to-Child Transmission;2023;370.0;received_antiretrovirals;;;;;good;prevention_of_mother_to_child_transmission_by_country_clean.csv;2025-06-30 12:28:07
612;34;China;Western Pacific;2;ART Coverage;2023;;estimated_art_coverage_percent;Nodata                                                  ;;;;good;art_coverage_by_country_clean.csv;2025-06-30 12:28:07
611;34;China;Western Pacific;2;ART Coverage;2023;;estimated_living_with_hiv;Nodata                                     ;;;;good;art_coverage_by_country_clean.csv;2025-06-30 12:28:07
610;34;China;Western Pacific;2;ART Coverage;2023;718000.0;reported_receiving_art;;;;;good;art_coverage_by_country_clean.csv;2025-06-30 12:28:07
2992;34;China;Western Pacific;6;ART Pediatric Coverage;2023;;estimated_children_art_coverage_percent;Nodata                                    ;;;;good;art_pediatric_coverage_by_country_clean.csv;2025-06-30 12:28:07
2991;34;China;Western Pacific;6;ART Pediatric Coverage;2023;;estimated_children_needing_art;Nodata                                                        ;;;;good;art_pediatric_coverage_by_country_clean.csv;2025-06-30 12:28:07
2990;34;China;Western Pacific;6;ART Pediatric Coverage;2023;6200.0;reported_children_receiving_art;;;;;good;art_pediatric_coverage_by_country_clean.csv;2025-06-30 12:28:07
2754;34;China;Western Pacific;5;HIV Cases Adults 15-49;2000;;count;na              ;;;;good;no_of_cases_adults_15_to_49_by_country_clean.csv;2025-06-30 12:28:07
2584;34;China;Western Pacific;5;HIV Cases Adults 15-49;2005;;count;na              ;;;;good;no_of_cases_adults_15_to_49_by_country_clean.csv;2025-06-30 12:28:07
2414;34;China;Western Pacific;5;HIV Cases Adults 15-49;2010;;count;na              ;;;;good;no_of_cases_adults_15_to_49_by_country_clean.csv;2025-06-30 12:28:07
2244;34;China;Western Pacific;5;HIV Cases Adults 15-49;2018;;count;na              ;;;;good;no_of_cases_adults_15_to_49_by_country_clean.csv;2025-06-30 12:28:07
2074;34;China;Western Pacific;4;HIV-related Deaths;2000;;count;na                    ;;;;good;no_of_deaths_by_country_clean.csv;2025-06-30 12:28:07
1904;34;China;Western Pacific;4;HIV-related Deaths;2010;;count;na                    ;;;;good;no_of_deaths_by_country_clean.csv;2025-06-30 12:28:07
1734;34;China;Western Pacific;4;HIV-related Deaths;2018;;count;na                    ;;;;good;no_of_deaths_by_country_clean.csv;2025-06-30 12:28:07
1564;34;China;Western Pacific;3;People Living with HIV;2000;;count;na                       ;;;;good;no_of_people_living_with_hiv_by_country_clean.csv;2025-06-30 12:28:07
1394;34;China;Western Pacific;3;People Living with HIV;2005;;count;na                       ;;;;good;no_of_people_living_with_hiv_by_country_clean.csv;2025-06-30 12:28:07
1224;34;China;Western Pacific;3;People Living with HIV;2010;;count;na                       ;;;;good;no_of_people_living_with_hiv_by_country_clean.csv;2025-06-30 12:28:07
1054;34;China;Western Pacific;3;People Living with HIV;2018;;count;na                       ;;;;good;no_of_people_living_with_hiv_by_country_clean.csv;2025-06-30 12:28:07
101;34;China;Western Pacific;1;Prevention of Mother-to-Child Transmission;2023;;needing_antiretrovirals;Nodata                  ;;;;good;prevention_of_mother_to_child_transmission_by_country_clean.csv;2025-06-30 12:28:07
102;34;China;Western Pacific;1;Prevention of Mother-to-Child Transmission;2023;;percentage_received;Nodata              ;;;;good;prevention_of_mother_to_child_transmission_by_country_clean.csv;2025-06-30 12:28:07
100;34;China;Western Pacific;1;Prevention of Mother-to-Child Transmission;2023;;received_antiretrovirals;No data                  ;;;;good;prevention_of_mother_to_child_transmission_by_country_clean.csv;2025-06-30 12:28:07
615;35;Colombia;Americas;2;ART Coverage;2023;73.0;estimated_art_coverage_percent;;60.0;86.0;73.0;good;art_coverage_by_country_clean.csv;2025-06-30 12:28:07
614;35;Colombia;Americas;2;ART Coverage;2023;160000.0;estimated_living_with_hiv;;130000.0;180000.0;160000.0;good;art_coverage_by_country_clean.csv;2025-06-30 12:28:07
613;35;Colombia;Americas;2;ART Coverage;2023;113000.0;reported_receiving_art;;;;;good;art_coverage_by_country_clean.csv;2025-06-30 12:28:07
2995;35;Colombia;Americas;6;ART Pediatric Coverage;2023;41.0;estimated_children_art_coverage_percent;;32.0;49.0;41.0;good;art_pediatric_coverage_by_country_clean.csv;2025-06-30 12:28:07
2994;35;Colombia;Americas;6;ART Pediatric Coverage;2023;3600.0;estimated_children_needing_art;;2900.0;4300.0;3600.0;good;art_pediatric_coverage_by_country_clean.csv;2025-06-30 12:28:07
2993;35;Colombia;Americas;6;ART Pediatric Coverage;2023;1500.0;reported_children_receiving_art;;;;;good;art_pediatric_coverage_by_country_clean.csv;2025-06-30 12:28:07
2755;35;Colombia;Americas;5;HIV Cases Adults 15-49;2000;0.4;count;;0.4;0.5;0.4;good;no_of_cases_adults_15_to_49_by_country_clean.csv;2025-06-30 12:28:07
2585;35;Colombia;Americas;5;HIV Cases Adults 15-49;2005;0.4;count;;0.3;0.5;0.4;good;no_of_cases_adults_15_to_49_by_country_clean.csv;2025-06-30 12:28:07
2415;35;Colombia;Americas;5;HIV Cases Adults 15-49;2010;0.4;count;;0.3;0.5;0.4;good;no_of_cases_adults_15_to_49_by_country_clean.csv;2025-06-30 12:28:07
2245;35;Colombia;Americas;5;HIV Cases Adults 15-49;2018;0.4;count;;0.3;0.5;0.4;good;no_of_cases_adults_15_to_49_by_country_clean.csv;2025-06-30 12:28:07
2075;35;Colombia;Americas;4;HIV-related Deaths;2000;;count;na                    ;;;;good;no_of_deaths_by_country_clean.csv;2025-06-30 12:28:07
1905;35;Colombia;Americas;4;HIV-related Deaths;2010;;count;na                    ;;;;good;no_of_deaths_by_country_clean.csv;2025-06-30 12:28:07
1735;35;Colombia;Americas;4;HIV-related Deaths;2018;;count;na                    ;;;;good;no_of_deaths_by_country_clean.csv;2025-06-30 12:28:07
1565;35;Colombia;Americas;3;People Living with HIV;2000;110000.0;count;;91000.0;130000.0;110000.0;good;no_of_people_living_with_hiv_by_country_clean.csv;2025-06-30 12:28:07
1395;35;Colombia;Americas;3;People Living with HIV;2005;120000.0;count;;98000.0;140000.0;120000.0;good;no_of_people_living_with_hiv_by_country_clean.csv;2025-06-30 12:28:07
1225;35;Colombia;Americas;3;People Living with HIV;2010;130000.0;count;;100000.0;150000.0;130000.0;good;no_of_people_living_with_hiv_by_country_clean.csv;2025-06-30 12:28:07
1055;35;Colombia;Americas;3;People Living with HIV;2018;160000.0;count;;130000.0;180000.0;160000.0;good;no_of_people_living_with_hiv_by_country_clean.csv;2025-06-30 12:28:07
104;35;Colombia;Americas;1;Prevention of Mother-to-Child Transmission;2023;2300.0;needing_antiretrovirals;;1900.0;2700.0;2300.0;good;prevention_of_mother_to_child_transmission_by_country_clean.csv;2025-06-30 12:28:07
105;35;Colombia;Americas;1;Prevention of Mother-to-Child Transmission;2023;21.0;percentage_received;;17.0;25.0;21.0;good;prevention_of_mother_to_child_transmission_by_country_clean.csv;2025-06-30 12:28:07
103;35;Colombia;Americas;1;Prevention of Mother-to-Child Transmission;2023;490.0;received_antiretrovirals;;;;;good;prevention_of_mother_to_child_transmission_by_country_clean.csv;2025-06-30 12:28:07
618;36;Comoros;Africa;2;ART Coverage;2023;79.0;estimated_art_coverage_percent;;39.0;95.0;79.0;good;art_coverage_by_country_clean.csv;2025-06-30 12:28:07
617;36;Comoros;Africa;2;ART Coverage;2023;200.0;estimated_living_with_hiv;;100.0;500.0;200.0;good;art_coverage_by_country_clean.csv;2025-06-30 12:28:07
616;36;Comoros;Africa;2;ART Coverage;2023;100.0;reported_receiving_art;;;;;good;art_coverage_by_country_clean.csv;2025-06-30 12:28:07
2998;36;Comoros;Africa;6;ART Pediatric Coverage;2023;;estimated_children_art_coverage_percent;Nodata                                    ;;;;good;art_pediatric_coverage_by_country_clean.csv;2025-06-30 12:28:07
2997;36;Comoros;Africa;6;ART Pediatric Coverage;2023;;estimated_children_needing_art;Nodata                                                        ;;;;good;art_pediatric_coverage_by_country_clean.csv;2025-06-30 12:28:07
2996;36;Comoros;Africa;6;ART Pediatric Coverage;2023;;reported_children_receiving_art;No data                                   ;;;;good;art_pediatric_coverage_by_country_clean.csv;2025-06-30 12:28:07
2756;36;Comoros;Africa;5;HIV Cases Adults 15-49;2000;0.1;count;;0.1;0.1;0.1;good;no_of_cases_adults_15_to_49_by_country_clean.csv;2025-06-30 12:28:07
2586;36;Comoros;Africa;5;HIV Cases Adults 15-49;2005;0.1;count;;0.1;0.1;0.1;good;no_of_cases_adults_15_to_49_by_country_clean.csv;2025-06-30 12:28:07
2416;36;Comoros;Africa;5;HIV Cases Adults 15-49;2010;0.1;count;;0.1;0.1;0.1;good;no_of_cases_adults_15_to_49_by_country_clean.csv;2025-06-30 12:28:07
2246;36;Comoros;Africa;5;HIV Cases Adults 15-49;2018;0.1;count;;0.1;0.1;0.1;good;no_of_cases_adults_15_to_49_by_country_clean.csv;2025-06-30 12:28:07
2076;36;Comoros;Africa;4;HIV-related Deaths;2000;100.0;count;;100.0;100.0;100.0;good;no_of_deaths_by_country_clean.csv;2025-06-30 12:28:07
1906;36;Comoros;Africa;4;HIV-related Deaths;2010;100.0;count;;100.0;100.0;100.0;good;no_of_deaths_by_country_clean.csv;2025-06-30 12:28:07
1736;36;Comoros;Africa;4;HIV-related Deaths;2018;100.0;count;;100.0;100.0;100.0;good;no_of_deaths_by_country_clean.csv;2025-06-30 12:28:07
1566;36;Comoros;Africa;3;People Living with HIV;2000;100.0;count;;100.0;100.0;100.0;good;no_of_people_living_with_hiv_by_country_clean.csv;2025-06-30 12:28:07
1396;36;Comoros;Africa;3;People Living with HIV;2005;100.0;count;;100.0;200.0;100.0;good;no_of_people_living_with_hiv_by_country_clean.csv;2025-06-30 12:28:07
1226;36;Comoros;Africa;3;People Living with HIV;2010;200.0;count;;100.0;500.0;200.0;good;no_of_people_living_with_hiv_by_country_clean.csv;2025-06-30 12:28:07
1056;36;Comoros;Africa;3;People Living with HIV;2018;200.0;count;;100.0;500.0;200.0;good;no_of_people_living_with_hiv_by_country_clean.csv;2025-06-30 12:28:07
107;36;Comoros;Africa;1;Prevention of Mother-to-Child Transmission;2023;;needing_antiretrovirals;Nodata                  ;;;;good;prevention_of_mother_to_child_transmission_by_country_clean.csv;2025-06-30 12:28:07
108;36;Comoros;Africa;1;Prevention of Mother-to-Child Transmission;2023;;percentage_received;Nodata              ;;;;good;prevention_of_mother_to_child_transmission_by_country_clean.csv;2025-06-30 12:28:07
106;36;Comoros;Africa;1;Prevention of Mother-to-Child Transmission;2023;0.0;received_antiretrovirals;;;;;good;prevention_of_mother_to_child_transmission_by_country_clean.csv;2025-06-30 12:28:07
621;37;Congo;Americas;2;ART Coverage;2023;35.0;estimated_art_coverage_percent;;27.0;46.0;35.0;good;art_coverage_by_country_clean.csv;2025-06-30 12:28:07
620;37;Congo;Americas;2;ART Coverage;2023;89000.0;estimated_living_with_hiv;;69000.0;120000.0;89000.0;good;art_coverage_by_country_clean.csv;2025-06-30 12:28:07
619;37;Congo;Americas;2;ART Coverage;2023;31200.0;reported_receiving_art;;;;;good;art_coverage_by_country_clean.csv;2025-06-30 12:28:07
3001;37;Congo;Americas;6;ART Pediatric Coverage;2023;25.0;estimated_children_art_coverage_percent;;19.0;33.0;25.0;good;art_pediatric_coverage_by_country_clean.csv;2025-06-30 12:28:07
3000;37;Congo;Americas;6;ART Pediatric Coverage;2023;7700.0;estimated_children_needing_art;;5800.0;10000.0;7700.0;good;art_pediatric_coverage_by_country_clean.csv;2025-06-30 12:28:07
2999;37;Congo;Americas;6;ART Pediatric Coverage;2023;2000.0;reported_children_receiving_art;;;;;good;art_pediatric_coverage_by_country_clean.csv;2025-06-30 12:28:07
2757;37;Congo;Americas;5;HIV Cases Adults 15-49;2000;4.2;count;;3.4;5.1;4.2;good;no_of_cases_adults_15_to_49_by_country_clean.csv;2025-06-30 12:28:07
2587;37;Congo;Americas;5;HIV Cases Adults 15-49;2005;3.5;count;;2.8;4.1;3.5;good;no_of_cases_adults_15_to_49_by_country_clean.csv;2025-06-30 12:28:07
2417;37;Congo;Americas;5;HIV Cases Adults 15-49;2010;3.1;count;;2.6;3.7;3.1;good;no_of_cases_adults_15_to_49_by_country_clean.csv;2025-06-30 12:28:07
2247;37;Congo;Americas;5;HIV Cases Adults 15-49;2018;2.6;count;;2.0;3.5;2.6;good;no_of_cases_adults_15_to_49_by_country_clean.csv;2025-06-30 12:28:07
2077;37;Congo;Americas;4;HIV-related Deaths;2000;6100.0;count;;4700.0;7800.0;6100.0;good;no_of_deaths_by_country_clean.csv;2025-06-30 12:28:07
1907;37;Congo;Americas;4;HIV-related Deaths;2010;3900.0;count;;3100.0;4800.0;3900.0;good;no_of_deaths_by_country_clean.csv;2025-06-30 12:28:07
1737;37;Congo;Americas;4;HIV-related Deaths;2018;4000.0;count;;2800.0;5400.0;4000.0;good;no_of_deaths_by_country_clean.csv;2025-06-30 12:28:07
1567;37;Congo;Americas;3;People Living with HIV;2000;80000.0;count;;64000.0;96000.0;80000.0;good;no_of_people_living_with_hiv_by_country_clean.csv;2025-06-30 12:28:07
1397;37;Congo;Americas;3;People Living with HIV;2005;77000.0;count;;63000.0;90000.0;77000.0;good;no_of_people_living_with_hiv_by_country_clean.csv;2025-06-30 12:28:07
1227;37;Congo;Americas;3;People Living with HIV;2010;82000.0;count;;69000.0;95000.0;82000.0;good;no_of_people_living_with_hiv_by_country_clean.csv;2025-06-30 12:28:07
1057;37;Congo;Americas;3;People Living with HIV;2018;89000.0;count;;69000.0;120000.0;89000.0;good;no_of_people_living_with_hiv_by_country_clean.csv;2025-06-30 12:28:07
110;37;Congo;Americas;1;Prevention of Mother-to-Child Transmission;2023;4100.0;needing_antiretrovirals;;2800.0;5800.0;4100.0;good;prevention_of_mother_to_child_transmission_by_country_clean.csv;2025-06-30 12:28:07
111;37;Congo;Americas;1;Prevention of Mother-to-Child Transmission;2023;25.0;percentage_received;;17.0;36.0;25.0;good;prevention_of_mother_to_child_transmission_by_country_clean.csv;2025-06-30 12:28:07
109;37;Congo;Americas;1;Prevention of Mother-to-Child Transmission;2023;1000.0;received_antiretrovirals;;;;;good;prevention_of_mother_to_child_transmission_by_country_clean.csv;2025-06-30 12:28:07
624;38;Costa Rica;Americas;2;ART Coverage;2023;49.0;estimated_art_coverage_percent;;44.0;54.0;49.0;good;art_coverage_by_country_clean.csv;2025-06-30 12:28:07
623;38;Costa Rica;Americas;2;ART Coverage;2023;15000.0;estimated_living_with_hiv;;13000.0;17000.0;15000.0;good;art_coverage_by_country_clean.csv;2025-06-30 12:28:07
622;38;Costa Rica;Americas;2;ART Coverage;2023;7200.0;reported_receiving_art;;;;;good;art_coverage_by_country_clean.csv;2025-06-30 12:28:07
3004;38;Costa Rica;Americas;6;ART Pediatric Coverage;2023;;estimated_children_art_coverage_percent;Nodata                                    ;;;;good;art_pediatric_coverage_by_country_clean.csv;2025-06-30 12:28:07
3003;38;Costa Rica;Americas;6;ART Pediatric Coverage;2023;;estimated_children_needing_art;Nodata                                                        ;;;;good;art_pediatric_coverage_by_country_clean.csv;2025-06-30 12:28:07
3002;38;Costa Rica;Americas;6;ART Pediatric Coverage;2023;;reported_children_receiving_art;No data                                   ;;;;good;art_pediatric_coverage_by_country_clean.csv;2025-06-30 12:28:07
2758;38;Costa Rica;Americas;5;HIV Cases Adults 15-49;2000;0.2;count;;0.2;0.2;0.2;good;no_of_cases_adults_15_to_49_by_country_clean.csv;2025-06-30 12:28:07
2588;38;Costa Rica;Americas;5;HIV Cases Adults 15-49;2005;0.2;count;;0.2;0.3;0.2;good;no_of_cases_adults_15_to_49_by_country_clean.csv;2025-06-30 12:28:07
2418;38;Costa Rica;Americas;5;HIV Cases Adults 15-49;2010;0.3;count;;0.3;0.3;0.3;good;no_of_cases_adults_15_to_49_by_country_clean.csv;2025-06-30 12:28:07
2248;38;Costa Rica;Americas;5;HIV Cases Adults 15-49;2018;0.4;count;;0.4;0.5;0.4;good;no_of_cases_adults_15_to_49_by_country_clean.csv;2025-06-30 12:28:07
2078;38;Costa Rica;Americas;4;HIV-related Deaths;2000;500.0;count;;500.0;500.0;500.0;good;no_of_deaths_by_country_clean.csv;2025-06-30 12:28:07
1908;38;Costa Rica;Americas;4;HIV-related Deaths;2010;500.0;count;;200.0;500.0;500.0;good;no_of_deaths_by_country_clean.csv;2025-06-30 12:28:07
1738;38;Costa Rica;Americas;4;HIV-related Deaths;2018;500.0;count;;200.0;500.0;500.0;good;no_of_deaths_by_country_clean.csv;2025-06-30 12:28:07
1568;38;Costa Rica;Americas;3;People Living with HIV;2000;4300.0;count;;3700.0;4700.0;4300.0;good;no_of_people_living_with_hiv_by_country_clean.csv;2025-06-30 12:28:07
1398;38;Costa Rica;Americas;3;People Living with HIV;2005;6500.0;count;;5800.0;7200.0;6500.0;good;no_of_people_living_with_hiv_by_country_clean.csv;2025-06-30 12:28:07
1228;38;Costa Rica;Americas;3;People Living with HIV;2010;9300.0;count;;8400.0;10000.0;9300.0;good;no_of_people_living_with_hiv_by_country_clean.csv;2025-06-30 12:28:07
1058;38;Costa Rica;Americas;3;People Living with HIV;2018;15000.0;count;;13000.0;17000.0;15000.0;good;no_of_people_living_with_hiv_by_country_clean.csv;2025-06-30 12:28:07
113;38;Costa Rica;Americas;1;Prevention of Mother-to-Child Transmission;2023;;needing_antiretrovirals;Nodata                  ;;;;good;prevention_of_mother_to_child_transmission_by_country_clean.csv;2025-06-30 12:28:07
114;38;Costa Rica;Americas;1;Prevention of Mother-to-Child Transmission;2023;;percentage_received;Nodata              ;;;;good;prevention_of_mother_to_child_transmission_by_country_clean.csv;2025-06-30 12:28:07
112;38;Costa Rica;Americas;1;Prevention of Mother-to-Child Transmission;2023;40.0;received_antiretrovirals;;;;;good;prevention_of_mother_to_child_transmission_by_country_clean.csv;2025-06-30 12:28:07
630;40;Croatia;Europe;2;ART Coverage;2023;75.0;estimated_art_coverage_percent;;67.0;83.0;75.0;good;art_coverage_by_country_clean.csv;2025-06-30 12:28:07
629;40;Croatia;Europe;2;ART Coverage;2023;1600.0;estimated_living_with_hiv;;1400.0;1700.0;1600.0;good;art_coverage_by_country_clean.csv;2025-06-30 12:28:07
628;40;Croatia;Europe;2;ART Coverage;2023;1200.0;reported_receiving_art;;;;;good;art_coverage_by_country_clean.csv;2025-06-30 12:28:07
3010;40;Croatia;Europe;6;ART Pediatric Coverage;2023;;estimated_children_art_coverage_percent;Nodata                                    ;;;;good;art_pediatric_coverage_by_country_clean.csv;2025-06-30 12:28:07
3009;40;Croatia;Europe;6;ART Pediatric Coverage;2023;;estimated_children_needing_art;Nodata                                                        ;;;;good;art_pediatric_coverage_by_country_clean.csv;2025-06-30 12:28:07
3008;40;Croatia;Europe;6;ART Pediatric Coverage;2023;;reported_children_receiving_art;No data                                   ;;;;good;art_pediatric_coverage_by_country_clean.csv;2025-06-30 12:28:07
2760;40;Croatia;Europe;5;HIV Cases Adults 15-49;2000;0.1;count;;0.1;0.1;0.1;good;no_of_cases_adults_15_to_49_by_country_clean.csv;2025-06-30 12:28:07
2590;40;Croatia;Europe;5;HIV Cases Adults 15-49;2005;0.1;count;;0.1;0.1;0.1;good;no_of_cases_adults_15_to_49_by_country_clean.csv;2025-06-30 12:28:07
2420;40;Croatia;Europe;5;HIV Cases Adults 15-49;2010;0.1;count;;0.1;0.1;0.1;good;no_of_cases_adults_15_to_49_by_country_clean.csv;2025-06-30 12:28:07
2250;40;Croatia;Europe;5;HIV Cases Adults 15-49;2018;0.1;count;;0.1;0.1;0.1;good;no_of_cases_adults_15_to_49_by_country_clean.csv;2025-06-30 12:28:07
2080;40;Croatia;Europe;4;HIV-related Deaths;2000;100.0;count;;100.0;100.0;100.0;good;no_of_deaths_by_country_clean.csv;2025-06-30 12:28:07
1910;40;Croatia;Europe;4;HIV-related Deaths;2010;100.0;count;;100.0;100.0;100.0;good;no_of_deaths_by_country_clean.csv;2025-06-30 12:28:07
1740;40;Croatia;Europe;4;HIV-related Deaths;2018;100.0;count;;100.0;100.0;100.0;good;no_of_deaths_by_country_clean.csv;2025-06-30 12:28:07
1570;40;Croatia;Europe;3;People Living with HIV;2000;500.0;count;;500.0;500.0;500.0;good;no_of_people_living_with_hiv_by_country_clean.csv;2025-06-30 12:28:07
1400;40;Croatia;Europe;3;People Living with HIV;2005;710.0;count;;630.0;800.0;710.0;good;no_of_people_living_with_hiv_by_country_clean.csv;2025-06-30 12:28:07
1230;40;Croatia;Europe;3;People Living with HIV;2010;1000.0;count;;930.0;1100.0;1000.0;good;no_of_people_living_with_hiv_by_country_clean.csv;2025-06-30 12:28:07
1060;40;Croatia;Europe;3;People Living with HIV;2018;1600.0;count;;1400.0;1700.0;1600.0;good;no_of_people_living_with_hiv_by_country_clean.csv;2025-06-30 12:28:07
119;40;Croatia;Europe;1;Prevention of Mother-to-Child Transmission;2023;;needing_antiretrovirals;Nodata                  ;;;;good;prevention_of_mother_to_child_transmission_by_country_clean.csv;2025-06-30 12:28:07
120;40;Croatia;Europe;1;Prevention of Mother-to-Child Transmission;2023;;percentage_received;Nodata              ;;;;good;prevention_of_mother_to_child_transmission_by_country_clean.csv;2025-06-30 12:28:07
118;40;Croatia;Europe;1;Prevention of Mother-to-Child Transmission;2023;;received_antiretrovirals;No data                  ;;;;good;prevention_of_mother_to_child_transmission_by_country_clean.csv;2025-06-30 12:28:07
633;41;Cuba;Americas;2;ART Coverage;2023;72.0;estimated_art_coverage_percent;;55.0;85.0;72.0;good;art_coverage_by_country_clean.csv;2025-06-30 12:28:07
632;41;Cuba;Americas;2;ART Coverage;2023;31000.0;estimated_living_with_hiv;;24000.0;37000.0;31000.0;good;art_coverage_by_country_clean.csv;2025-06-30 12:28:07
631;41;Cuba;Americas;2;ART Coverage;2023;21900.0;reported_receiving_art;;;;;good;art_coverage_by_country_clean.csv;2025-06-30 12:28:07
3013;41;Cuba;Americas;6;ART Pediatric Coverage;2023;34.0;estimated_children_art_coverage_percent;;23.0;46.0;34.0;good;art_pediatric_coverage_by_country_clean.csv;2025-06-30 12:28:07
3012;41;Cuba;Americas;6;ART Pediatric Coverage;2023;100.0;estimated_children_needing_art;;100.0;200.0;100.0;good;art_pediatric_coverage_by_country_clean.csv;2025-06-30 12:28:07
3011;41;Cuba;Americas;6;ART Pediatric Coverage;2023;30.0;reported_children_receiving_art;;;;;good;art_pediatric_coverage_by_country_clean.csv;2025-06-30 12:28:07
2761;41;Cuba;Americas;5;HIV Cases Adults 15-49;2000;0.1;count;;0.1;0.1;0.1;good;no_of_cases_adults_15_to_49_by_country_clean.csv;2025-06-30 12:28:07
2591;41;Cuba;Americas;5;HIV Cases Adults 15-49;2005;0.1;count;;0.1;0.2;0.1;good;no_of_cases_adults_15_to_49_by_country_clean.csv;2025-06-30 12:28:07
2421;41;Cuba;Americas;5;HIV Cases Adults 15-49;2010;0.2;count;;0.2;0.3;0.2;good;no_of_cases_adults_15_to_49_by_country_clean.csv;2025-06-30 12:28:07
2251;41;Cuba;Americas;5;HIV Cases Adults 15-49;2018;0.4;count;;0.3;0.5;0.4;good;no_of_cases_adults_15_to_49_by_country_clean.csv;2025-06-30 12:28:07
2081;41;Cuba;Americas;4;HIV-related Deaths;2000;200.0;count;;200.0;500.0;200.0;good;no_of_deaths_by_country_clean.csv;2025-06-30 12:28:07
1911;41;Cuba;Americas;4;HIV-related Deaths;2010;500.0;count;;200.0;500.0;500.0;good;no_of_deaths_by_country_clean.csv;2025-06-30 12:28:07
1741;41;Cuba;Americas;4;HIV-related Deaths;2018;500.0;count;;500.0;580.0;500.0;good;no_of_deaths_by_country_clean.csv;2025-06-30 12:28:07
1571;41;Cuba;Americas;3;People Living with HIV;2000;4100.0;count;;2900.0;5000.0;4100.0;good;no_of_people_living_with_hiv_by_country_clean.csv;2025-06-30 12:28:07
1401;41;Cuba;Americas;3;People Living with HIV;2005;9000.0;count;;6700.0;11000.0;9000.0;good;no_of_people_living_with_hiv_by_country_clean.csv;2025-06-30 12:28:07
1231;41;Cuba;Americas;3;People Living with HIV;2010;17000.0;count;;13000.0;21000.0;17000.0;good;no_of_people_living_with_hiv_by_country_clean.csv;2025-06-30 12:28:07
1061;41;Cuba;Americas;3;People Living with HIV;2018;31000.0;count;;24000.0;37000.0;31000.0;good;no_of_people_living_with_hiv_by_country_clean.csv;2025-06-30 12:28:07
122;41;Cuba;Americas;1;Prevention of Mother-to-Child Transmission;2023;200.0;needing_antiretrovirals;;200.0;200.0;200.0;good;prevention_of_mother_to_child_transmission_by_country_clean.csv;2025-06-30 12:28:07
123;41;Cuba;Americas;1;Prevention of Mother-to-Child Transmission;2023;95.0;percentage_received;;86.0;95.0;95.0;good;prevention_of_mother_to_child_transmission_by_country_clean.csv;2025-06-30 12:28:07
121;41;Cuba;Americas;1;Prevention of Mother-to-Child Transmission;2023;180.0;received_antiretrovirals;;;;;good;prevention_of_mother_to_child_transmission_by_country_clean.csv;2025-06-30 12:28:07
636;42;Cyprus;Europe;2;ART Coverage;2023;;estimated_art_coverage_percent;Nodata                                                  ;;;;good;art_coverage_by_country_clean.csv;2025-06-30 12:28:07
635;42;Cyprus;Europe;2;ART Coverage;2023;;estimated_living_with_hiv;Nodata                                     ;;;;good;art_coverage_by_country_clean.csv;2025-06-30 12:28:07
634;42;Cyprus;Europe;2;ART Coverage;2023;;reported_receiving_art;Nodata                                  ;;;;good;art_coverage_by_country_clean.csv;2025-06-30 12:28:07
3016;42;Cyprus;Europe;6;ART Pediatric Coverage;2023;;estimated_children_art_coverage_percent;Nodata                                    ;;;;good;art_pediatric_coverage_by_country_clean.csv;2025-06-30 12:28:07
3015;42;Cyprus;Europe;6;ART Pediatric Coverage;2023;;estimated_children_needing_art;Nodata                                                        ;;;;good;art_pediatric_coverage_by_country_clean.csv;2025-06-30 12:28:07
3014;42;Cyprus;Europe;6;ART Pediatric Coverage;2023;;reported_children_receiving_art;No data                                   ;;;;good;art_pediatric_coverage_by_country_clean.csv;2025-06-30 12:28:07
2762;42;Cyprus;Europe;5;HIV Cases Adults 15-49;2000;;count;na              ;;;;good;no_of_cases_adults_15_to_49_by_country_clean.csv;2025-06-30 12:28:07
2592;42;Cyprus;Europe;5;HIV Cases Adults 15-49;2005;;count;na              ;;;;good;no_of_cases_adults_15_to_49_by_country_clean.csv;2025-06-30 12:28:07
2422;42;Cyprus;Europe;5;HIV Cases Adults 15-49;2010;;count;na              ;;;;good;no_of_cases_adults_15_to_49_by_country_clean.csv;2025-06-30 12:28:07
2252;42;Cyprus;Europe;5;HIV Cases Adults 15-49;2018;;count;na              ;;;;good;no_of_cases_adults_15_to_49_by_country_clean.csv;2025-06-30 12:28:07
2082;42;Cyprus;Europe;4;HIV-related Deaths;2000;;count;na                    ;;;;good;no_of_deaths_by_country_clean.csv;2025-06-30 12:28:07
1912;42;Cyprus;Europe;4;HIV-related Deaths;2010;;count;na                    ;;;;good;no_of_deaths_by_country_clean.csv;2025-06-30 12:28:07
1742;42;Cyprus;Europe;4;HIV-related Deaths;2018;;count;na                    ;;;;good;no_of_deaths_by_country_clean.csv;2025-06-30 12:28:07
1572;42;Cyprus;Europe;3;People Living with HIV;2000;;count;na                       ;;;;good;no_of_people_living_with_hiv_by_country_clean.csv;2025-06-30 12:28:07
1402;42;Cyprus;Europe;3;People Living with HIV;2005;;count;na                       ;;;;good;no_of_people_living_with_hiv_by_country_clean.csv;2025-06-30 12:28:07
1232;42;Cyprus;Europe;3;People Living with HIV;2010;;count;na                       ;;;;good;no_of_people_living_with_hiv_by_country_clean.csv;2025-06-30 12:28:07
1062;42;Cyprus;Europe;3;People Living with HIV;2018;;count;na                       ;;;;good;no_of_people_living_with_hiv_by_country_clean.csv;2025-06-30 12:28:07
125;42;Cyprus;Europe;1;Prevention of Mother-to-Child Transmission;2023;;needing_antiretrovirals;Nodata                  ;;;;good;prevention_of_mother_to_child_transmission_by_country_clean.csv;2025-06-30 12:28:07
126;42;Cyprus;Europe;1;Prevention of Mother-to-Child Transmission;2023;;percentage_received;Nodata              ;;;;good;prevention_of_mother_to_child_transmission_by_country_clean.csv;2025-06-30 12:28:07
124;42;Cyprus;Europe;1;Prevention of Mother-to-Child Transmission;2023;;received_antiretrovirals;No data                  ;;;;good;prevention_of_mother_to_child_transmission_by_country_clean.csv;2025-06-30 12:28:07
639;43;Czechia;Europe;2;ART Coverage;2023;60.0;estimated_art_coverage_percent;;51.0;68.0;60.0;good;art_coverage_by_country_clean.csv;2025-06-30 12:28:07
638;43;Czechia;Europe;2;ART Coverage;2023;4400.0;estimated_living_with_hiv;;3700.0;5000.0;4400.0;good;art_coverage_by_country_clean.csv;2025-06-30 12:28:07
637;43;Czechia;Europe;2;ART Coverage;2023;2600.0;reported_receiving_art;;;;;good;art_coverage_by_country_clean.csv;2025-06-30 12:28:07
3019;43;Czechia;Europe;6;ART Pediatric Coverage;2023;;estimated_children_art_coverage_percent;Nodata                                    ;;;;good;art_pediatric_coverage_by_country_clean.csv;2025-06-30 12:28:07
3018;43;Czechia;Europe;6;ART Pediatric Coverage;2023;;estimated_children_needing_art;Nodata                                                        ;;;;good;art_pediatric_coverage_by_country_clean.csv;2025-06-30 12:28:07
3017;43;Czechia;Europe;6;ART Pediatric Coverage;2023;;reported_children_receiving_art;No data                                   ;;;;good;art_pediatric_coverage_by_country_clean.csv;2025-06-30 12:28:07
2763;43;Czechia;Europe;5;HIV Cases Adults 15-49;2000;0.1;count;;0.1;0.1;0.1;good;no_of_cases_adults_15_to_49_by_country_clean.csv;2025-06-30 12:28:07
2593;43;Czechia;Europe;5;HIV Cases Adults 15-49;2005;0.1;count;;0.1;0.1;0.1;good;no_of_cases_adults_15_to_49_by_country_clean.csv;2025-06-30 12:28:07
2423;43;Czechia;Europe;5;HIV Cases Adults 15-49;2010;0.1;count;;0.1;0.1;0.1;good;no_of_cases_adults_15_to_49_by_country_clean.csv;2025-06-30 12:28:07
2253;43;Czechia;Europe;5;HIV Cases Adults 15-49;2018;0.1;count;;0.1;0.1;0.1;good;no_of_cases_adults_15_to_49_by_country_clean.csv;2025-06-30 12:28:07
2083;43;Czechia;Europe;4;HIV-related Deaths;2000;100.0;count;;100.0;100.0;100.0;good;no_of_deaths_by_country_clean.csv;2025-06-30 12:28:07
1913;43;Czechia;Europe;4;HIV-related Deaths;2010;100.0;count;;100.0;100.0;100.0;good;no_of_deaths_by_country_clean.csv;2025-06-30 12:28:07
1743;43;Czechia;Europe;4;HIV-related Deaths;2018;100.0;count;;100.0;100.0;100.0;good;no_of_deaths_by_country_clean.csv;2025-06-30 12:28:07
1573;43;Czechia;Europe;3;People Living with HIV;2000;510.0;count;;500.0;580.0;510.0;good;no_of_people_living_with_hiv_by_country_clean.csv;2025-06-30 12:28:07
1403;43;Czechia;Europe;3;People Living with HIV;2005;970.0;count;;820.0;1100.0;970.0;good;no_of_people_living_with_hiv_by_country_clean.csv;2025-06-30 12:28:07
1233;43;Czechia;Europe;3;People Living with HIV;2010;1800.0;count;;1500.0;2000.0;1800.0;good;no_of_people_living_with_hiv_by_country_clean.csv;2025-06-30 12:28:07
1063;43;Czechia;Europe;3;People Living with HIV;2018;4400.0;count;;3700.0;5000.0;4400.0;good;no_of_people_living_with_hiv_by_country_clean.csv;2025-06-30 12:28:07
128;43;Czechia;Europe;1;Prevention of Mother-to-Child Transmission;2023;;needing_antiretrovirals;Nodata                  ;;;;good;prevention_of_mother_to_child_transmission_by_country_clean.csv;2025-06-30 12:28:07
129;43;Czechia;Europe;1;Prevention of Mother-to-Child Transmission;2023;;percentage_received;Nodata              ;;;;good;prevention_of_mother_to_child_transmission_by_country_clean.csv;2025-06-30 12:28:07
127;43;Czechia;Europe;1;Prevention of Mother-to-Child Transmission;2023;10.0;received_antiretrovirals;;;;;good;prevention_of_mother_to_child_transmission_by_country_clean.csv;2025-06-30 12:28:07
627;39;Côte d'Ivoire;Africa;2;ART Coverage;2023;55.0;estimated_art_coverage_percent;;44.0;70.0;55.0;good;art_coverage_by_country_clean.csv;2025-06-30 12:28:07
626;39;Côte d'Ivoire;Africa;2;ART Coverage;2023;460000.0;estimated_living_with_hiv;;360000.0;580000.0;460000.0;good;art_coverage_by_country_clean.csv;2025-06-30 12:28:07
625;39;Côte d'Ivoire;Africa;2;ART Coverage;2023;252000.0;reported_receiving_art;;;;;good;art_coverage_by_country_clean.csv;2025-06-30 12:28:07
3007;39;Côte d'Ivoire;Africa;6;ART Pediatric Coverage;2023;40.0;estimated_children_art_coverage_percent;;29.0;54.0;40.0;good;art_pediatric_coverage_by_country_clean.csv;2025-06-30 12:28:07
3006;39;Côte d'Ivoire;Africa;6;ART Pediatric Coverage;2023;31000.0;estimated_children_needing_art;;23000.0;41000.0;31000.0;good;art_pediatric_coverage_by_country_clean.csv;2025-06-30 12:28:07
3005;39;Côte d'Ivoire;Africa;6;ART Pediatric Coverage;2023;12300.0;reported_children_receiving_art;;;;;good;art_pediatric_coverage_by_country_clean.csv;2025-06-30 12:28:07
2759;39;Côte d'Ivoire;Africa;5;HIV Cases Adults 15-49;2000;5.6;count;;4.4;7.2;5.6;good;no_of_cases_adults_15_to_49_by_country_clean.csv;2025-06-30 12:28:07
2589;39;Côte d'Ivoire;Africa;5;HIV Cases Adults 15-49;2005;4.4;count;;3.4;5.6;4.4;good;no_of_cases_adults_15_to_49_by_country_clean.csv;2025-06-30 12:28:07
2419;39;Côte d'Ivoire;Africa;5;HIV Cases Adults 15-49;2010;3.6;count;;2.8;4.6;3.6;good;no_of_cases_adults_15_to_49_by_country_clean.csv;2025-06-30 12:28:07
2249;39;Côte d'Ivoire;Africa;5;HIV Cases Adults 15-49;2018;2.6;count;;2.0;3.3;2.6;good;no_of_cases_adults_15_to_49_by_country_clean.csv;2025-06-30 12:28:07
2079;39;Côte d'Ivoire;Africa;4;HIV-related Deaths;2000;44000.0;count;;32000.0;63000.0;44000.0;good;no_of_deaths_by_country_clean.csv;2025-06-30 12:28:07
1909;39;Côte d'Ivoire;Africa;4;HIV-related Deaths;2010;24000.0;count;;17000.0;34000.0;24000.0;good;no_of_deaths_by_country_clean.csv;2025-06-30 12:28:07
1739;39;Côte d'Ivoire;Africa;4;HIV-related Deaths;2018;16000.0;count;;11000.0;23000.0;16000.0;good;no_of_deaths_by_country_clean.csv;2025-06-30 12:28:07
1569;39;Côte d'Ivoire;Africa;3;People Living with HIV;2000;590000.0;count;;470000.0;740000.0;590000.0;good;no_of_people_living_with_hiv_by_country_clean.csv;2025-06-30 12:28:07
1399;39;Côte d'Ivoire;Africa;3;People Living with HIV;2005;510000.0;count;;410000.0;650000.0;510000.0;good;no_of_people_living_with_hiv_by_country_clean.csv;2025-06-30 12:28:07
1229;39;Côte d'Ivoire;Africa;3;People Living with HIV;2010;480000.0;count;;380000.0;610000.0;480000.0;good;no_of_people_living_with_hiv_by_country_clean.csv;2025-06-30 12:28:07
1059;39;Côte d'Ivoire;Africa;3;People Living with HIV;2018;460000.0;count;;360000.0;580000.0;460000.0;good;no_of_people_living_with_hiv_by_country_clean.csv;2025-06-30 12:28:07
116;39;Côte d'Ivoire;Africa;1;Prevention of Mother-to-Child Transmission;2023;18000.0;needing_antiretrovirals;;13000.0;24000.0;18000.0;good;prevention_of_mother_to_child_transmission_by_country_clean.csv;2025-06-30 12:28:07
117;39;Côte d'Ivoire;Africa;1;Prevention of Mother-to-Child Transmission;2023;90.0;percentage_received;;65.0;95.0;90.0;good;prevention_of_mother_to_child_transmission_by_country_clean.csv;2025-06-30 12:28:07
115;39;Côte d'Ivoire;Africa;1;Prevention of Mother-to-Child Transmission;2023;16500.0;received_antiretrovirals;;;;;good;prevention_of_mother_to_child_transmission_by_country_clean.csv;2025-06-30 12:28:07
645;45;DR Congo;Africa;2;ART Coverage;2023;57.0;estimated_art_coverage_percent;;47.0;67.0;57.0;good;art_coverage_by_country_clean.csv;2025-06-30 12:28:07
644;45;DR Congo;Africa;2;ART Coverage;2023;450000.0;estimated_living_with_hiv;;370000.0;530000.0;450000.0;good;art_coverage_by_country_clean.csv;2025-06-30 12:28:07
643;45;DR Congo;Africa;2;ART Coverage;2023;256000.0;reported_receiving_art;;;;;good;art_coverage_by_country_clean.csv;2025-06-30 12:28:07
3025;45;DR Congo;Africa;6;ART Pediatric Coverage;2023;25.0;estimated_children_art_coverage_percent;;20.0;30.0;25.0;good;art_pediatric_coverage_by_country_clean.csv;2025-06-30 12:28:07
3024;45;DR Congo;Africa;6;ART Pediatric Coverage;2023;64000.0;estimated_children_needing_art;;50000.0;76000.0;64000.0;good;art_pediatric_coverage_by_country_clean.csv;2025-06-30 12:28:07
3023;45;DR Congo;Africa;6;ART Pediatric Coverage;2023;16000.0;reported_children_receiving_art;;;;;good;art_pediatric_coverage_by_country_clean.csv;2025-06-30 12:28:07
2765;45;DR Congo;Africa;5;HIV Cases Adults 15-49;2000;1.8;count;;1.5;2.1;1.8;good;no_of_cases_adults_15_to_49_by_country_clean.csv;2025-06-30 12:28:07
2595;45;DR Congo;Africa;5;HIV Cases Adults 15-49;2005;1.4;count;;1.2;1.7;1.4;good;no_of_cases_adults_15_to_49_by_country_clean.csv;2025-06-30 12:28:07
2425;45;DR Congo;Africa;5;HIV Cases Adults 15-49;2010;1.1;count;;0.9;1.3;1.1;good;no_of_cases_adults_15_to_49_by_country_clean.csv;2025-06-30 12:28:07
2255;45;DR Congo;Africa;5;HIV Cases Adults 15-49;2018;0.8;count;;0.6;0.9;0.8;good;no_of_cases_adults_15_to_49_by_country_clean.csv;2025-06-30 12:28:07
2085;45;DR Congo;Africa;4;HIV-related Deaths;2000;43000.0;count;;35000.0;49000.0;43000.0;good;no_of_deaths_by_country_clean.csv;2025-06-30 12:28:07
1915;45;DR Congo;Africa;4;HIV-related Deaths;2010;34000.0;count;;27000.0;40000.0;34000.0;good;no_of_deaths_by_country_clean.csv;2025-06-30 12:28:07
1745;45;DR Congo;Africa;4;HIV-related Deaths;2018;13000.0;count;;10000.0;17000.0;13000.0;good;no_of_deaths_by_country_clean.csv;2025-06-30 12:28:07
1575;45;DR Congo;Africa;3;People Living with HIV;2000;540000.0;count;;470000.0;610000.0;540000.0;good;no_of_people_living_with_hiv_by_country_clean.csv;2025-06-30 12:28:07
1405;45;DR Congo;Africa;3;People Living with HIV;2005;510000.0;count;;430000.0;590000.0;510000.0;good;no_of_people_living_with_hiv_by_country_clean.csv;2025-06-30 12:28:07
1235;45;DR Congo;Africa;3;People Living with HIV;2010;480000.0;count;;400000.0;560000.0;480000.0;good;no_of_people_living_with_hiv_by_country_clean.csv;2025-06-30 12:28:07
1065;45;DR Congo;Africa;3;People Living with HIV;2018;450000.0;count;;370000.0;530000.0;450000.0;good;no_of_people_living_with_hiv_by_country_clean.csv;2025-06-30 12:28:07
134;45;DR Congo;Africa;1;Prevention of Mother-to-Child Transmission;2023;26000.0;needing_antiretrovirals;;20000.0;31000.0;26000.0;good;prevention_of_mother_to_child_transmission_by_country_clean.csv;2025-06-30 12:28:07
135;45;DR Congo;Africa;1;Prevention of Mother-to-Child Transmission;2023;44.0;percentage_received;;33.0;52.0;44.0;good;prevention_of_mother_to_child_transmission_by_country_clean.csv;2025-06-30 12:28:07
133;45;DR Congo;Africa;1;Prevention of Mother-to-Child Transmission;2023;11400.0;received_antiretrovirals;;;;;good;prevention_of_mother_to_child_transmission_by_country_clean.csv;2025-06-30 12:28:07
648;46;Denmark;Europe;2;ART Coverage;2023;89.0;estimated_art_coverage_percent;;79.0;95.0;89.0;good;art_coverage_by_country_clean.csv;2025-06-30 12:28:07
647;46;Denmark;Europe;2;ART Coverage;2023;6200.0;estimated_living_with_hiv;;5600.0;7000.0;6200.0;good;art_coverage_by_country_clean.csv;2025-06-30 12:28:07
646;46;Denmark;Europe;2;ART Coverage;2023;5500.0;reported_receiving_art;;;;;good;art_coverage_by_country_clean.csv;2025-06-30 12:28:07
3028;46;Denmark;Europe;6;ART Pediatric Coverage;2023;;estimated_children_art_coverage_percent;Nodata                                    ;;;;good;art_pediatric_coverage_by_country_clean.csv;2025-06-30 12:28:07
3027;46;Denmark;Europe;6;ART Pediatric Coverage;2023;;estimated_children_needing_art;Nodata                                                        ;;;;good;art_pediatric_coverage_by_country_clean.csv;2025-06-30 12:28:07
3026;46;Denmark;Europe;6;ART Pediatric Coverage;2023;;reported_children_receiving_art;No data                                   ;;;;good;art_pediatric_coverage_by_country_clean.csv;2025-06-30 12:28:07
2766;46;Denmark;Europe;5;HIV Cases Adults 15-49;2000;0.1;count;;0.1;0.1;0.1;good;no_of_cases_adults_15_to_49_by_country_clean.csv;2025-06-30 12:28:07
2596;46;Denmark;Europe;5;HIV Cases Adults 15-49;2005;0.1;count;;0.1;0.2;0.1;good;no_of_cases_adults_15_to_49_by_country_clean.csv;2025-06-30 12:28:07
2426;46;Denmark;Europe;5;HIV Cases Adults 15-49;2010;0.1;count;;0.1;0.2;0.1;good;no_of_cases_adults_15_to_49_by_country_clean.csv;2025-06-30 12:28:07
2256;46;Denmark;Europe;5;HIV Cases Adults 15-49;2018;0.1;count;;0.1;0.1;0.1;good;no_of_cases_adults_15_to_49_by_country_clean.csv;2025-06-30 12:28:07
2086;46;Denmark;Europe;4;HIV-related Deaths;2000;100.0;count;;100.0;100.0;100.0;good;no_of_deaths_by_country_clean.csv;2025-06-30 12:28:07
1916;46;Denmark;Europe;4;HIV-related Deaths;2010;100.0;count;;100.0;100.0;100.0;good;no_of_deaths_by_country_clean.csv;2025-06-30 12:28:07
1746;46;Denmark;Europe;4;HIV-related Deaths;2018;100.0;count;;100.0;100.0;100.0;good;no_of_deaths_by_country_clean.csv;2025-06-30 12:28:07
1576;46;Denmark;Europe;3;People Living with HIV;2000;4000.0;count;;3600.0;4600.0;4000.0;good;no_of_people_living_with_hiv_by_country_clean.csv;2025-06-30 12:28:07
1406;46;Denmark;Europe;3;People Living with HIV;2005;4900.0;count;;4500.0;5500.0;4900.0;good;no_of_people_living_with_hiv_by_country_clean.csv;2025-06-30 12:28:07
1236;46;Denmark;Europe;3;People Living with HIV;2010;5500.0;count;;5000.0;6200.0;5500.0;good;no_of_people_living_with_hiv_by_country_clean.csv;2025-06-30 12:28:07
1066;46;Denmark;Europe;3;People Living with HIV;2018;6200.0;count;;5600.0;7000.0;6200.0;good;no_of_people_living_with_hiv_by_country_clean.csv;2025-06-30 12:28:07
137;46;Denmark;Europe;1;Prevention of Mother-to-Child Transmission;2023;;needing_antiretrovirals;Nodata                  ;;;;good;prevention_of_mother_to_child_transmission_by_country_clean.csv;2025-06-30 12:28:07
138;46;Denmark;Europe;1;Prevention of Mother-to-Child Transmission;2023;;percentage_received;Nodata              ;;;;good;prevention_of_mother_to_child_transmission_by_country_clean.csv;2025-06-30 12:28:07
136;46;Denmark;Europe;1;Prevention of Mother-to-Child Transmission;2023;;received_antiretrovirals;No data                  ;;;;good;prevention_of_mother_to_child_transmission_by_country_clean.csv;2025-06-30 12:28:07
651;47;Djibouti;Eastern Mediterranean;2;ART Coverage;2023;30.0;estimated_art_coverage_percent;;25.0;38.0;30.0;good;art_coverage_by_country_clean.csv;2025-06-30 12:28:07
650;47;Djibouti;Eastern Mediterranean;2;ART Coverage;2023;8800.0;estimated_living_with_hiv;;7100.0;11000.0;8800.0;good;art_coverage_by_country_clean.csv;2025-06-30 12:28:07
649;47;Djibouti;Eastern Mediterranean;2;ART Coverage;2023;2700.0;reported_receiving_art;;;;;good;art_coverage_by_country_clean.csv;2025-06-30 12:28:07
3031;47;Djibouti;Eastern Mediterranean;6;ART Pediatric Coverage;2023;10.0;estimated_children_art_coverage_percent;;8.0;13.0;10.0;good;art_pediatric_coverage_by_country_clean.csv;2025-06-30 12:28:07
3030;47;Djibouti;Eastern Mediterranean;6;ART Pediatric Coverage;2023;810.0;estimated_children_needing_art;;640.0;1000.0;810.0;good;art_pediatric_coverage_by_country_clean.csv;2025-06-30 12:28:07
3029;47;Djibouti;Eastern Mediterranean;6;ART Pediatric Coverage;2023;80.0;reported_children_receiving_art;;;;;good;art_pediatric_coverage_by_country_clean.csv;2025-06-30 12:28:07
2767;47;Djibouti;Eastern Mediterranean;5;HIV Cases Adults 15-49;2000;2.2;count;;1.7;2.9;2.2;good;no_of_cases_adults_15_to_49_by_country_clean.csv;2025-06-30 12:28:07
2597;47;Djibouti;Eastern Mediterranean;5;HIV Cases Adults 15-49;2005;2.1;count;;1.8;2.5;2.1;good;no_of_cases_adults_15_to_49_by_country_clean.csv;2025-06-30 12:28:07
2427;47;Djibouti;Eastern Mediterranean;5;HIV Cases Adults 15-49;2010;1.6;count;;1.2;1.9;1.6;good;no_of_cases_adults_15_to_49_by_country_clean.csv;2025-06-30 12:28:07
2257;47;Djibouti;Eastern Mediterranean;5;HIV Cases Adults 15-49;2018;1.2;count;;1.0;1.5;1.2;good;no_of_cases_adults_15_to_49_by_country_clean.csv;2025-06-30 12:28:07
2087;47;Djibouti;Eastern Mediterranean;4;HIV-related Deaths;2000;500.0;count;;500.0;690.0;500.0;good;no_of_deaths_by_country_clean.csv;2025-06-30 12:28:07
1917;47;Djibouti;Eastern Mediterranean;4;HIV-related Deaths;2010;630.0;count;;500.0;780.0;630.0;good;no_of_deaths_by_country_clean.csv;2025-06-30 12:28:07
1747;47;Djibouti;Eastern Mediterranean;4;HIV-related Deaths;2018;500.0;count;;500.0;550.0;500.0;good;no_of_deaths_by_country_clean.csv;2025-06-30 12:28:07
1577;47;Djibouti;Eastern Mediterranean;3;People Living with HIV;2000;9400.0;count;;7200.0;12000.0;9400.0;good;no_of_people_living_with_hiv_by_country_clean.csv;2025-06-30 12:28:07
1407;47;Djibouti;Eastern Mediterranean;3;People Living with HIV;2005;11000.0;count;;9000.0;13000.0;11000.0;good;no_of_people_living_with_hiv_by_country_clean.csv;2025-06-30 12:28:07
1237;47;Djibouti;Eastern Mediterranean;3;People Living with HIV;2010;9400.0;count;;7700.0;11000.0;9400.0;good;no_of_people_living_with_hiv_by_country_clean.csv;2025-06-30 12:28:07
1067;47;Djibouti;Eastern Mediterranean;3;People Living with HIV;2018;8800.0;count;;7100.0;11000.0;8800.0;good;no_of_people_living_with_hiv_by_country_clean.csv;2025-06-30 12:28:07
140;47;Djibouti;Eastern Mediterranean;1;Prevention of Mother-to-Child Transmission;2023;500.0;needing_antiretrovirals;;200.0;500.0;500.0;good;prevention_of_mother_to_child_transmission_by_country_clean.csv;2025-06-30 12:28:07
141;47;Djibouti;Eastern Mediterranean;1;Prevention of Mother-to-Child Transmission;2023;30.0;percentage_received;;22.0;39.0;30.0;good;prevention_of_mother_to_child_transmission_by_country_clean.csv;2025-06-30 12:28:07
139;47;Djibouti;Eastern Mediterranean;1;Prevention of Mother-to-Child Transmission;2023;60.0;received_antiretrovirals;;;;;good;prevention_of_mother_to_child_transmission_by_country_clean.csv;2025-06-30 12:28:07
654;48;Dominican Republic;Americas;2;ART Coverage;2023;56.0;estimated_art_coverage_percent;;43.0;73.0;56.0;good;art_coverage_by_country_clean.csv;2025-06-30 12:28:07
653;48;Dominican Republic;Americas;2;ART Coverage;2023;70000.0;estimated_living_with_hiv;;54000.0;92000.0;70000.0;good;art_coverage_by_country_clean.csv;2025-06-30 12:28:07
652;48;Dominican Republic;Americas;2;ART Coverage;2023;39000.0;reported_receiving_art;;;;;good;art_coverage_by_country_clean.csv;2025-06-30 12:28:07
3034;48;Dominican Republic;Americas;6;ART Pediatric Coverage;2023;55.0;estimated_children_art_coverage_percent;;39.0;74.0;55.0;good;art_pediatric_coverage_by_country_clean.csv;2025-06-30 12:28:07
3033;48;Dominican Republic;Americas;6;ART Pediatric Coverage;2023;1400.0;estimated_children_needing_art;;1000.0;1900.0;1400.0;good;art_pediatric_coverage_by_country_clean.csv;2025-06-30 12:28:07
3032;48;Dominican Republic;Americas;6;ART Pediatric Coverage;2023;780.0;reported_children_receiving_art;;;;;good;art_pediatric_coverage_by_country_clean.csv;2025-06-30 12:28:07
2768;48;Dominican Republic;Americas;5;HIV Cases Adults 15-49;2000;1.7;count;;1.3;2.4;1.7;good;no_of_cases_adults_15_to_49_by_country_clean.csv;2025-06-30 12:28:07
2598;48;Dominican Republic;Americas;5;HIV Cases Adults 15-49;2005;1.4;count;;1.1;1.9;1.4;good;no_of_cases_adults_15_to_49_by_country_clean.csv;2025-06-30 12:28:07
2428;48;Dominican Republic;Americas;5;HIV Cases Adults 15-49;2010;1.2;count;;0.9;1.5;1.2;good;no_of_cases_adults_15_to_49_by_country_clean.csv;2025-06-30 12:28:07
2258;48;Dominican Republic;Americas;5;HIV Cases Adults 15-49;2018;0.9;count;;0.7;1.3;0.9;good;no_of_cases_adults_15_to_49_by_country_clean.csv;2025-06-30 12:28:07
2088;48;Dominican Republic;Americas;4;HIV-related Deaths;2000;4800.0;count;;3100.0;7100.0;4800.0;good;no_of_deaths_by_country_clean.csv;2025-06-30 12:28:07
1918;48;Dominican Republic;Americas;4;HIV-related Deaths;2010;3000.0;count;;2100.0;4300.0;3000.0;good;no_of_deaths_by_country_clean.csv;2025-06-30 12:28:07
1748;48;Dominican Republic;Americas;4;HIV-related Deaths;2018;1200.0;count;;750.0;1900.0;1200.0;good;no_of_deaths_by_country_clean.csv;2025-06-30 12:28:07
1578;48;Dominican Republic;Americas;3;People Living with HIV;2000;85000.0;count;;62000.0;120000.0;85000.0;good;no_of_people_living_with_hiv_by_country_clean.csv;2025-06-30 12:28:07
1408;48;Dominican Republic;Americas;3;People Living with HIV;2005;79000.0;count;;61000.0;100000.0;79000.0;good;no_of_people_living_with_hiv_by_country_clean.csv;2025-06-30 12:28:07
1238;48;Dominican Republic;Americas;3;People Living with HIV;2010;72000.0;count;;54000.0;91000.0;72000.0;good;no_of_people_living_with_hiv_by_country_clean.csv;2025-06-30 12:28:07
1068;48;Dominican Republic;Americas;3;People Living with HIV;2018;70000.0;count;;54000.0;92000.0;70000.0;good;no_of_people_living_with_hiv_by_country_clean.csv;2025-06-30 12:28:07
143;48;Dominican Republic;Americas;1;Prevention of Mother-to-Child Transmission;2023;910.0;needing_antiretrovirals;;690.0;1200.0;910.0;good;prevention_of_mother_to_child_transmission_by_country_clean.csv;2025-06-30 12:28:07
144;48;Dominican Republic;Americas;1;Prevention of Mother-to-Child Transmission;2023;84.0;percentage_received;;64.0;95.0;84.0;good;prevention_of_mother_to_child_transmission_by_country_clean.csv;2025-06-30 12:28:07
142;48;Dominican Republic;Americas;1;Prevention of Mother-to-Child Transmission;2023;770.0;received_antiretrovirals;;;;;good;prevention_of_mother_to_child_transmission_by_country_clean.csv;2025-06-30 12:28:07
657;49;Ecuador;Americas;2;ART Coverage;2023;57.0;estimated_art_coverage_percent;;38.0;93.0;57.0;good;art_coverage_by_country_clean.csv;2025-06-30 12:28:07
656;49;Ecuador;Americas;2;ART Coverage;2023;44000.0;estimated_living_with_hiv;;29000.0;71000.0;44000.0;good;art_coverage_by_country_clean.csv;2025-06-30 12:28:07
655;49;Ecuador;Americas;2;ART Coverage;2023;25100.0;reported_receiving_art;;;;;good;art_coverage_by_country_clean.csv;2025-06-30 12:28:07
3037;49;Ecuador;Americas;6;ART Pediatric Coverage;2023;82.0;estimated_children_art_coverage_percent;;54.0;95.0;82.0;good;art_pediatric_coverage_by_country_clean.csv;2025-06-30 12:28:07
3036;49;Ecuador;Americas;6;ART Pediatric Coverage;2023;660.0;estimated_children_needing_art;;500.0;1200.0;660.0;good;art_pediatric_coverage_by_country_clean.csv;2025-06-30 12:28:07
3035;49;Ecuador;Americas;6;ART Pediatric Coverage;2023;540.0;reported_children_receiving_art;;;;;good;art_pediatric_coverage_by_country_clean.csv;2025-06-30 12:28:07
2769;49;Ecuador;Americas;5;HIV Cases Adults 15-49;2000;0.4;count;;0.2;0.6;0.4;good;no_of_cases_adults_15_to_49_by_country_clean.csv;2025-06-30 12:28:07
2599;49;Ecuador;Americas;5;HIV Cases Adults 15-49;2005;0.4;count;;0.2;0.6;0.4;good;no_of_cases_adults_15_to_49_by_country_clean.csv;2025-06-30 12:28:07
2429;49;Ecuador;Americas;5;HIV Cases Adults 15-49;2010;0.4;count;;0.2;0.6;0.4;good;no_of_cases_adults_15_to_49_by_country_clean.csv;2025-06-30 12:28:07
2259;49;Ecuador;Americas;5;HIV Cases Adults 15-49;2018;0.4;count;;0.2;0.6;0.4;good;no_of_cases_adults_15_to_49_by_country_clean.csv;2025-06-30 12:28:07
2089;49;Ecuador;Americas;4;HIV-related Deaths;2000;1500.0;count;;620.0;2600.0;1500.0;good;no_of_deaths_by_country_clean.csv;2025-06-30 12:28:07
1919;49;Ecuador;Americas;4;HIV-related Deaths;2010;1100.0;count;;520.0;2200.0;1100.0;good;no_of_deaths_by_country_clean.csv;2025-06-30 12:28:07
1749;49;Ecuador;Americas;4;HIV-related Deaths;2018;620.0;count;;500.0;1500.0;620.0;good;no_of_deaths_by_country_clean.csv;2025-06-30 12:28:07
1579;49;Ecuador;Americas;3;People Living with HIV;2000;26000.0;count;;15000.0;46000.0;26000.0;good;no_of_people_living_with_hiv_by_country_clean.csv;2025-06-30 12:28:07
1409;49;Ecuador;Americas;3;People Living with HIV;2005;29000.0;count;;19000.0;49000.0;29000.0;good;no_of_people_living_with_hiv_by_country_clean.csv;2025-06-30 12:28:07
1239;49;Ecuador;Americas;3;People Living with HIV;2010;34000.0;count;;22000.0;57000.0;34000.0;good;no_of_people_living_with_hiv_by_country_clean.csv;2025-06-30 12:28:07
1069;49;Ecuador;Americas;3;People Living with HIV;2018;44000.0;count;;29000.0;71000.0;44000.0;good;no_of_people_living_with_hiv_by_country_clean.csv;2025-06-30 12:28:07
146;49;Ecuador;Americas;1;Prevention of Mother-to-Child Transmission;2023;500.0;needing_antiretrovirals;;500.0;620.0;500.0;good;prevention_of_mother_to_child_transmission_by_country_clean.csv;2025-06-30 12:28:07
147;49;Ecuador;Americas;1;Prevention of Mother-to-Child Transmission;2023;95.0;percentage_received;;68.0;95.0;95.0;good;prevention_of_mother_to_child_transmission_by_country_clean.csv;2025-06-30 12:28:07
145;49;Ecuador;Americas;1;Prevention of Mother-to-Child Transmission;2023;370.0;received_antiretrovirals;;;;;good;prevention_of_mother_to_child_transmission_by_country_clean.csv;2025-06-30 12:28:07
660;50;Egypt;Eastern Mediterranean;2;ART Coverage;2023;31.0;estimated_art_coverage_percent;;28.0;33.0;31.0;good;art_coverage_by_country_clean.csv;2025-06-30 12:28:07
659;50;Egypt;Eastern Mediterranean;2;ART Coverage;2023;22000.0;estimated_living_with_hiv;;20000.0;24000.0;22000.0;good;art_coverage_by_country_clean.csv;2025-06-30 12:28:07
658;50;Egypt;Eastern Mediterranean;2;ART Coverage;2023;6700.0;reported_receiving_art;;;;;good;art_coverage_by_country_clean.csv;2025-06-30 12:28:07
3040;50;Egypt;Eastern Mediterranean;6;ART Pediatric Coverage;2023;39.0;estimated_children_art_coverage_percent;;36.0;42.0;39.0;good;art_pediatric_coverage_by_country_clean.csv;2025-06-30 12:28:07
3039;50;Egypt;Eastern Mediterranean;6;ART Pediatric Coverage;2023;500.0;estimated_children_needing_art;;500.0;500.0;500.0;good;art_pediatric_coverage_by_country_clean.csv;2025-06-30 12:28:07
3038;50;Egypt;Eastern Mediterranean;6;ART Pediatric Coverage;2023;180.0;reported_children_receiving_art;;;;;good;art_pediatric_coverage_by_country_clean.csv;2025-06-30 12:28:07
2770;50;Egypt;Eastern Mediterranean;5;HIV Cases Adults 15-49;2000;0.1;count;;0.1;0.1;0.1;good;no_of_cases_adults_15_to_49_by_country_clean.csv;2025-06-30 12:28:07
2600;50;Egypt;Eastern Mediterranean;5;HIV Cases Adults 15-49;2005;0.1;count;;0.1;0.1;0.1;good;no_of_cases_adults_15_to_49_by_country_clean.csv;2025-06-30 12:28:07
2430;50;Egypt;Eastern Mediterranean;5;HIV Cases Adults 15-49;2010;0.1;count;;0.1;0.1;0.1;good;no_of_cases_adults_15_to_49_by_country_clean.csv;2025-06-30 12:28:07
2260;50;Egypt;Eastern Mediterranean;5;HIV Cases Adults 15-49;2018;0.1;count;;0.1;0.1;0.1;good;no_of_cases_adults_15_to_49_by_country_clean.csv;2025-06-30 12:28:07
2090;50;Egypt;Eastern Mediterranean;4;HIV-related Deaths;2000;100.0;count;;100.0;100.0;100.0;good;no_of_deaths_by_country_clean.csv;2025-06-30 12:28:07
1920;50;Egypt;Eastern Mediterranean;4;HIV-related Deaths;2010;200.0;count;;200.0;500.0;200.0;good;no_of_deaths_by_country_clean.csv;2025-06-30 12:28:07
1750;50;Egypt;Eastern Mediterranean;4;HIV-related Deaths;2018;500.0;count;;500.0;500.0;500.0;good;no_of_deaths_by_country_clean.csv;2025-06-30 12:28:07
1580;50;Egypt;Eastern Mediterranean;3;People Living with HIV;2000;1500.0;count;;1400.0;1600.0;1500.0;good;no_of_people_living_with_hiv_by_country_clean.csv;2025-06-30 12:28:07
1410;50;Egypt;Eastern Mediterranean;3;People Living with HIV;2005;3200.0;count;;2800.0;3500.0;3200.0;good;no_of_people_living_with_hiv_by_country_clean.csv;2025-06-30 12:28:07
1240;50;Egypt;Eastern Mediterranean;3;People Living with HIV;2010;6800.0;count;;6100.0;7400.0;6800.0;good;no_of_people_living_with_hiv_by_country_clean.csv;2025-06-30 12:28:07
1070;50;Egypt;Eastern Mediterranean;3;People Living with HIV;2018;22000.0;count;;20000.0;24000.0;22000.0;good;no_of_people_living_with_hiv_by_country_clean.csv;2025-06-30 12:28:07
149;50;Egypt;Eastern Mediterranean;1;Prevention of Mother-to-Child Transmission;2023;500.0;needing_antiretrovirals;;500.0;500.0;500.0;good;prevention_of_mother_to_child_transmission_by_country_clean.csv;2025-06-30 12:28:07
150;50;Egypt;Eastern Mediterranean;1;Prevention of Mother-to-Child Transmission;2023;16.0;percentage_received;;15.0;18.0;16.0;good;prevention_of_mother_to_child_transmission_by_country_clean.csv;2025-06-30 12:28:07
148;50;Egypt;Eastern Mediterranean;1;Prevention of Mother-to-Child Transmission;2023;60.0;received_antiretrovirals;;;;;good;prevention_of_mother_to_child_transmission_by_country_clean.csv;2025-06-30 12:28:07
663;51;El Salvador;Americas;2;ART Coverage;2023;47.0;estimated_art_coverage_percent;;39.0;55.0;47.0;good;art_coverage_by_country_clean.csv;2025-06-30 12:28:07
662;51;El Salvador;Americas;2;ART Coverage;2023;25000.0;estimated_living_with_hiv;;21000.0;30000.0;25000.0;good;art_coverage_by_country_clean.csv;2025-06-30 12:28:07
661;51;El Salvador;Americas;2;ART Coverage;2023;11900.0;reported_receiving_art;;;;;good;art_coverage_by_country_clean.csv;2025-06-30 12:28:07
3043;51;El Salvador;Americas;6;ART Pediatric Coverage;2023;24.0;estimated_children_art_coverage_percent;;19.0;30.0;24.0;good;art_pediatric_coverage_by_country_clean.csv;2025-06-30 12:28:07
3042;51;El Salvador;Americas;6;ART Pediatric Coverage;2023;610.0;estimated_children_needing_art;;500.0;740.0;610.0;good;art_pediatric_coverage_by_country_clean.csv;2025-06-30 12:28:07
3041;51;El Salvador;Americas;6;ART Pediatric Coverage;2023;150.0;reported_children_receiving_art;;;;;good;art_pediatric_coverage_by_country_clean.csv;2025-06-30 12:28:07
2771;51;El Salvador;Americas;5;HIV Cases Adults 15-49;2000;0.6;count;;0.5;0.7;0.6;good;no_of_cases_adults_15_to_49_by_country_clean.csv;2025-06-30 12:28:07
2601;51;El Salvador;Americas;5;HIV Cases Adults 15-49;2005;0.7;count;;0.5;0.9;0.7;good;no_of_cases_adults_15_to_49_by_country_clean.csv;2025-06-30 12:28:07
2431;51;El Salvador;Americas;5;HIV Cases Adults 15-49;2010;0.7;count;;0.6;0.9;0.7;good;no_of_cases_adults_15_to_49_by_country_clean.csv;2025-06-30 12:28:07
2261;51;El Salvador;Americas;5;HIV Cases Adults 15-49;2018;0.6;count;;0.5;0.7;0.6;good;no_of_cases_adults_15_to_49_by_country_clean.csv;2025-06-30 12:28:07
2091;51;El Salvador;Americas;4;HIV-related Deaths;2000;810.0;count;;580.0;1000.0;810.0;good;no_of_deaths_by_country_clean.csv;2025-06-30 12:28:07
1921;51;El Salvador;Americas;4;HIV-related Deaths;2010;500.0;count;;500.0;730.0;500.0;good;no_of_deaths_by_country_clean.csv;2025-06-30 12:28:07
1751;51;El Salvador;Americas;4;HIV-related Deaths;2018;700.0;count;;500.0;1000.0;700.0;good;no_of_deaths_by_country_clean.csv;2025-06-30 12:28:07
1581;51;El Salvador;Americas;3;People Living with HIV;2000;18000.0;count;;14000.0;23000.0;18000.0;good;no_of_people_living_with_hiv_by_country_clean.csv;2025-06-30 12:28:07
1411;51;El Salvador;Americas;3;People Living with HIV;2005;23000.0;count;;17000.0;28000.0;23000.0;good;no_of_people_living_with_hiv_by_country_clean.csv;2025-06-30 12:28:07
1241;51;El Salvador;Americas;3;People Living with HIV;2010;26000.0;count;;20000.0;31000.0;26000.0;good;no_of_people_living_with_hiv_by_country_clean.csv;2025-06-30 12:28:07
1071;51;El Salvador;Americas;3;People Living with HIV;2018;25000.0;count;;21000.0;30000.0;25000.0;good;no_of_people_living_with_hiv_by_country_clean.csv;2025-06-30 12:28:07
152;51;El Salvador;Americas;1;Prevention of Mother-to-Child Transmission;2023;500.0;needing_antiretrovirals;;500.0;500.0;500.0;good;prevention_of_mother_to_child_transmission_by_country_clean.csv;2025-06-30 12:28:07
153;51;El Salvador;Americas;1;Prevention of Mother-to-Child Transmission;2023;40.0;percentage_received;;33.0;46.0;40.0;good;prevention_of_mother_to_child_transmission_by_country_clean.csv;2025-06-30 12:28:07
151;51;El Salvador;Americas;1;Prevention of Mother-to-Child Transmission;2023;110.0;received_antiretrovirals;;;;;good;prevention_of_mother_to_child_transmission_by_country_clean.csv;2025-06-30 12:28:07
666;52;Equatorial Guinea;Africa;2;ART Coverage;2023;34.0;estimated_art_coverage_percent;;27.0;44.0;34.0;good;art_coverage_by_country_clean.csv;2025-06-30 12:28:07
665;52;Equatorial Guinea;Africa;2;ART Coverage;2023;62000.0;estimated_living_with_hiv;;50000.0;81000.0;62000.0;good;art_coverage_by_country_clean.csv;2025-06-30 12:28:07
664;52;Equatorial Guinea;Africa;2;ART Coverage;2023;21400.0;reported_receiving_art;;;;;good;art_coverage_by_country_clean.csv;2025-06-30 12:28:07
3046;52;Equatorial Guinea;Africa;6;ART Pediatric Coverage;2023;14.0;estimated_children_art_coverage_percent;;10.0;19.0;14.0;good;art_pediatric_coverage_by_country_clean.csv;2025-06-30 12:28:07
3045;52;Equatorial Guinea;Africa;6;ART Pediatric Coverage;2023;5300.0;estimated_children_needing_art;;3800.0;7100.0;5300.0;good;art_pediatric_coverage_by_country_clean.csv;2025-06-30 12:28:07
3044;52;Equatorial Guinea;Africa;6;ART Pediatric Coverage;2023;770.0;reported_children_receiving_art;;;;;good;art_pediatric_coverage_by_country_clean.csv;2025-06-30 12:28:07
2772;52;Equatorial Guinea;Africa;5;HIV Cases Adults 15-49;2000;3.5;count;;2.5;4.9;3.5;good;no_of_cases_adults_15_to_49_by_country_clean.csv;2025-06-30 12:28:07
2602;52;Equatorial Guinea;Africa;5;HIV Cases Adults 15-49;2005;4.6;count;;3.6;5.9;4.6;good;no_of_cases_adults_15_to_49_by_country_clean.csv;2025-06-30 12:28:07
2432;52;Equatorial Guinea;Africa;5;HIV Cases Adults 15-49;2010;5.7;count;;4.8;6.7;5.7;good;no_of_cases_adults_15_to_49_by_country_clean.csv;2025-06-30 12:28:07
2262;52;Equatorial Guinea;Africa;5;HIV Cases Adults 15-49;2018;7.1;count;;5.6;9.2;7.1;good;no_of_cases_adults_15_to_49_by_country_clean.csv;2025-06-30 12:28:07
2092;52;Equatorial Guinea;Africa;4;HIV-related Deaths;2000;680.0;count;;500.0;1000.0;680.0;good;no_of_deaths_by_country_clean.csv;2025-06-30 12:28:07
1922;52;Equatorial Guinea;Africa;4;HIV-related Deaths;2010;1400.0;count;;970.0;1900.0;1400.0;good;no_of_deaths_by_country_clean.csv;2025-06-30 12:28:07
1752;52;Equatorial Guinea;Africa;4;HIV-related Deaths;2018;1800.0;count;;1200.0;2600.0;1800.0;good;no_of_deaths_by_country_clean.csv;2025-06-30 12:28:07
1582;52;Equatorial Guinea;Africa;3;People Living with HIV;2000;13000.0;count;;9200.0;18000.0;13000.0;good;no_of_people_living_with_hiv_by_country_clean.csv;2025-06-30 12:28:07
1412;52;Equatorial Guinea;Africa;3;People Living with HIV;2005;22000.0;count;;17000.0;28000.0;22000.0;good;no_of_people_living_with_hiv_by_country_clean.csv;2025-06-30 12:28:07
1242;52;Equatorial Guinea;Africa;3;People Living with HIV;2010;35000.0;count;;29000.0;41000.0;35000.0;good;no_of_people_living_with_hiv_by_country_clean.csv;2025-06-30 12:28:07
1072;52;Equatorial Guinea;Africa;3;People Living with HIV;2018;62000.0;count;;50000.0;81000.0;62000.0;good;no_of_people_living_with_hiv_by_country_clean.csv;2025-06-30 12:28:07
155;52;Equatorial Guinea;Africa;1;Prevention of Mother-to-Child Transmission;2023;2600.0;needing_antiretrovirals;;1800.0;3500.0;2600.0;good;prevention_of_mother_to_child_transmission_by_country_clean.csv;2025-06-30 12:28:07
156;52;Equatorial Guinea;Africa;1;Prevention of Mother-to-Child Transmission;2023;50.0;percentage_received;;35.0;68.0;50.0;good;prevention_of_mother_to_child_transmission_by_country_clean.csv;2025-06-30 12:28:07
154;52;Equatorial Guinea;Africa;1;Prevention of Mother-to-Child Transmission;2023;1300.0;received_antiretrovirals;;;;;good;prevention_of_mother_to_child_transmission_by_country_clean.csv;2025-06-30 12:28:07
669;53;Eritrea;Africa;2;ART Coverage;2023;51.0;estimated_art_coverage_percent;;38.0;68.0;51.0;good;art_coverage_by_country_clean.csv;2025-06-30 12:28:07
668;53;Eritrea;Africa;2;ART Coverage;2023;18000.0;estimated_living_with_hiv;;13000.0;24000.0;18000.0;good;art_coverage_by_country_clean.csv;2025-06-30 12:28:07
667;53;Eritrea;Africa;2;ART Coverage;2023;8900.0;reported_receiving_art;;;;;good;art_coverage_by_country_clean.csv;2025-06-30 12:28:07
3049;53;Eritrea;Africa;6;ART Pediatric Coverage;2023;37.0;estimated_children_art_coverage_percent;;26.0;55.0;37.0;good;art_pediatric_coverage_by_country_clean.csv;2025-06-30 12:28:07
3048;53;Eritrea;Africa;6;ART Pediatric Coverage;2023;1300.0;estimated_children_needing_art;;930.0;2000.0;1300.0;good;art_pediatric_coverage_by_country_clean.csv;2025-06-30 12:28:07
3047;53;Eritrea;Africa;6;ART Pediatric Coverage;2023;500.0;reported_children_receiving_art;;;;;good;art_pediatric_coverage_by_country_clean.csv;2025-06-30 12:28:07
2773;53;Eritrea;Africa;5;HIV Cases Adults 15-49;2000;1.5;count;;1.1;1.9;1.5;good;no_of_cases_adults_15_to_49_by_country_clean.csv;2025-06-30 12:28:07
2603;53;Eritrea;Africa;5;HIV Cases Adults 15-49;2005;1.1;count;;0.8;1.5;1.1;good;no_of_cases_adults_15_to_49_by_country_clean.csv;2025-06-30 12:28:07
2433;53;Eritrea;Africa;5;HIV Cases Adults 15-49;2010;0.9;count;;0.7;1.2;0.9;good;no_of_cases_adults_15_to_49_by_country_clean.csv;2025-06-30 12:28:07
2263;53;Eritrea;Africa;5;HIV Cases Adults 15-49;2018;0.7;count;;0.5;0.9;0.7;good;no_of_cases_adults_15_to_49_by_country_clean.csv;2025-06-30 12:28:07
2093;53;Eritrea;Africa;4;HIV-related Deaths;2000;1100.0;count;;690.0;1500.0;1100.0;good;no_of_deaths_by_country_clean.csv;2025-06-30 12:28:07
1923;53;Eritrea;Africa;4;HIV-related Deaths;2010;620.0;count;;500.0;980.0;620.0;good;no_of_deaths_by_country_clean.csv;2025-06-30 12:28:07
1753;53;Eritrea;Africa;4;HIV-related Deaths;2018;500.0;count;;500.0;890.0;500.0;good;no_of_deaths_by_country_clean.csv;2025-06-30 12:28:07
1583;53;Eritrea;Africa;3;People Living with HIV;2000;16000.0;count;;12000.0;20000.0;16000.0;good;no_of_people_living_with_hiv_by_country_clean.csv;2025-06-30 12:28:07
1413;53;Eritrea;Africa;3;People Living with HIV;2005;17000.0;count;;13000.0;22000.0;17000.0;good;no_of_people_living_with_hiv_by_country_clean.csv;2025-06-30 12:28:07
1243;53;Eritrea;Africa;3;People Living with HIV;2010;17000.0;count;;13000.0;22000.0;17000.0;good;no_of_people_living_with_hiv_by_country_clean.csv;2025-06-30 12:28:07
1073;53;Eritrea;Africa;3;People Living with HIV;2018;18000.0;count;;13000.0;24000.0;18000.0;good;no_of_people_living_with_hiv_by_country_clean.csv;2025-06-30 12:28:07
158;53;Eritrea;Africa;1;Prevention of Mother-to-Child Transmission;2023;500.0;needing_antiretrovirals;;500.0;690.0;500.0;good;prevention_of_mother_to_child_transmission_by_country_clean.csv;2025-06-30 12:28:07
159;53;Eritrea;Africa;1;Prevention of Mother-to-Child Transmission;2023;48.0;percentage_received;;34.0;69.0;48.0;good;prevention_of_mother_to_child_transmission_by_country_clean.csv;2025-06-30 12:28:07
157;53;Eritrea;Africa;1;Prevention of Mother-to-Child Transmission;2023;230.0;received_antiretrovirals;;;;;good;prevention_of_mother_to_child_transmission_by_country_clean.csv;2025-06-30 12:28:07
672;54;Estonia;Europe;2;ART Coverage;2023;59.0;estimated_art_coverage_percent;;53.0;66.0;59.0;good;art_coverage_by_country_clean.csv;2025-06-30 12:28:07
671;54;Estonia;Europe;2;ART Coverage;2023;7400.0;estimated_living_with_hiv;;6600.0;8200.0;7400.0;good;art_coverage_by_country_clean.csv;2025-06-30 12:28:07
670;54;Estonia;Europe;2;ART Coverage;2023;4300.0;reported_receiving_art;;;;;good;art_coverage_by_country_clean.csv;2025-06-30 12:28:07
3052;54;Estonia;Europe;6;ART Pediatric Coverage;2023;;estimated_children_art_coverage_percent;Nodata                                    ;;;;good;art_pediatric_coverage_by_country_clean.csv;2025-06-30 12:28:07
3051;54;Estonia;Europe;6;ART Pediatric Coverage;2023;;estimated_children_needing_art;Nodata                                                        ;;;;good;art_pediatric_coverage_by_country_clean.csv;2025-06-30 12:28:07
3050;54;Estonia;Europe;6;ART Pediatric Coverage;2023;;reported_children_receiving_art;No data                                   ;;;;good;art_pediatric_coverage_by_country_clean.csv;2025-06-30 12:28:07
2774;54;Estonia;Europe;5;HIV Cases Adults 15-49;2000;0.4;count;;0.4;0.5;0.4;good;no_of_cases_adults_15_to_49_by_country_clean.csv;2025-06-30 12:28:07
2604;54;Estonia;Europe;5;HIV Cases Adults 15-49;2005;0.7;count;;0.6;0.7;0.7;good;no_of_cases_adults_15_to_49_by_country_clean.csv;2025-06-30 12:28:07
2434;54;Estonia;Europe;5;HIV Cases Adults 15-49;2010;0.7;count;;0.6;0.8;0.7;good;no_of_cases_adults_15_to_49_by_country_clean.csv;2025-06-30 12:28:07
2264;54;Estonia;Europe;5;HIV Cases Adults 15-49;2018;0.9;count;;0.7;0.9;0.9;good;no_of_cases_adults_15_to_49_by_country_clean.csv;2025-06-30 12:28:07
2094;54;Estonia;Europe;4;HIV-related Deaths;2000;100.0;count;;100.0;100.0;100.0;good;no_of_deaths_by_country_clean.csv;2025-06-30 12:28:07
1924;54;Estonia;Europe;4;HIV-related Deaths;2010;200.0;count;;200.0;200.0;200.0;good;no_of_deaths_by_country_clean.csv;2025-06-30 12:28:07
1754;54;Estonia;Europe;4;HIV-related Deaths;2018;100.0;count;;100.0;200.0;100.0;good;no_of_deaths_by_country_clean.csv;2025-06-30 12:28:07
1584;54;Estonia;Europe;3;People Living with HIV;2000;3400.0;count;;2900.0;3900.0;3400.0;good;no_of_people_living_with_hiv_by_country_clean.csv;2025-06-30 12:28:07
1414;54;Estonia;Europe;3;People Living with HIV;2005;5400.0;count;;4600.0;6000.0;5400.0;good;no_of_people_living_with_hiv_by_country_clean.csv;2025-06-30 12:28:07
1244;54;Estonia;Europe;3;People Living with HIV;2010;6000.0;count;;5100.0;6700.0;6000.0;good;no_of_people_living_with_hiv_by_country_clean.csv;2025-06-30 12:28:07
1074;54;Estonia;Europe;3;People Living with HIV;2018;7400.0;count;;6600.0;8200.0;7400.0;good;no_of_people_living_with_hiv_by_country_clean.csv;2025-06-30 12:28:07
161;54;Estonia;Europe;1;Prevention of Mother-to-Child Transmission;2023;;needing_antiretrovirals;Nodata                  ;;;;good;prevention_of_mother_to_child_transmission_by_country_clean.csv;2025-06-30 12:28:07
162;54;Estonia;Europe;1;Prevention of Mother-to-Child Transmission;2023;;percentage_received;Nodata              ;;;;good;prevention_of_mother_to_child_transmission_by_country_clean.csv;2025-06-30 12:28:07
160;54;Estonia;Europe;1;Prevention of Mother-to-Child Transmission;2023;;received_antiretrovirals;No data                  ;;;;good;prevention_of_mother_to_child_transmission_by_country_clean.csv;2025-06-30 12:28:07
675;55;Eswatini;Africa;2;ART Coverage;2023;86.0;estimated_art_coverage_percent;;80.0;94.0;86.0;good;art_coverage_by_country_clean.csv;2025-06-30 12:28:07
674;55;Eswatini;Africa;2;ART Coverage;2023;210000.0;estimated_living_with_hiv;;190000.0;220000.0;210000.0;good;art_coverage_by_country_clean.csv;2025-06-30 12:28:07
673;55;Eswatini;Africa;2;ART Coverage;2023;177000.0;reported_receiving_art;;;;;good;art_coverage_by_country_clean.csv;2025-06-30 12:28:07
3055;55;Eswatini;Africa;6;ART Pediatric Coverage;2023;76.0;estimated_children_art_coverage_percent;;63.0;88.0;76.0;good;art_pediatric_coverage_by_country_clean.csv;2025-06-30 12:28:07
3054;55;Eswatini;Africa;6;ART Pediatric Coverage;2023;11000.0;estimated_children_needing_art;;9400.0;13000.0;11000.0;good;art_pediatric_coverage_by_country_clean.csv;2025-06-30 12:28:07
3053;55;Eswatini;Africa;6;ART Pediatric Coverage;2023;8600.0;reported_children_receiving_art;;;;;good;art_pediatric_coverage_by_country_clean.csv;2025-06-30 12:28:07
2775;55;Eswatini;Africa;5;HIV Cases Adults 15-49;2000;24.6;count;;23.0;26.5;24.6;good;no_of_cases_adults_15_to_49_by_country_clean.csv;2025-06-30 12:28:07
2605;55;Eswatini;Africa;5;HIV Cases Adults 15-49;2005;26.3;count;;23.9;27.8;26.3;good;no_of_cases_adults_15_to_49_by_country_clean.csv;2025-06-30 12:28:07
2435;55;Eswatini;Africa;5;HIV Cases Adults 15-49;2010;27.4;count;;25.2;29.3;27.4;good;no_of_cases_adults_15_to_49_by_country_clean.csv;2025-06-30 12:28:07
2265;55;Eswatini;Africa;5;HIV Cases Adults 15-49;2018;27.3;count;;25.1;29.0;27.3;good;no_of_cases_adults_15_to_49_by_country_clean.csv;2025-06-30 12:28:07
2095;55;Eswatini;Africa;4;HIV-related Deaths;2000;5000.0;count;;4000.0;6100.0;5000.0;good;no_of_deaths_by_country_clean.csv;2025-06-30 12:28:07
1925;55;Eswatini;Africa;4;HIV-related Deaths;2010;3800.0;count;;3400.0;4200.0;3800.0;good;no_of_deaths_by_country_clean.csv;2025-06-30 12:28:07
1755;55;Eswatini;Africa;4;HIV-related Deaths;2018;2400.0;count;;2000.0;2900.0;2400.0;good;no_of_deaths_by_country_clean.csv;2025-06-30 12:28:07
1585;55;Eswatini;Africa;3;People Living with HIV;2000;110000.0;count;;98000.0;120000.0;110000.0;good;no_of_people_living_with_hiv_by_country_clean.csv;2025-06-30 12:28:07
1415;55;Eswatini;Africa;3;People Living with HIV;2005;130000.0;count;;120000.0;140000.0;130000.0;good;no_of_people_living_with_hiv_by_country_clean.csv;2025-06-30 12:28:07
1245;55;Eswatini;Africa;3;People Living with HIV;2010;160000.0;count;;150000.0;170000.0;160000.0;good;no_of_people_living_with_hiv_by_country_clean.csv;2025-06-30 12:28:07
1075;55;Eswatini;Africa;3;People Living with HIV;2018;210000.0;count;;190000.0;220000.0;210000.0;good;no_of_people_living_with_hiv_by_country_clean.csv;2025-06-30 12:28:07
164;55;Eswatini;Africa;1;Prevention of Mother-to-Child Transmission;2023;11000.0;needing_antiretrovirals;;9000.0;12000.0;11000.0;good;prevention_of_mother_to_child_transmission_by_country_clean.csv;2025-06-30 12:28:07
165;55;Eswatini;Africa;1;Prevention of Mother-to-Child Transmission;2023;79.0;percentage_received;;66.0;89.0;79.0;good;prevention_of_mother_to_child_transmission_by_country_clean.csv;2025-06-30 12:28:07
163;55;Eswatini;Africa;1;Prevention of Mother-to-Child Transmission;2023;8600.0;received_antiretrovirals;;;;;good;prevention_of_mother_to_child_transmission_by_country_clean.csv;2025-06-30 12:28:07
678;56;Ethiopia;Africa;2;ART Coverage;2023;65.0;estimated_art_coverage_percent;;50.0;85.0;65.0;good;art_coverage_by_country_clean.csv;2025-06-30 12:28:07
677;56;Ethiopia;Africa;2;ART Coverage;2023;690000.0;estimated_living_with_hiv;;530000.0;900000.0;690000.0;good;art_coverage_by_country_clean.csv;2025-06-30 12:28:07
676;56;Ethiopia;Africa;2;ART Coverage;2023;450000.0;reported_receiving_art;;;;;good;art_coverage_by_country_clean.csv;2025-06-30 12:28:07
3058;56;Ethiopia;Africa;6;ART Pediatric Coverage;2023;59.0;estimated_children_art_coverage_percent;;38.0;90.0;59.0;good;art_pediatric_coverage_by_country_clean.csv;2025-06-30 12:28:07
3057;56;Ethiopia;Africa;6;ART Pediatric Coverage;2023;36000.0;estimated_children_needing_art;;23000.0;55000.0;36000.0;good;art_pediatric_coverage_by_country_clean.csv;2025-06-30 12:28:07
3056;56;Ethiopia;Africa;6;ART Pediatric Coverage;2023;21500.0;reported_children_receiving_art;;;;;good;art_pediatric_coverage_by_country_clean.csv;2025-06-30 12:28:07
2776;56;Ethiopia;Africa;5;HIV Cases Adults 15-49;2000;2.4;count;;1.7;3.2;2.4;good;no_of_cases_adults_15_to_49_by_country_clean.csv;2025-06-30 12:28:07
2606;56;Ethiopia;Africa;5;HIV Cases Adults 15-49;2005;1.7;count;;1.2;2.2;1.7;good;no_of_cases_adults_15_to_49_by_country_clean.csv;2025-06-30 12:28:07
2436;56;Ethiopia;Africa;5;HIV Cases Adults 15-49;2010;1.3;count;;1.0;1.8;1.3;good;no_of_cases_adults_15_to_49_by_country_clean.csv;2025-06-30 12:28:07
2266;56;Ethiopia;Africa;5;HIV Cases Adults 15-49;2018;1.0;count;;0.7;1.4;1.0;good;no_of_cases_adults_15_to_49_by_country_clean.csv;2025-06-30 12:28:07
2096;56;Ethiopia;Africa;4;HIV-related Deaths;2000;58000.0;count;;35000.0;100000.0;58000.0;good;no_of_deaths_by_country_clean.csv;2025-06-30 12:28:07
1926;56;Ethiopia;Africa;4;HIV-related Deaths;2010;20000.0;count;;12000.0;35000.0;20000.0;good;no_of_deaths_by_country_clean.csv;2025-06-30 12:28:07
1756;56;Ethiopia;Africa;4;HIV-related Deaths;2018;11000.0;count;;6800.0;19000.0;11000.0;good;no_of_deaths_by_country_clean.csv;2025-06-30 12:28:07
1586;56;Ethiopia;Africa;3;People Living with HIV;2000;750000.0;count;;570000.0;980000.0;750000.0;good;no_of_people_living_with_hiv_by_country_clean.csv;2025-06-30 12:28:07
1416;56;Ethiopia;Africa;3;People Living with HIV;2005;640000.0;count;;490000.0;840000.0;640000.0;good;no_of_people_living_with_hiv_by_country_clean.csv;2025-06-30 12:28:07
1246;56;Ethiopia;Africa;3;People Living with HIV;2010;630000.0;count;;480000.0;830000.0;630000.0;good;no_of_people_living_with_hiv_by_country_clean.csv;2025-06-30 12:28:07
1076;56;Ethiopia;Africa;3;People Living with HIV;2018;690000.0;count;;530000.0;900000.0;690000.0;good;no_of_people_living_with_hiv_by_country_clean.csv;2025-06-30 12:28:07
167;56;Ethiopia;Africa;1;Prevention of Mother-to-Child Transmission;2023;20000.0;needing_antiretrovirals;;14000.0;28000.0;20000.0;good;prevention_of_mother_to_child_transmission_by_country_clean.csv;2025-06-30 12:28:07
168;56;Ethiopia;Africa;1;Prevention of Mother-to-Child Transmission;2023;92.0;percentage_received;;63.0;95.0;92.0;good;prevention_of_mother_to_child_transmission_by_country_clean.csv;2025-06-30 12:28:07
166;56;Ethiopia;Africa;1;Prevention of Mother-to-Child Transmission;2023;18400.0;received_antiretrovirals;;;;;good;prevention_of_mother_to_child_transmission_by_country_clean.csv;2025-06-30 12:28:07
681;57;Fiji;Western Pacific;2;ART Coverage;2023;;estimated_art_coverage_percent;Nodata                                                  ;;;;good;art_coverage_by_country_clean.csv;2025-06-30 12:28:07
680;57;Fiji;Western Pacific;2;ART Coverage;2023;;estimated_living_with_hiv;Nodata                                     ;;;;good;art_coverage_by_country_clean.csv;2025-06-30 12:28:07
679;57;Fiji;Western Pacific;2;ART Coverage;2023;;reported_receiving_art;Nodata                                  ;;;;good;art_coverage_by_country_clean.csv;2025-06-30 12:28:07
3061;57;Fiji;Western Pacific;6;ART Pediatric Coverage;2023;;estimated_children_art_coverage_percent;Nodata                                    ;;;;good;art_pediatric_coverage_by_country_clean.csv;2025-06-30 12:28:07
3060;57;Fiji;Western Pacific;6;ART Pediatric Coverage;2023;;estimated_children_needing_art;Nodata                                                        ;;;;good;art_pediatric_coverage_by_country_clean.csv;2025-06-30 12:28:07
3059;57;Fiji;Western Pacific;6;ART Pediatric Coverage;2023;;reported_children_receiving_art;No data                                   ;;;;good;art_pediatric_coverage_by_country_clean.csv;2025-06-30 12:28:07
2777;57;Fiji;Western Pacific;5;HIV Cases Adults 15-49;2000;;count;na              ;;;;good;no_of_cases_adults_15_to_49_by_country_clean.csv;2025-06-30 12:28:07
2607;57;Fiji;Western Pacific;5;HIV Cases Adults 15-49;2005;;count;na              ;;;;good;no_of_cases_adults_15_to_49_by_country_clean.csv;2025-06-30 12:28:07
2437;57;Fiji;Western Pacific;5;HIV Cases Adults 15-49;2010;;count;na              ;;;;good;no_of_cases_adults_15_to_49_by_country_clean.csv;2025-06-30 12:28:07
2267;57;Fiji;Western Pacific;5;HIV Cases Adults 15-49;2018;;count;na              ;;;;good;no_of_cases_adults_15_to_49_by_country_clean.csv;2025-06-30 12:28:07
2097;57;Fiji;Western Pacific;4;HIV-related Deaths;2000;;count;na                    ;;;;good;no_of_deaths_by_country_clean.csv;2025-06-30 12:28:07
1927;57;Fiji;Western Pacific;4;HIV-related Deaths;2010;;count;na                    ;;;;good;no_of_deaths_by_country_clean.csv;2025-06-30 12:28:07
1757;57;Fiji;Western Pacific;4;HIV-related Deaths;2018;;count;na                    ;;;;good;no_of_deaths_by_country_clean.csv;2025-06-30 12:28:07
1587;57;Fiji;Western Pacific;3;People Living with HIV;2000;;count;na                       ;;;;good;no_of_people_living_with_hiv_by_country_clean.csv;2025-06-30 12:28:07
1417;57;Fiji;Western Pacific;3;People Living with HIV;2005;;count;na                       ;;;;good;no_of_people_living_with_hiv_by_country_clean.csv;2025-06-30 12:28:07
1247;57;Fiji;Western Pacific;3;People Living with HIV;2010;;count;na                       ;;;;good;no_of_people_living_with_hiv_by_country_clean.csv;2025-06-30 12:28:07
1077;57;Fiji;Western Pacific;3;People Living with HIV;2018;;count;na                       ;;;;good;no_of_people_living_with_hiv_by_country_clean.csv;2025-06-30 12:28:07
170;57;Fiji;Western Pacific;1;Prevention of Mother-to-Child Transmission;2023;;needing_antiretrovirals;Nodata                  ;;;;good;prevention_of_mother_to_child_transmission_by_country_clean.csv;2025-06-30 12:28:07
171;57;Fiji;Western Pacific;1;Prevention of Mother-to-Child Transmission;2023;;percentage_received;Nodata              ;;;;good;prevention_of_mother_to_child_transmission_by_country_clean.csv;2025-06-30 12:28:07
169;57;Fiji;Western Pacific;1;Prevention of Mother-to-Child Transmission;2023;;received_antiretrovirals;No data                  ;;;;good;prevention_of_mother_to_child_transmission_by_country_clean.csv;2025-06-30 12:28:07
684;58;Finland;Europe;2;ART Coverage;2023;76.0;estimated_art_coverage_percent;;60.0;95.0;76.0;good;art_coverage_by_country_clean.csv;2025-06-30 12:28:07
683;58;Finland;Europe;2;ART Coverage;2023;4000.0;estimated_living_with_hiv;;3100.0;4900.0;4000.0;good;art_coverage_by_country_clean.csv;2025-06-30 12:28:07
682;58;Finland;Europe;2;ART Coverage;2023;3000.0;reported_receiving_art;;;;;good;art_coverage_by_country_clean.csv;2025-06-30 12:28:07
3064;58;Finland;Europe;6;ART Pediatric Coverage;2023;;estimated_children_art_coverage_percent;Nodata                                    ;;;;good;art_pediatric_coverage_by_country_clean.csv;2025-06-30 12:28:07
3063;58;Finland;Europe;6;ART Pediatric Coverage;2023;;estimated_children_needing_art;Nodata                                                        ;;;;good;art_pediatric_coverage_by_country_clean.csv;2025-06-30 12:28:07
3062;58;Finland;Europe;6;ART Pediatric Coverage;2023;;reported_children_receiving_art;No data                                   ;;;;good;art_pediatric_coverage_by_country_clean.csv;2025-06-30 12:28:07
2778;58;Finland;Europe;5;HIV Cases Adults 15-49;2000;0.1;count;;0.1;0.1;0.1;good;no_of_cases_adults_15_to_49_by_country_clean.csv;2025-06-30 12:28:07
2608;58;Finland;Europe;5;HIV Cases Adults 15-49;2005;0.1;count;;0.1;0.1;0.1;good;no_of_cases_adults_15_to_49_by_country_clean.csv;2025-06-30 12:28:07
2438;58;Finland;Europe;5;HIV Cases Adults 15-49;2010;0.1;count;;0.1;0.1;0.1;good;no_of_cases_adults_15_to_49_by_country_clean.csv;2025-06-30 12:28:07
2268;58;Finland;Europe;5;HIV Cases Adults 15-49;2018;0.1;count;;0.1;0.1;0.1;good;no_of_cases_adults_15_to_49_by_country_clean.csv;2025-06-30 12:28:07
2098;58;Finland;Europe;4;HIV-related Deaths;2000;100.0;count;;100.0;100.0;100.0;good;no_of_deaths_by_country_clean.csv;2025-06-30 12:28:07
1928;58;Finland;Europe;4;HIV-related Deaths;2010;100.0;count;;100.0;100.0;100.0;good;no_of_deaths_by_country_clean.csv;2025-06-30 12:28:07
1758;58;Finland;Europe;4;HIV-related Deaths;2018;100.0;count;;100.0;100.0;100.0;good;no_of_deaths_by_country_clean.csv;2025-06-30 12:28:07
1588;58;Finland;Europe;3;People Living with HIV;2000;1100.0;count;;850.0;1400.0;1100.0;good;no_of_people_living_with_hiv_by_country_clean.csv;2025-06-30 12:28:07
1418;58;Finland;Europe;3;People Living with HIV;2005;1900.0;count;;1500.0;2400.0;1900.0;good;no_of_people_living_with_hiv_by_country_clean.csv;2025-06-30 12:28:07
1248;58;Finland;Europe;3;People Living with HIV;2010;2700.0;count;;2200.0;3500.0;2700.0;good;no_of_people_living_with_hiv_by_country_clean.csv;2025-06-30 12:28:07
1078;58;Finland;Europe;3;People Living with HIV;2018;4000.0;count;;3100.0;4900.0;4000.0;good;no_of_people_living_with_hiv_by_country_clean.csv;2025-06-30 12:28:07
173;58;Finland;Europe;1;Prevention of Mother-to-Child Transmission;2023;;needing_antiretrovirals;Nodata                  ;;;;good;prevention_of_mother_to_child_transmission_by_country_clean.csv;2025-06-30 12:28:07
174;58;Finland;Europe;1;Prevention of Mother-to-Child Transmission;2023;;percentage_received;Nodata              ;;;;good;prevention_of_mother_to_child_transmission_by_country_clean.csv;2025-06-30 12:28:07
172;58;Finland;Europe;1;Prevention of Mother-to-Child Transmission;2023;;received_antiretrovirals;No data                  ;;;;good;prevention_of_mother_to_child_transmission_by_country_clean.csv;2025-06-30 12:28:07
687;59;France;Europe;2;ART Coverage;2023;83.0;estimated_art_coverage_percent;;69.0;95.0;83.0;good;art_coverage_by_country_clean.csv;2025-06-30 12:28:07
686;59;France;Europe;2;ART Coverage;2023;180000.0;estimated_living_with_hiv;;150000.0;210000.0;180000.0;good;art_coverage_by_country_clean.csv;2025-06-30 12:28:07
685;59;France;Europe;2;ART Coverage;2023;148000.0;reported_receiving_art;;;;;good;art_coverage_by_country_clean.csv;2025-06-30 12:28:07
3067;59;France;Europe;6;ART Pediatric Coverage;2023;;estimated_children_art_coverage_percent;Nodata                                    ;;;;good;art_pediatric_coverage_by_country_clean.csv;2025-06-30 12:28:07
3066;59;France;Europe;6;ART Pediatric Coverage;2023;500.0;estimated_children_needing_art;;500.0;500.0;500.0;good;art_pediatric_coverage_by_country_clean.csv;2025-06-30 12:28:07
3065;59;France;Europe;6;ART Pediatric Coverage;2023;;reported_children_receiving_art;No data                                   ;;;;good;art_pediatric_coverage_by_country_clean.csv;2025-06-30 12:28:07
2779;59;France;Europe;5;HIV Cases Adults 15-49;2000;0.2;count;;0.2;0.3;0.2;good;no_of_cases_adults_15_to_49_by_country_clean.csv;2025-06-30 12:28:07
2609;59;France;Europe;5;HIV Cases Adults 15-49;2005;0.3;count;;0.3;0.3;0.3;good;no_of_cases_adults_15_to_49_by_country_clean.csv;2025-06-30 12:28:07
2439;59;France;Europe;5;HIV Cases Adults 15-49;2010;0.3;count;;0.3;0.4;0.3;good;no_of_cases_adults_15_to_49_by_country_clean.csv;2025-06-30 12:28:07
2269;59;France;Europe;5;HIV Cases Adults 15-49;2018;0.3;count;;0.3;0.4;0.3;good;no_of_cases_adults_15_to_49_by_country_clean.csv;2025-06-30 12:28:07
2099;59;France;Europe;4;HIV-related Deaths;2000;880.0;count;;720.0;1000.0;880.0;good;no_of_deaths_by_country_clean.csv;2025-06-30 12:28:07
1929;59;France;Europe;4;HIV-related Deaths;2010;600.0;count;;500.0;780.0;600.0;good;no_of_deaths_by_country_clean.csv;2025-06-30 12:28:07
1759;59;France;Europe;4;HIV-related Deaths;2018;500.0;count;;500.0;540.0;500.0;good;no_of_deaths_by_country_clean.csv;2025-06-30 12:28:07
1589;59;France;Europe;3;People Living with HIV;2000;82000.0;count;;69000.0;97000.0;82000.0;good;no_of_people_living_with_hiv_by_country_clean.csv;2025-06-30 12:28:07
1419;59;France;Europe;3;People Living with HIV;2005;110000.0;count;;95000.0;130000.0;110000.0;good;no_of_people_living_with_hiv_by_country_clean.csv;2025-06-30 12:28:07
1249;59;France;Europe;3;People Living with HIV;2010;140000.0;count;;120000.0;160000.0;140000.0;good;no_of_people_living_with_hiv_by_country_clean.csv;2025-06-30 12:28:07
1079;59;France;Europe;3;People Living with HIV;2018;180000.0;count;;150000.0;210000.0;180000.0;good;no_of_people_living_with_hiv_by_country_clean.csv;2025-06-30 12:28:07
176;59;France;Europe;1;Prevention of Mother-to-Child Transmission;2023;1200.0;needing_antiretrovirals;;1100.0;1300.0;1200.0;good;prevention_of_mother_to_child_transmission_by_country_clean.csv;2025-06-30 12:28:07
177;59;France;Europe;1;Prevention of Mother-to-Child Transmission;2023;;percentage_received;Nodata              ;;;;good;prevention_of_mother_to_child_transmission_by_country_clean.csv;2025-06-30 12:28:07
175;59;France;Europe;1;Prevention of Mother-to-Child Transmission;2023;;received_antiretrovirals;No data                  ;;;;good;prevention_of_mother_to_child_transmission_by_country_clean.csv;2025-06-30 12:28:07
690;60;Gabon;Africa;2;ART Coverage;2023;67.0;estimated_art_coverage_percent;;54.0;85.0;67.0;good;art_coverage_by_country_clean.csv;2025-06-30 12:28:07
689;60;Gabon;Africa;2;ART Coverage;2023;53000.0;estimated_living_with_hiv;;43000.0;67000.0;53000.0;good;art_coverage_by_country_clean.csv;2025-06-30 12:28:07
688;60;Gabon;Africa;2;ART Coverage;2023;35600.0;reported_receiving_art;;;;;good;art_coverage_by_country_clean.csv;2025-06-30 12:28:07
3070;60;Gabon;Africa;6;ART Pediatric Coverage;2023;57.0;estimated_children_art_coverage_percent;;41.0;78.0;57.0;good;art_pediatric_coverage_by_country_clean.csv;2025-06-30 12:28:07
3069;60;Gabon;Africa;6;ART Pediatric Coverage;2023;3200.0;estimated_children_needing_art;;2300.0;4400.0;3200.0;good;art_pediatric_coverage_by_country_clean.csv;2025-06-30 12:28:07
3068;60;Gabon;Africa;6;ART Pediatric Coverage;2023;1900.0;reported_children_receiving_art;;;;;good;art_pediatric_coverage_by_country_clean.csv;2025-06-30 12:28:07
2780;60;Gabon;Africa;5;HIV Cases Adults 15-49;2000;4.1;count;;3.0;5.6;4.1;good;no_of_cases_adults_15_to_49_by_country_clean.csv;2025-06-30 12:28:07
2610;60;Gabon;Africa;5;HIV Cases Adults 15-49;2005;4.2;count;;3.3;5.3;4.2;good;no_of_cases_adults_15_to_49_by_country_clean.csv;2025-06-30 12:28:07
2440;60;Gabon;Africa;5;HIV Cases Adults 15-49;2010;4.1;count;;3.4;5.0;4.1;good;no_of_cases_adults_15_to_49_by_country_clean.csv;2025-06-30 12:28:07
2270;60;Gabon;Africa;5;HIV Cases Adults 15-49;2018;3.8;count;;2.9;4.9;3.8;good;no_of_cases_adults_15_to_49_by_country_clean.csv;2025-06-30 12:28:07
2100;60;Gabon;Africa;4;HIV-related Deaths;2000;1600.0;count;;1100.0;2300.0;1600.0;good;no_of_deaths_by_country_clean.csv;2025-06-30 12:28:07
1930;60;Gabon;Africa;4;HIV-related Deaths;2010;1600.0;count;;1100.0;2100.0;1600.0;good;no_of_deaths_by_country_clean.csv;2025-06-30 12:28:07
1760;60;Gabon;Africa;4;HIV-related Deaths;2018;1200.0;count;;790.0;1700.0;1200.0;good;no_of_deaths_by_country_clean.csv;2025-06-30 12:28:07
1590;60;Gabon;Africa;3;People Living with HIV;2000;28000.0;count;;20000.0;38000.0;28000.0;good;no_of_people_living_with_hiv_by_country_clean.csv;2025-06-30 12:28:07
1420;60;Gabon;Africa;3;People Living with HIV;2005;35000.0;count;;27000.0;43000.0;35000.0;good;no_of_people_living_with_hiv_by_country_clean.csv;2025-06-30 12:28:07
1250;60;Gabon;Africa;3;People Living with HIV;2010;43000.0;count;;36000.0;51000.0;43000.0;good;no_of_people_living_with_hiv_by_country_clean.csv;2025-06-30 12:28:07
1080;60;Gabon;Africa;3;People Living with HIV;2018;53000.0;count;;43000.0;67000.0;53000.0;good;no_of_people_living_with_hiv_by_country_clean.csv;2025-06-30 12:28:07
179;60;Gabon;Africa;1;Prevention of Mother-to-Child Transmission;2023;2700.0;needing_antiretrovirals;;1900.0;3600.0;2700.0;good;prevention_of_mother_to_child_transmission_by_country_clean.csv;2025-06-30 12:28:07
180;60;Gabon;Africa;1;Prevention of Mother-to-Child Transmission;2023;72.0;percentage_received;;52.0;95.0;72.0;good;prevention_of_mother_to_child_transmission_by_country_clean.csv;2025-06-30 12:28:07
178;60;Gabon;Africa;1;Prevention of Mother-to-Child Transmission;2023;1900.0;received_antiretrovirals;;;;;good;prevention_of_mother_to_child_transmission_by_country_clean.csv;2025-06-30 12:28:07
693;61;Gambia;Africa;2;ART Coverage;2023;29.0;estimated_art_coverage_percent;;24.0;38.0;29.0;good;art_coverage_by_country_clean.csv;2025-06-30 12:28:07
692;61;Gambia;Africa;2;ART Coverage;2023;26000.0;estimated_living_with_hiv;;21000.0;33000.0;26000.0;good;art_coverage_by_country_clean.csv;2025-06-30 12:28:07
691;61;Gambia;Africa;2;ART Coverage;2023;7500.0;reported_receiving_art;;;;;good;art_coverage_by_country_clean.csv;2025-06-30 12:28:07
3073;61;Gambia;Africa;6;ART Pediatric Coverage;2023;30.0;estimated_children_art_coverage_percent;;23.0;39.0;30.0;good;art_pediatric_coverage_by_country_clean.csv;2025-06-30 12:28:07
3072;61;Gambia;Africa;6;ART Pediatric Coverage;2023;1900.0;estimated_children_needing_art;;1400.0;2500.0;1900.0;good;art_pediatric_coverage_by_country_clean.csv;2025-06-30 12:28:07
3071;61;Gambia;Africa;6;ART Pediatric Coverage;2023;550.0;reported_children_receiving_art;;;;;good;art_pediatric_coverage_by_country_clean.csv;2025-06-30 12:28:07
2781;61;Gambia;Africa;5;HIV Cases Adults 15-49;2000;1.4;count;;1.1;1.9;1.4;good;no_of_cases_adults_15_to_49_by_country_clean.csv;2025-06-30 12:28:07
2611;61;Gambia;Africa;5;HIV Cases Adults 15-49;2005;1.8;count;;1.4;2.3;1.8;good;no_of_cases_adults_15_to_49_by_country_clean.csv;2025-06-30 12:28:07
2441;61;Gambia;Africa;5;HIV Cases Adults 15-49;2010;1.9;count;;1.5;2.4;1.9;good;no_of_cases_adults_15_to_49_by_country_clean.csv;2025-06-30 12:28:07
2271;61;Gambia;Africa;5;HIV Cases Adults 15-49;2018;1.9;count;;1.6;2.5;1.9;good;no_of_cases_adults_15_to_49_by_country_clean.csv;2025-06-30 12:28:07
2101;61;Gambia;Africa;4;HIV-related Deaths;2000;500.0;count;;500.0;620.0;500.0;good;no_of_deaths_by_country_clean.csv;2025-06-30 12:28:07
1931;61;Gambia;Africa;4;HIV-related Deaths;2010;970.0;count;;660.0;1400.0;970.0;good;no_of_deaths_by_country_clean.csv;2025-06-30 12:28:07
1761;61;Gambia;Africa;4;HIV-related Deaths;2018;980.0;count;;650.0;1400.0;980.0;good;no_of_deaths_by_country_clean.csv;2025-06-30 12:28:07
1591;61;Gambia;Africa;3;People Living with HIV;2000;9900.0;count;;7200.0;13000.0;9900.0;good;no_of_people_living_with_hiv_by_country_clean.csv;2025-06-30 12:28:07
1421;61;Gambia;Africa;3;People Living with HIV;2005;15000.0;count;;11000.0;19000.0;15000.0;good;no_of_people_living_with_hiv_by_country_clean.csv;2025-06-30 12:28:07
1251;61;Gambia;Africa;3;People Living with HIV;2010;18000.0;count;;15000.0;23000.0;18000.0;good;no_of_people_living_with_hiv_by_country_clean.csv;2025-06-30 12:28:07
1081;61;Gambia;Africa;3;People Living with HIV;2018;26000.0;count;;21000.0;33000.0;26000.0;good;no_of_people_living_with_hiv_by_country_clean.csv;2025-06-30 12:28:07
182;61;Gambia;Africa;1;Prevention of Mother-to-Child Transmission;2023;1000.0;needing_antiretrovirals;;820.0;1300.0;1000.0;good;prevention_of_mother_to_child_transmission_by_country_clean.csv;2025-06-30 12:28:07
183;61;Gambia;Africa;1;Prevention of Mother-to-Child Transmission;2023;68.0;percentage_received;;54.0;86.0;68.0;good;prevention_of_mother_to_child_transmission_by_country_clean.csv;2025-06-30 12:28:07
181;61;Gambia;Africa;1;Prevention of Mother-to-Child Transmission;2023;700.0;received_antiretrovirals;;;;;good;prevention_of_mother_to_child_transmission_by_country_clean.csv;2025-06-30 12:28:07
696;62;Georgia;Europe;2;ART Coverage;2023;49.0;estimated_art_coverage_percent;;42.0;57.0;49.0;good;art_coverage_by_country_clean.csv;2025-06-30 12:28:07
695;62;Georgia;Europe;2;ART Coverage;2023;9400.0;estimated_living_with_hiv;;8100.0;11000.0;9400.0;good;art_coverage_by_country_clean.csv;2025-06-30 12:28:07
694;62;Georgia;Europe;2;ART Coverage;2023;4600.0;reported_receiving_art;;;;;good;art_coverage_by_country_clean.csv;2025-06-30 12:28:07
3076;62;Georgia;Europe;6;ART Pediatric Coverage;2023;;estimated_children_art_coverage_percent;Nodata                                    ;;;;good;art_pediatric_coverage_by_country_clean.csv;2025-06-30 12:28:07
3075;62;Georgia;Europe;6;ART Pediatric Coverage;2023;;estimated_children_needing_art;Nodata                                                        ;;;;good;art_pediatric_coverage_by_country_clean.csv;2025-06-30 12:28:07
3074;62;Georgia;Europe;6;ART Pediatric Coverage;2023;;reported_children_receiving_art;No data                                   ;;;;good;art_pediatric_coverage_by_country_clean.csv;2025-06-30 12:28:07
2782;62;Georgia;Europe;5;HIV Cases Adults 15-49;2000;0.1;count;;0.1;0.1;0.1;good;no_of_cases_adults_15_to_49_by_country_clean.csv;2025-06-30 12:28:07
2612;62;Georgia;Europe;5;HIV Cases Adults 15-49;2005;0.1;count;;0.1;0.1;0.1;good;no_of_cases_adults_15_to_49_by_country_clean.csv;2025-06-30 12:28:07
2442;62;Georgia;Europe;5;HIV Cases Adults 15-49;2010;0.2;count;;0.2;0.2;0.2;good;no_of_cases_adults_15_to_49_by_country_clean.csv;2025-06-30 12:28:07
2272;62;Georgia;Europe;5;HIV Cases Adults 15-49;2018;0.4;count;;0.3;0.4;0.4;good;no_of_cases_adults_15_to_49_by_country_clean.csv;2025-06-30 12:28:07
2102;62;Georgia;Europe;4;HIV-related Deaths;2000;100.0;count;;100.0;100.0;100.0;good;no_of_deaths_by_country_clean.csv;2025-06-30 12:28:07
1932;62;Georgia;Europe;4;HIV-related Deaths;2010;100.0;count;;100.0;100.0;100.0;good;no_of_deaths_by_country_clean.csv;2025-06-30 12:28:07
1762;62;Georgia;Europe;4;HIV-related Deaths;2018;500.0;count;;200.0;500.0;500.0;good;no_of_deaths_by_country_clean.csv;2025-06-30 12:28:07
1592;62;Georgia;Europe;3;People Living with HIV;2000;980.0;count;;720.0;1300.0;980.0;good;no_of_people_living_with_hiv_by_country_clean.csv;2025-06-30 12:28:07
1422;62;Georgia;Europe;3;People Living with HIV;2005;2800.0;count;;2300.0;3400.0;2800.0;good;no_of_people_living_with_hiv_by_country_clean.csv;2025-06-30 12:28:07
1252;62;Georgia;Europe;3;People Living with HIV;2010;5600.0;count;;4500.0;6700.0;5600.0;good;no_of_people_living_with_hiv_by_country_clean.csv;2025-06-30 12:28:07
1082;62;Georgia;Europe;3;People Living with HIV;2018;9400.0;count;;8100.0;11000.0;9400.0;good;no_of_people_living_with_hiv_by_country_clean.csv;2025-06-30 12:28:07
185;62;Georgia;Europe;1;Prevention of Mother-to-Child Transmission;2023;;needing_antiretrovirals;Nodata                  ;;;;good;prevention_of_mother_to_child_transmission_by_country_clean.csv;2025-06-30 12:28:07
186;62;Georgia;Europe;1;Prevention of Mother-to-Child Transmission;2023;;percentage_received;Nodata              ;;;;good;prevention_of_mother_to_child_transmission_by_country_clean.csv;2025-06-30 12:28:07
184;62;Georgia;Europe;1;Prevention of Mother-to-Child Transmission;2023;;received_antiretrovirals;No data                  ;;;;good;prevention_of_mother_to_child_transmission_by_country_clean.csv;2025-06-30 12:28:07
699;63;Germany;Europe;2;ART Coverage;2023;80.0;estimated_art_coverage_percent;;65.0;93.0;80.0;good;art_coverage_by_country_clean.csv;2025-06-30 12:28:07
698;63;Germany;Europe;2;ART Coverage;2023;87000.0;estimated_living_with_hiv;;71000.0;100000.0;87000.0;good;art_coverage_by_country_clean.csv;2025-06-30 12:28:07
697;63;Germany;Europe;2;ART Coverage;2023;69900.0;reported_receiving_art;;;;;good;art_coverage_by_country_clean.csv;2025-06-30 12:28:07
3079;63;Germany;Europe;6;ART Pediatric Coverage;2023;;estimated_children_art_coverage_percent;Nodata                                    ;;;;good;art_pediatric_coverage_by_country_clean.csv;2025-06-30 12:28:07
3078;63;Germany;Europe;6;ART Pediatric Coverage;2023;200.0;estimated_children_needing_art;;100.0;200.0;200.0;good;art_pediatric_coverage_by_country_clean.csv;2025-06-30 12:28:07
3077;63;Germany;Europe;6;ART Pediatric Coverage;2023;;reported_children_receiving_art;No data                                   ;;;;good;art_pediatric_coverage_by_country_clean.csv;2025-06-30 12:28:07
2783;63;Germany;Europe;5;HIV Cases Adults 15-49;2000;0.1;count;;0.1;0.1;0.1;good;no_of_cases_adults_15_to_49_by_country_clean.csv;2025-06-30 12:28:07
2613;63;Germany;Europe;5;HIV Cases Adults 15-49;2005;0.1;count;;0.1;0.1;0.1;good;no_of_cases_adults_15_to_49_by_country_clean.csv;2025-06-30 12:28:07
2443;63;Germany;Europe;5;HIV Cases Adults 15-49;2010;0.1;count;;0.1;0.1;0.1;good;no_of_cases_adults_15_to_49_by_country_clean.csv;2025-06-30 12:28:07
2273;63;Germany;Europe;5;HIV Cases Adults 15-49;2018;0.1;count;;0.1;0.1;0.1;good;no_of_cases_adults_15_to_49_by_country_clean.csv;2025-06-30 12:28:07
2103;63;Germany;Europe;4;HIV-related Deaths;2000;880.0;count;;690.0;1100.0;880.0;good;no_of_deaths_by_country_clean.csv;2025-06-30 12:28:07
1933;63;Germany;Europe;4;HIV-related Deaths;2010;500.0;count;;500.0;720.0;500.0;good;no_of_deaths_by_country_clean.csv;2025-06-30 12:28:07
1763;63;Germany;Europe;4;HIV-related Deaths;2018;500.0;count;;500.0;670.0;500.0;good;no_of_deaths_by_country_clean.csv;2025-06-30 12:28:07
1593;63;Germany;Europe;3;People Living with HIV;2000;45000.0;count;;37000.0;54000.0;45000.0;good;no_of_people_living_with_hiv_by_country_clean.csv;2025-06-30 12:28:07
1423;63;Germany;Europe;3;People Living with HIV;2005;56000.0;count;;46000.0;65000.0;56000.0;good;no_of_people_living_with_hiv_by_country_clean.csv;2025-06-30 12:28:07
1253;63;Germany;Europe;3;People Living with HIV;2010;69000.0;count;;57000.0;81000.0;69000.0;good;no_of_people_living_with_hiv_by_country_clean.csv;2025-06-30 12:28:07
1083;63;Germany;Europe;3;People Living with HIV;2018;87000.0;count;;71000.0;100000.0;87000.0;good;no_of_people_living_with_hiv_by_country_clean.csv;2025-06-30 12:28:07
188;63;Germany;Europe;1;Prevention of Mother-to-Child Transmission;2023;500.0;needing_antiretrovirals;;500.0;500.0;500.0;good;prevention_of_mother_to_child_transmission_by_country_clean.csv;2025-06-30 12:28:07
189;63;Germany;Europe;1;Prevention of Mother-to-Child Transmission;2023;;percentage_received;Nodata              ;;;;good;prevention_of_mother_to_child_transmission_by_country_clean.csv;2025-06-30 12:28:07
187;63;Germany;Europe;1;Prevention of Mother-to-Child Transmission;2023;;received_antiretrovirals;No data                  ;;;;good;prevention_of_mother_to_child_transmission_by_country_clean.csv;2025-06-30 12:28:07
702;64;Ghana;Africa;2;ART Coverage;2023;34.0;estimated_art_coverage_percent;;28.0;39.0;34.0;good;art_coverage_by_country_clean.csv;2025-06-30 12:28:07
701;64;Ghana;Africa;2;ART Coverage;2023;330000.0;estimated_living_with_hiv;;280000.0;390000.0;330000.0;good;art_coverage_by_country_clean.csv;2025-06-30 12:28:07
700;64;Ghana;Africa;2;ART Coverage;2023;113000.0;reported_receiving_art;;;;;good;art_coverage_by_country_clean.csv;2025-06-30 12:28:07
3082;64;Ghana;Africa;6;ART Pediatric Coverage;2023;20.0;estimated_children_art_coverage_percent;;15.0;25.0;20.0;good;art_pediatric_coverage_by_country_clean.csv;2025-06-30 12:28:07
3081;64;Ghana;Africa;6;ART Pediatric Coverage;2023;30000.0;estimated_children_needing_art;;23000.0;37000.0;30000.0;good;art_pediatric_coverage_by_country_clean.csv;2025-06-30 12:28:07
3080;64;Ghana;Africa;6;ART Pediatric Coverage;2023;5900.0;reported_children_receiving_art;;;;;good;art_pediatric_coverage_by_country_clean.csv;2025-06-30 12:28:07
2784;64;Ghana;Africa;5;HIV Cases Adults 15-49;2000;2.4;count;;2.1;2.7;2.4;good;no_of_cases_adults_15_to_49_by_country_clean.csv;2025-06-30 12:28:07
2614;64;Ghana;Africa;5;HIV Cases Adults 15-49;2005;2.1;count;;1.8;2.4;2.1;good;no_of_cases_adults_15_to_49_by_country_clean.csv;2025-06-30 12:28:07
2444;64;Ghana;Africa;5;HIV Cases Adults 15-49;2010;1.9;count;;1.6;2.2;1.9;good;no_of_cases_adults_15_to_49_by_country_clean.csv;2025-06-30 12:28:07
2274;64;Ghana;Africa;5;HIV Cases Adults 15-49;2018;1.7;count;;1.4;2.0;1.7;good;no_of_cases_adults_15_to_49_by_country_clean.csv;2025-06-30 12:28:07
2104;64;Ghana;Africa;4;HIV-related Deaths;2000;18000.0;count;;15000.0;22000.0;18000.0;good;no_of_deaths_by_country_clean.csv;2025-06-30 12:28:07
1934;64;Ghana;Africa;4;HIV-related Deaths;2010;17000.0;count;;14000.0;19000.0;17000.0;good;no_of_deaths_by_country_clean.csv;2025-06-30 12:28:07
1764;64;Ghana;Africa;4;HIV-related Deaths;2018;14000.0;count;;11000.0;18000.0;14000.0;good;no_of_deaths_by_country_clean.csv;2025-06-30 12:28:07
1594;64;Ghana;Africa;3;People Living with HIV;2000;270000.0;count;;240000.0;300000.0;270000.0;good;no_of_people_living_with_hiv_by_country_clean.csv;2025-06-30 12:28:07
1424;64;Ghana;Africa;3;People Living with HIV;2005;280000.0;count;;240000.0;320000.0;280000.0;good;no_of_people_living_with_hiv_by_country_clean.csv;2025-06-30 12:28:07
1254;64;Ghana;Africa;3;People Living with HIV;2010;300000.0;count;;250000.0;340000.0;300000.0;good;no_of_people_living_with_hiv_by_country_clean.csv;2025-06-30 12:28:07
1084;64;Ghana;Africa;3;People Living with HIV;2018;330000.0;count;;280000.0;390000.0;330000.0;good;no_of_people_living_with_hiv_by_country_clean.csv;2025-06-30 12:28:07
191;64;Ghana;Africa;1;Prevention of Mother-to-Child Transmission;2023;16000.0;needing_antiretrovirals;;12000.0;21000.0;16000.0;good;prevention_of_mother_to_child_transmission_by_country_clean.csv;2025-06-30 12:28:07
192;64;Ghana;Africa;1;Prevention of Mother-to-Child Transmission;2023;79.0;percentage_received;;58.0;95.0;79.0;good;prevention_of_mother_to_child_transmission_by_country_clean.csv;2025-06-30 12:28:07
190;64;Ghana;Africa;1;Prevention of Mother-to-Child Transmission;2023;13000.0;received_antiretrovirals;;;;;good;prevention_of_mother_to_child_transmission_by_country_clean.csv;2025-06-30 12:28:07
705;65;Greece;Europe;2;ART Coverage;2023;;estimated_art_coverage_percent;Nodata                                                  ;;;;good;art_coverage_by_country_clean.csv;2025-06-30 12:28:07
704;65;Greece;Europe;2;ART Coverage;2023;;estimated_living_with_hiv;Nodata                                     ;;;;good;art_coverage_by_country_clean.csv;2025-06-30 12:28:07
703;65;Greece;Europe;2;ART Coverage;2023;;reported_receiving_art;Nodata                                  ;;;;good;art_coverage_by_country_clean.csv;2025-06-30 12:28:07
3085;65;Greece;Europe;6;ART Pediatric Coverage;2023;;estimated_children_art_coverage_percent;Nodata                                    ;;;;good;art_pediatric_coverage_by_country_clean.csv;2025-06-30 12:28:07
3084;65;Greece;Europe;6;ART Pediatric Coverage;2023;;estimated_children_needing_art;Nodata                                                        ;;;;good;art_pediatric_coverage_by_country_clean.csv;2025-06-30 12:28:07
3083;65;Greece;Europe;6;ART Pediatric Coverage;2023;;reported_children_receiving_art;No data                                   ;;;;good;art_pediatric_coverage_by_country_clean.csv;2025-06-30 12:28:07
2785;65;Greece;Europe;5;HIV Cases Adults 15-49;2000;;count;na              ;;;;good;no_of_cases_adults_15_to_49_by_country_clean.csv;2025-06-30 12:28:07
2615;65;Greece;Europe;5;HIV Cases Adults 15-49;2005;;count;na              ;;;;good;no_of_cases_adults_15_to_49_by_country_clean.csv;2025-06-30 12:28:07
2445;65;Greece;Europe;5;HIV Cases Adults 15-49;2010;;count;na              ;;;;good;no_of_cases_adults_15_to_49_by_country_clean.csv;2025-06-30 12:28:07
2275;65;Greece;Europe;5;HIV Cases Adults 15-49;2018;;count;na              ;;;;good;no_of_cases_adults_15_to_49_by_country_clean.csv;2025-06-30 12:28:07
2105;65;Greece;Europe;4;HIV-related Deaths;2000;;count;na                    ;;;;good;no_of_deaths_by_country_clean.csv;2025-06-30 12:28:07
1935;65;Greece;Europe;4;HIV-related Deaths;2010;;count;na                    ;;;;good;no_of_deaths_by_country_clean.csv;2025-06-30 12:28:07
1765;65;Greece;Europe;4;HIV-related Deaths;2018;;count;na                    ;;;;good;no_of_deaths_by_country_clean.csv;2025-06-30 12:28:07
1595;65;Greece;Europe;3;People Living with HIV;2000;;count;na                       ;;;;good;no_of_people_living_with_hiv_by_country_clean.csv;2025-06-30 12:28:07
1425;65;Greece;Europe;3;People Living with HIV;2005;;count;na                       ;;;;good;no_of_people_living_with_hiv_by_country_clean.csv;2025-06-30 12:28:07
1255;65;Greece;Europe;3;People Living with HIV;2010;;count;na                       ;;;;good;no_of_people_living_with_hiv_by_country_clean.csv;2025-06-30 12:28:07
1085;65;Greece;Europe;3;People Living with HIV;2018;;count;na                       ;;;;good;no_of_people_living_with_hiv_by_country_clean.csv;2025-06-30 12:28:07
194;65;Greece;Europe;1;Prevention of Mother-to-Child Transmission;2023;;needing_antiretrovirals;Nodata                  ;;;;good;prevention_of_mother_to_child_transmission_by_country_clean.csv;2025-06-30 12:28:07
195;65;Greece;Europe;1;Prevention of Mother-to-Child Transmission;2023;;percentage_received;Nodata              ;;;;good;prevention_of_mother_to_child_transmission_by_country_clean.csv;2025-06-30 12:28:07
193;65;Greece;Europe;1;Prevention of Mother-to-Child Transmission;2023;;received_antiretrovirals;No data                  ;;;;good;prevention_of_mother_to_child_transmission_by_country_clean.csv;2025-06-30 12:28:07
708;66;Guatemala;Americas;2;ART Coverage;2023;43.0;estimated_art_coverage_percent;;40.0;47.0;43.0;good;art_coverage_by_country_clean.csv;2025-06-30 12:28:07
707;66;Guatemala;Americas;2;ART Coverage;2023;47000.0;estimated_living_with_hiv;;43000.0;51000.0;47000.0;good;art_coverage_by_country_clean.csv;2025-06-30 12:28:07
706;66;Guatemala;Americas;2;ART Coverage;2023;20200.0;reported_receiving_art;;;;;good;art_coverage_by_country_clean.csv;2025-06-30 12:28:07
3088;66;Guatemala;Americas;6;ART Pediatric Coverage;2023;36.0;estimated_children_art_coverage_percent;;33.0;39.0;36.0;good;art_pediatric_coverage_by_country_clean.csv;2025-06-30 12:28:07
3087;66;Guatemala;Americas;6;ART Pediatric Coverage;2023;2000.0;estimated_children_needing_art;;1800.0;2200.0;2000.0;good;art_pediatric_coverage_by_country_clean.csv;2025-06-30 12:28:07
3086;66;Guatemala;Americas;6;ART Pediatric Coverage;2023;730.0;reported_children_receiving_art;;;;;good;art_pediatric_coverage_by_country_clean.csv;2025-06-30 12:28:07
2786;66;Guatemala;Americas;5;HIV Cases Adults 15-49;2000;0.7;count;;0.7;0.7;0.7;good;no_of_cases_adults_15_to_49_by_country_clean.csv;2025-06-30 12:28:07
2616;66;Guatemala;Americas;5;HIV Cases Adults 15-49;2005;0.7;count;;0.6;0.7;0.7;good;no_of_cases_adults_15_to_49_by_country_clean.csv;2025-06-30 12:28:07
2446;66;Guatemala;Americas;5;HIV Cases Adults 15-49;2010;0.6;count;;0.5;0.6;0.6;good;no_of_cases_adults_15_to_49_by_country_clean.csv;2025-06-30 12:28:07
2276;66;Guatemala;Americas;5;HIV Cases Adults 15-49;2018;0.4;count;;0.3;0.4;0.4;good;no_of_cases_adults_15_to_49_by_country_clean.csv;2025-06-30 12:28:07
2106;66;Guatemala;Americas;4;HIV-related Deaths;2000;2400.0;count;;2000.0;2700.0;2400.0;good;no_of_deaths_by_country_clean.csv;2025-06-30 12:28:07
1936;66;Guatemala;Americas;4;HIV-related Deaths;2010;1700.0;count;;1500.0;1900.0;1700.0;good;no_of_deaths_by_country_clean.csv;2025-06-30 12:28:07
1766;66;Guatemala;Americas;4;HIV-related Deaths;2018;2200.0;count;;2000.0;2400.0;2200.0;good;no_of_deaths_by_country_clean.csv;2025-06-30 12:28:07
1596;66;Guatemala;Americas;3;People Living with HIV;2000;44000.0;count;;41000.0;47000.0;44000.0;good;no_of_people_living_with_hiv_by_country_clean.csv;2025-06-30 12:28:07
1426;66;Guatemala;Americas;3;People Living with HIV;2005;48000.0;count;;44000.0;51000.0;48000.0;good;no_of_people_living_with_hiv_by_country_clean.csv;2025-06-30 12:28:07
1256;66;Guatemala;Americas;3;People Living with HIV;2010;49000.0;count;;44000.0;53000.0;49000.0;good;no_of_people_living_with_hiv_by_country_clean.csv;2025-06-30 12:28:07
1086;66;Guatemala;Americas;3;People Living with HIV;2018;47000.0;count;;43000.0;51000.0;47000.0;good;no_of_people_living_with_hiv_by_country_clean.csv;2025-06-30 12:28:07
197;66;Guatemala;Americas;1;Prevention of Mother-to-Child Transmission;2023;790.0;needing_antiretrovirals;;720.0;870.0;790.0;good;prevention_of_mother_to_child_transmission_by_country_clean.csv;2025-06-30 12:28:07
198;66;Guatemala;Americas;1;Prevention of Mother-to-Child Transmission;2023;34.0;percentage_received;;31.0;38.0;34.0;good;prevention_of_mother_to_child_transmission_by_country_clean.csv;2025-06-30 12:28:07
196;66;Guatemala;Americas;1;Prevention of Mother-to-Child Transmission;2023;270.0;received_antiretrovirals;;;;;good;prevention_of_mother_to_child_transmission_by_country_clean.csv;2025-06-30 12:28:07
711;67;Guinea;Africa;2;ART Coverage;2023;40.0;estimated_art_coverage_percent;;34.0;48.0;40.0;good;art_coverage_by_country_clean.csv;2025-06-30 12:28:07
710;67;Guinea;Africa;2;ART Coverage;2023;120000.0;estimated_living_with_hiv;;100000.0;140000.0;120000.0;good;art_coverage_by_country_clean.csv;2025-06-30 12:28:07
709;67;Guinea;Africa;2;ART Coverage;2023;48600.0;reported_receiving_art;;;;;good;art_coverage_by_country_clean.csv;2025-06-30 12:28:07
3091;67;Guinea;Africa;6;ART Pediatric Coverage;2023;20.0;estimated_children_art_coverage_percent;;15.0;25.0;20.0;good;art_pediatric_coverage_by_country_clean.csv;2025-06-30 12:28:07
3090;67;Guinea;Africa;6;ART Pediatric Coverage;2023;10000.0;estimated_children_needing_art;;7900.0;13000.0;10000.0;good;art_pediatric_coverage_by_country_clean.csv;2025-06-30 12:28:07
3089;67;Guinea;Africa;6;ART Pediatric Coverage;2023;2100.0;reported_children_receiving_art;;;;;good;art_pediatric_coverage_by_country_clean.csv;2025-06-30 12:28:07
2787;67;Guinea;Africa;5;HIV Cases Adults 15-49;2000;1.7;count;;1.4;2.0;1.7;good;no_of_cases_adults_15_to_49_by_country_clean.csv;2025-06-30 12:28:07
2617;67;Guinea;Africa;5;HIV Cases Adults 15-49;2005;1.7;count;;1.4;1.9;1.7;good;no_of_cases_adults_15_to_49_by_country_clean.csv;2025-06-30 12:28:07
2447;67;Guinea;Africa;5;HIV Cases Adults 15-49;2010;1.6;count;;1.3;1.9;1.6;good;no_of_cases_adults_15_to_49_by_country_clean.csv;2025-06-30 12:28:07
2277;67;Guinea;Africa;5;HIV Cases Adults 15-49;2018;1.4;count;;1.2;1.7;1.4;good;no_of_cases_adults_15_to_49_by_country_clean.csv;2025-06-30 12:28:07
2107;67;Guinea;Africa;4;HIV-related Deaths;2000;5000.0;count;;3400.0;7000.0;5000.0;good;no_of_deaths_by_country_clean.csv;2025-06-30 12:28:07
1937;67;Guinea;Africa;4;HIV-related Deaths;2010;4100.0;count;;3300.0;5000.0;4100.0;good;no_of_deaths_by_country_clean.csv;2025-06-30 12:28:07
1767;67;Guinea;Africa;4;HIV-related Deaths;2018;4300.0;count;;3300.0;5400.0;4300.0;good;no_of_deaths_by_country_clean.csv;2025-06-30 12:28:07
1597;67;Guinea;Africa;3;People Living with HIV;2000;83000.0;count;;67000.0;100000.0;83000.0;good;no_of_people_living_with_hiv_by_country_clean.csv;2025-06-30 12:28:07
1427;67;Guinea;Africa;3;People Living with HIV;2005;93000.0;count;;81000.0;110000.0;93000.0;good;no_of_people_living_with_hiv_by_country_clean.csv;2025-06-30 12:28:07
1257;67;Guinea;Africa;3;People Living with HIV;2010;100000.0;count;;90000.0;120000.0;100000.0;good;no_of_people_living_with_hiv_by_country_clean.csv;2025-06-30 12:28:07
1087;67;Guinea;Africa;3;People Living with HIV;2018;120000.0;count;;100000.0;140000.0;120000.0;good;no_of_people_living_with_hiv_by_country_clean.csv;2025-06-30 12:28:07
200;67;Guinea;Africa;1;Prevention of Mother-to-Child Transmission;2023;5100.0;needing_antiretrovirals;;3800.0;6600.0;5100.0;good;prevention_of_mother_to_child_transmission_by_country_clean.csv;2025-06-30 12:28:07
201;67;Guinea;Africa;1;Prevention of Mother-to-Child Transmission;2023;65.0;percentage_received;;48.0;84.0;65.0;good;prevention_of_mother_to_child_transmission_by_country_clean.csv;2025-06-30 12:28:07
199;67;Guinea;Africa;1;Prevention of Mother-to-Child Transmission;2023;3300.0;received_antiretrovirals;;;;;good;prevention_of_mother_to_child_transmission_by_country_clean.csv;2025-06-30 12:28:07
714;68;Guinea-Bissau;Africa;2;ART Coverage;2023;33.0;estimated_art_coverage_percent;;29.0;37.0;33.0;good;art_coverage_by_country_clean.csv;2025-06-30 12:28:07
713;68;Guinea-Bissau;Africa;2;ART Coverage;2023;44000.0;estimated_living_with_hiv;;39000.0;49000.0;44000.0;good;art_coverage_by_country_clean.csv;2025-06-30 12:28:07
712;68;Guinea-Bissau;Africa;2;ART Coverage;2023;14600.0;reported_receiving_art;;;;;good;art_coverage_by_country_clean.csv;2025-06-30 12:28:07
3094;68;Guinea-Bissau;Africa;6;ART Pediatric Coverage;2023;6.0;estimated_children_art_coverage_percent;;5.0;7.0;6.0;good;art_pediatric_coverage_by_country_clean.csv;2025-06-30 12:28:07
3093;68;Guinea-Bissau;Africa;6;ART Pediatric Coverage;2023;5700.0;estimated_children_needing_art;;4700.0;6600.0;5700.0;good;art_pediatric_coverage_by_country_clean.csv;2025-06-30 12:28:07
3092;68;Guinea-Bissau;Africa;6;ART Pediatric Coverage;2023;350.0;reported_children_receiving_art;;;;;good;art_pediatric_coverage_by_country_clean.csv;2025-06-30 12:28:07
2788;68;Guinea-Bissau;Africa;5;HIV Cases Adults 15-49;2000;3.2;count;;2.8;3.5;3.2;good;no_of_cases_adults_15_to_49_by_country_clean.csv;2025-06-30 12:28:07
2618;68;Guinea-Bissau;Africa;5;HIV Cases Adults 15-49;2005;3.8;count;;3.4;4.2;3.8;good;no_of_cases_adults_15_to_49_by_country_clean.csv;2025-06-30 12:28:07
2448;68;Guinea-Bissau;Africa;5;HIV Cases Adults 15-49;2010;3.8;count;;3.4;4.3;3.8;good;no_of_cases_adults_15_to_49_by_country_clean.csv;2025-06-30 12:28:07
2278;68;Guinea-Bissau;Africa;5;HIV Cases Adults 15-49;2018;3.5;count;;3.0;4.0;3.5;good;no_of_cases_adults_15_to_49_by_country_clean.csv;2025-06-30 12:28:07
2108;68;Guinea-Bissau;Africa;4;HIV-related Deaths;2000;1100.0;count;;850.0;1400.0;1100.0;good;no_of_deaths_by_country_clean.csv;2025-06-30 12:28:07
1938;68;Guinea-Bissau;Africa;4;HIV-related Deaths;2010;1900.0;count;;1500.0;2200.0;1900.0;good;no_of_deaths_by_country_clean.csv;2025-06-30 12:28:07
1768;68;Guinea-Bissau;Africa;4;HIV-related Deaths;2018;1800.0;count;;1400.0;2100.0;1800.0;good;no_of_deaths_by_country_clean.csv;2025-06-30 12:28:07
1598;68;Guinea-Bissau;Africa;3;People Living with HIV;2000;22000.0;count;;20000.0;25000.0;22000.0;good;no_of_people_living_with_hiv_by_country_clean.csv;2025-06-30 12:28:07
1428;68;Guinea-Bissau;Africa;3;People Living with HIV;2005;31000.0;count;;28000.0;35000.0;31000.0;good;no_of_people_living_with_hiv_by_country_clean.csv;2025-06-30 12:28:07
1258;68;Guinea-Bissau;Africa;3;People Living with HIV;2010;38000.0;count;;34000.0;42000.0;38000.0;good;no_of_people_living_with_hiv_by_country_clean.csv;2025-06-30 12:28:07
1088;68;Guinea-Bissau;Africa;3;People Living with HIV;2018;44000.0;count;;39000.0;49000.0;44000.0;good;no_of_people_living_with_hiv_by_country_clean.csv;2025-06-30 12:28:07
203;68;Guinea-Bissau;Africa;1;Prevention of Mother-to-Child Transmission;2023;2100.0;needing_antiretrovirals;;1700.0;2500.0;2100.0;good;prevention_of_mother_to_child_transmission_by_country_clean.csv;2025-06-30 12:28:07
204;68;Guinea-Bissau;Africa;1;Prevention of Mother-to-Child Transmission;2023;48.0;percentage_received;;38.0;58.0;48.0;good;prevention_of_mother_to_child_transmission_by_country_clean.csv;2025-06-30 12:28:07
202;68;Guinea-Bissau;Africa;1;Prevention of Mother-to-Child Transmission;2023;1000.0;received_antiretrovirals;;;;;good;prevention_of_mother_to_child_transmission_by_country_clean.csv;2025-06-30 12:28:07
717;69;Guyana;Americas;2;ART Coverage;2023;68.0;estimated_art_coverage_percent;;60.0;78.0;68.0;good;art_coverage_by_country_clean.csv;2025-06-30 12:28:07
716;69;Guyana;Americas;2;ART Coverage;2023;8200.0;estimated_living_with_hiv;;7200.0;9400.0;8200.0;good;art_coverage_by_country_clean.csv;2025-06-30 12:28:07
715;69;Guyana;Americas;2;ART Coverage;2023;5600.0;reported_receiving_art;;;;;good;art_coverage_by_country_clean.csv;2025-06-30 12:28:07
3097;69;Guyana;Americas;6;ART Pediatric Coverage;2023;38.0;estimated_children_art_coverage_percent;;31.0;44.0;38.0;good;art_pediatric_coverage_by_country_clean.csv;2025-06-30 12:28:07
3096;69;Guyana;Americas;6;ART Pediatric Coverage;2023;500.0;estimated_children_needing_art;;500.0;500.0;500.0;good;art_pediatric_coverage_by_country_clean.csv;2025-06-30 12:28:07
3095;69;Guyana;Americas;6;ART Pediatric Coverage;2023;110.0;reported_children_receiving_art;;;;;good;art_pediatric_coverage_by_country_clean.csv;2025-06-30 12:28:07
2789;69;Guyana;Americas;5;HIV Cases Adults 15-49;2000;0.6;count;;0.4;0.7;0.6;good;no_of_cases_adults_15_to_49_by_country_clean.csv;2025-06-30 12:28:07
2619;69;Guyana;Americas;5;HIV Cases Adults 15-49;2005;1.3;count;;1.1;1.4;1.3;good;no_of_cases_adults_15_to_49_by_country_clean.csv;2025-06-30 12:28:07
2449;69;Guyana;Americas;5;HIV Cases Adults 15-49;2010;1.5;count;;1.4;1.7;1.5;good;no_of_cases_adults_15_to_49_by_country_clean.csv;2025-06-30 12:28:07
2279;69;Guyana;Americas;5;HIV Cases Adults 15-49;2018;1.4;count;;1.3;1.6;1.4;good;no_of_cases_adults_15_to_49_by_country_clean.csv;2025-06-30 12:28:07
2109;69;Guyana;Americas;4;HIV-related Deaths;2000;100.0;count;;100.0;200.0;100.0;good;no_of_deaths_by_country_clean.csv;2025-06-30 12:28:07
1939;69;Guyana;Americas;4;HIV-related Deaths;2010;100.0;count;;100.0;200.0;100.0;good;no_of_deaths_by_country_clean.csv;2025-06-30 12:28:07
1769;69;Guyana;Americas;4;HIV-related Deaths;2018;200.0;count;;100.0;200.0;200.0;good;no_of_deaths_by_country_clean.csv;2025-06-30 12:28:07
1599;69;Guyana;Americas;3;People Living with HIV;2000;2300.0;count;;1600.0;3100.0;2300.0;good;no_of_people_living_with_hiv_by_country_clean.csv;2025-06-30 12:28:07
1429;69;Guyana;Americas;3;People Living with HIV;2005;5000.0;count;;4400.0;5700.0;5000.0;good;no_of_people_living_with_hiv_by_country_clean.csv;2025-06-30 12:28:07
1259;69;Guyana;Americas;3;People Living with HIV;2010;6700.0;count;;6000.0;7400.0;6700.0;good;no_of_people_living_with_hiv_by_country_clean.csv;2025-06-30 12:28:07
1089;69;Guyana;Americas;3;People Living with HIV;2018;8200.0;count;;7200.0;9400.0;8200.0;good;no_of_people_living_with_hiv_by_country_clean.csv;2025-06-30 12:28:07
206;69;Guyana;Americas;1;Prevention of Mother-to-Child Transmission;2023;200.0;needing_antiretrovirals;;200.0;500.0;200.0;good;prevention_of_mother_to_child_transmission_by_country_clean.csv;2025-06-30 12:28:07
207;69;Guyana;Americas;1;Prevention of Mother-to-Child Transmission;2023;89.0;percentage_received;;67.0;95.0;89.0;good;prevention_of_mother_to_child_transmission_by_country_clean.csv;2025-06-30 12:28:07
205;69;Guyana;Americas;1;Prevention of Mother-to-Child Transmission;2023;160.0;received_antiretrovirals;;;;;good;prevention_of_mother_to_child_transmission_by_country_clean.csv;2025-06-30 12:28:07
720;70;Haiti;Americas;2;ART Coverage;2023;58.0;estimated_art_coverage_percent;;52.0;65.0;58.0;good;art_coverage_by_country_clean.csv;2025-06-30 12:28:07
719;70;Haiti;Americas;2;ART Coverage;2023;160000.0;estimated_living_with_hiv;;140000.0;180000.0;160000.0;good;art_coverage_by_country_clean.csv;2025-06-30 12:28:07
718;70;Haiti;Americas;2;ART Coverage;2023;91500.0;reported_receiving_art;;;;;good;art_coverage_by_country_clean.csv;2025-06-30 12:28:07
3100;70;Haiti;Americas;6;ART Pediatric Coverage;2023;40.0;estimated_children_art_coverage_percent;;32.0;45.0;40.0;good;art_pediatric_coverage_by_country_clean.csv;2025-06-30 12:28:07
3099;70;Haiti;Americas;6;ART Pediatric Coverage;2023;8700.0;estimated_children_needing_art;;7000.0;9900.0;8700.0;good;art_pediatric_coverage_by_country_clean.csv;2025-06-30 12:28:07
3098;70;Haiti;Americas;6;ART Pediatric Coverage;2023;3400.0;reported_children_receiving_art;;;;;good;art_pediatric_coverage_by_country_clean.csv;2025-06-30 12:28:07
2790;70;Haiti;Americas;5;HIV Cases Adults 15-49;2000;3.0;count;;2.7;3.4;3.0;good;no_of_cases_adults_15_to_49_by_country_clean.csv;2025-06-30 12:28:07
2620;70;Haiti;Americas;5;HIV Cases Adults 15-49;2005;2.4;count;;2.2;2.6;2.4;good;no_of_cases_adults_15_to_49_by_country_clean.csv;2025-06-30 12:28:07
2450;70;Haiti;Americas;5;HIV Cases Adults 15-49;2010;2.1;count;;2.0;2.3;2.1;good;no_of_cases_adults_15_to_49_by_country_clean.csv;2025-06-30 12:28:07
2280;70;Haiti;Americas;5;HIV Cases Adults 15-49;2018;2.0;count;;1.8;2.3;2.0;good;no_of_cases_adults_15_to_49_by_country_clean.csv;2025-06-30 12:28:07
2110;70;Haiti;Americas;4;HIV-related Deaths;2000;12000.0;count;;9400.0;15000.0;12000.0;good;no_of_deaths_by_country_clean.csv;2025-06-30 12:28:07
1940;70;Haiti;Americas;4;HIV-related Deaths;2010;4900.0;count;;3800.0;6600.0;4900.0;good;no_of_deaths_by_country_clean.csv;2025-06-30 12:28:07
1770;70;Haiti;Americas;4;HIV-related Deaths;2018;2700.0;count;;2200.0;3600.0;2700.0;good;no_of_deaths_by_country_clean.csv;2025-06-30 12:28:07
1600;70;Haiti;Americas;3;People Living with HIV;2000;150000.0;count;;130000.0;180000.0;150000.0;good;no_of_people_living_with_hiv_by_country_clean.csv;2025-06-30 12:28:07
1430;70;Haiti;Americas;3;People Living with HIV;2005;140000.0;count;;120000.0;160000.0;140000.0;good;no_of_people_living_with_hiv_by_country_clean.csv;2025-06-30 12:28:07
1260;70;Haiti;Americas;3;People Living with HIV;2010;140000.0;count;;130000.0;160000.0;140000.0;good;no_of_people_living_with_hiv_by_country_clean.csv;2025-06-30 12:28:07
1090;70;Haiti;Americas;3;People Living with HIV;2018;160000.0;count;;140000.0;180000.0;160000.0;good;no_of_people_living_with_hiv_by_country_clean.csv;2025-06-30 12:28:07
209;70;Haiti;Americas;1;Prevention of Mother-to-Child Transmission;2023;5900.0;needing_antiretrovirals;;4700.0;6800.0;5900.0;good;prevention_of_mother_to_child_transmission_by_country_clean.csv;2025-06-30 12:28:07
210;70;Haiti;Americas;1;Prevention of Mother-to-Child Transmission;2023;83.0;percentage_received;;67.0;95.0;83.0;good;prevention_of_mother_to_child_transmission_by_country_clean.csv;2025-06-30 12:28:07
208;70;Haiti;Americas;1;Prevention of Mother-to-Child Transmission;2023;4900.0;received_antiretrovirals;;;;;good;prevention_of_mother_to_child_transmission_by_country_clean.csv;2025-06-30 12:28:07
723;71;Honduras;Americas;2;ART Coverage;2023;50.0;estimated_art_coverage_percent;;40.0;61.0;50.0;good;art_coverage_by_country_clean.csv;2025-06-30 12:28:07
722;71;Honduras;Americas;2;ART Coverage;2023;23000.0;estimated_living_with_hiv;;18000.0;28000.0;23000.0;good;art_coverage_by_country_clean.csv;2025-06-30 12:28:07
721;71;Honduras;Americas;2;ART Coverage;2023;11700.0;reported_receiving_art;;;;;good;art_coverage_by_country_clean.csv;2025-06-30 12:28:07
3103;71;Honduras;Americas;6;ART Pediatric Coverage;2023;41.0;estimated_children_art_coverage_percent;;33.0;49.0;41.0;good;art_pediatric_coverage_by_country_clean.csv;2025-06-30 12:28:07
3102;71;Honduras;Americas;6;ART Pediatric Coverage;2023;890.0;estimated_children_needing_art;;710.0;1100.0;890.0;good;art_pediatric_coverage_by_country_clean.csv;2025-06-30 12:28:07
3101;71;Honduras;Americas;6;ART Pediatric Coverage;2023;360.0;reported_children_receiving_art;;;;;good;art_pediatric_coverage_by_country_clean.csv;2025-06-30 12:28:07
2791;71;Honduras;Americas;5;HIV Cases Adults 15-49;2000;1.1;count;;0.9;1.4;1.1;good;no_of_cases_adults_15_to_49_by_country_clean.csv;2025-06-30 12:28:07
2621;71;Honduras;Americas;5;HIV Cases Adults 15-49;2005;0.7;count;;0.5;0.9;0.7;good;no_of_cases_adults_15_to_49_by_country_clean.csv;2025-06-30 12:28:07
2451;71;Honduras;Americas;5;HIV Cases Adults 15-49;2010;0.5;count;;0.4;0.6;0.5;good;no_of_cases_adults_15_to_49_by_country_clean.csv;2025-06-30 12:28:07
2281;71;Honduras;Americas;5;HIV Cases Adults 15-49;2018;0.3;count;;0.3;0.4;0.3;good;no_of_cases_adults_15_to_49_by_country_clean.csv;2025-06-30 12:28:07
2111;71;Honduras;Americas;4;HIV-related Deaths;2000;3200.0;count;;2300.0;4000.0;3200.0;good;no_of_deaths_by_country_clean.csv;2025-06-30 12:28:07
1941;71;Honduras;Americas;4;HIV-related Deaths;2010;1400.0;count;;990.0;1800.0;1400.0;good;no_of_deaths_by_country_clean.csv;2025-06-30 12:28:07
1771;71;Honduras;Americas;4;HIV-related Deaths;2018;780.0;count;;540.0;1100.0;780.0;good;no_of_deaths_by_country_clean.csv;2025-06-30 12:28:07
1601;71;Honduras;Americas;3;People Living with HIV;2000;40000.0;count;;34000.0;49000.0;40000.0;good;no_of_people_living_with_hiv_by_country_clean.csv;2025-06-30 12:28:07
1431;71;Honduras;Americas;3;People Living with HIV;2005;31000.0;count;;24000.0;38000.0;31000.0;good;no_of_people_living_with_hiv_by_country_clean.csv;2025-06-30 12:28:07
1261;71;Honduras;Americas;3;People Living with HIV;2010;26000.0;count;;21000.0;32000.0;26000.0;good;no_of_people_living_with_hiv_by_country_clean.csv;2025-06-30 12:28:07
1091;71;Honduras;Americas;3;People Living with HIV;2018;23000.0;count;;18000.0;28000.0;23000.0;good;no_of_people_living_with_hiv_by_country_clean.csv;2025-06-30 12:28:07
212;71;Honduras;Americas;1;Prevention of Mother-to-Child Transmission;2023;500.0;needing_antiretrovirals;;500.0;500.0;500.0;good;prevention_of_mother_to_child_transmission_by_country_clean.csv;2025-06-30 12:28:07
213;71;Honduras;Americas;1;Prevention of Mother-to-Child Transmission;2023;59.0;percentage_received;;48.0;72.0;59.0;good;prevention_of_mother_to_child_transmission_by_country_clean.csv;2025-06-30 12:28:07
211;71;Honduras;Americas;1;Prevention of Mother-to-Child Transmission;2023;200.0;received_antiretrovirals;;;;;good;prevention_of_mother_to_child_transmission_by_country_clean.csv;2025-06-30 12:28:07
726;72;Hungary;Europe;2;ART Coverage;2023;56.0;estimated_art_coverage_percent;;48.0;63.0;56.0;good;art_coverage_by_country_clean.csv;2025-06-30 12:28:07
725;72;Hungary;Europe;2;ART Coverage;2023;3700.0;estimated_living_with_hiv;;3200.0;4200.0;3700.0;good;art_coverage_by_country_clean.csv;2025-06-30 12:28:07
724;72;Hungary;Europe;2;ART Coverage;2023;2000.0;reported_receiving_art;;;;;good;art_coverage_by_country_clean.csv;2025-06-30 12:28:07
3106;72;Hungary;Europe;6;ART Pediatric Coverage;2023;;estimated_children_art_coverage_percent;Nodata                                    ;;;;good;art_pediatric_coverage_by_country_clean.csv;2025-06-30 12:28:07
3105;72;Hungary;Europe;6;ART Pediatric Coverage;2023;;estimated_children_needing_art;Nodata                                                        ;;;;good;art_pediatric_coverage_by_country_clean.csv;2025-06-30 12:28:07
3104;72;Hungary;Europe;6;ART Pediatric Coverage;2023;;reported_children_receiving_art;No data                                   ;;;;good;art_pediatric_coverage_by_country_clean.csv;2025-06-30 12:28:07
2792;72;Hungary;Europe;5;HIV Cases Adults 15-49;2000;0.1;count;;0.1;0.1;0.1;good;no_of_cases_adults_15_to_49_by_country_clean.csv;2025-06-30 12:28:07
2622;72;Hungary;Europe;5;HIV Cases Adults 15-49;2005;0.1;count;;0.1;0.1;0.1;good;no_of_cases_adults_15_to_49_by_country_clean.csv;2025-06-30 12:28:07
2452;72;Hungary;Europe;5;HIV Cases Adults 15-49;2010;0.1;count;;0.1;0.1;0.1;good;no_of_cases_adults_15_to_49_by_country_clean.csv;2025-06-30 12:28:07
2282;72;Hungary;Europe;5;HIV Cases Adults 15-49;2018;0.1;count;;0.1;0.1;0.1;good;no_of_cases_adults_15_to_49_by_country_clean.csv;2025-06-30 12:28:07
2112;72;Hungary;Europe;4;HIV-related Deaths;2000;100.0;count;;100.0;100.0;100.0;good;no_of_deaths_by_country_clean.csv;2025-06-30 12:28:07
1942;72;Hungary;Europe;4;HIV-related Deaths;2010;100.0;count;;100.0;100.0;100.0;good;no_of_deaths_by_country_clean.csv;2025-06-30 12:28:07
1772;72;Hungary;Europe;4;HIV-related Deaths;2018;100.0;count;;100.0;100.0;100.0;good;no_of_deaths_by_country_clean.csv;2025-06-30 12:28:07
1602;72;Hungary;Europe;3;People Living with HIV;2000;830.0;count;;700.0;950.0;830.0;good;no_of_people_living_with_hiv_by_country_clean.csv;2025-06-30 12:28:07
1432;72;Hungary;Europe;3;People Living with HIV;2005;1200.0;count;;1000.0;1300.0;1200.0;good;no_of_people_living_with_hiv_by_country_clean.csv;2025-06-30 12:28:07
1262;72;Hungary;Europe;3;People Living with HIV;2010;2000.0;count;;1800.0;2300.0;2000.0;good;no_of_people_living_with_hiv_by_country_clean.csv;2025-06-30 12:28:07
1092;72;Hungary;Europe;3;People Living with HIV;2018;3700.0;count;;3200.0;4200.0;3700.0;good;no_of_people_living_with_hiv_by_country_clean.csv;2025-06-30 12:28:07
215;72;Hungary;Europe;1;Prevention of Mother-to-Child Transmission;2023;;needing_antiretrovirals;Nodata                  ;;;;good;prevention_of_mother_to_child_transmission_by_country_clean.csv;2025-06-30 12:28:07
216;72;Hungary;Europe;1;Prevention of Mother-to-Child Transmission;2023;;percentage_received;Nodata              ;;;;good;prevention_of_mother_to_child_transmission_by_country_clean.csv;2025-06-30 12:28:07
214;72;Hungary;Europe;1;Prevention of Mother-to-Child Transmission;2023;;received_antiretrovirals;No data                  ;;;;good;prevention_of_mother_to_child_transmission_by_country_clean.csv;2025-06-30 12:28:07
729;73;Iceland;Europe;2;ART Coverage;2023;79.0;estimated_art_coverage_percent;;71.0;87.0;79.0;good;art_coverage_by_country_clean.csv;2025-06-30 12:28:07
728;73;Iceland;Europe;2;ART Coverage;2023;500.0;estimated_living_with_hiv;;500.0;500.0;500.0;good;art_coverage_by_country_clean.csv;2025-06-30 12:28:07
727;73;Iceland;Europe;2;ART Coverage;2023;250.0;reported_receiving_art;;;;;good;art_coverage_by_country_clean.csv;2025-06-30 12:28:07
3109;73;Iceland;Europe;6;ART Pediatric Coverage;2023;;estimated_children_art_coverage_percent;                                          ;;;;good;art_pediatric_coverage_by_country_clean.csv;2025-06-30 12:28:07
3108;73;Iceland;Europe;6;ART Pediatric Coverage;2023;;estimated_children_needing_art;Nodata                                                        ;;;;good;art_pediatric_coverage_by_country_clean.csv;2025-06-30 12:28:07
3107;73;Iceland;Europe;6;ART Pediatric Coverage;2023;;reported_children_receiving_art;No data                                   ;;;;good;art_pediatric_coverage_by_country_clean.csv;2025-06-30 12:28:07
2793;73;Iceland;Europe;5;HIV Cases Adults 15-49;2000;0.1;count;;0.1;0.1;0.1;good;no_of_cases_adults_15_to_49_by_country_clean.csv;2025-06-30 12:28:07
2623;73;Iceland;Europe;5;HIV Cases Adults 15-49;2005;0.1;count;;0.1;0.1;0.1;good;no_of_cases_adults_15_to_49_by_country_clean.csv;2025-06-30 12:28:07
2453;73;Iceland;Europe;5;HIV Cases Adults 15-49;2010;0.1;count;;0.1;0.1;0.1;good;no_of_cases_adults_15_to_49_by_country_clean.csv;2025-06-30 12:28:07
2283;73;Iceland;Europe;5;HIV Cases Adults 15-49;2018;0.1;count;;0.1;0.1;0.1;good;no_of_cases_adults_15_to_49_by_country_clean.csv;2025-06-30 12:28:07
2113;73;Iceland;Europe;4;HIV-related Deaths;2000;100.0;count;;100.0;100.0;100.0;good;no_of_deaths_by_country_clean.csv;2025-06-30 12:28:07
1943;73;Iceland;Europe;4;HIV-related Deaths;2010;100.0;count;;100.0;100.0;100.0;good;no_of_deaths_by_country_clean.csv;2025-06-30 12:28:07
1773;73;Iceland;Europe;4;HIV-related Deaths;2018;100.0;count;;100.0;100.0;100.0;good;no_of_deaths_by_country_clean.csv;2025-06-30 12:28:07
1603;73;Iceland;Europe;3;People Living with HIV;2000;100.0;count;;100.0;200.0;100.0;good;no_of_people_living_with_hiv_by_country_clean.csv;2025-06-30 12:28:07
1433;73;Iceland;Europe;3;People Living with HIV;2005;200.0;count;;200.0;200.0;200.0;good;no_of_people_living_with_hiv_by_country_clean.csv;2025-06-30 12:28:07
1263;73;Iceland;Europe;3;People Living with HIV;2010;500.0;count;;200.0;500.0;500.0;good;no_of_people_living_with_hiv_by_country_clean.csv;2025-06-30 12:28:07
1093;73;Iceland;Europe;3;People Living with HIV;2018;500.0;count;;500.0;500.0;500.0;good;no_of_people_living_with_hiv_by_country_clean.csv;2025-06-30 12:28:07
218;73;Iceland;Europe;1;Prevention of Mother-to-Child Transmission;2023;;needing_antiretrovirals;Nodata                  ;;;;good;prevention_of_mother_to_child_transmission_by_country_clean.csv;2025-06-30 12:28:07
219;73;Iceland;Europe;1;Prevention of Mother-to-Child Transmission;2023;;percentage_received;Nodata              ;;;;good;prevention_of_mother_to_child_transmission_by_country_clean.csv;2025-06-30 12:28:07
217;73;Iceland;Europe;1;Prevention of Mother-to-Child Transmission;2023;;received_antiretrovirals;No data                  ;;;;good;prevention_of_mother_to_child_transmission_by_country_clean.csv;2025-06-30 12:28:07
732;74;India;South-East Asia;2;ART Coverage;2023;;estimated_art_coverage_percent;Nodata                                                  ;;;;good;art_coverage_by_country_clean.csv;2025-06-30 12:28:07
731;74;India;South-East Asia;2;ART Coverage;2023;;estimated_living_with_hiv;Nodata                                     ;;;;good;art_coverage_by_country_clean.csv;2025-06-30 12:28:07
730;74;India;South-East Asia;2;ART Coverage;2023;;reported_receiving_art;Nodata                                  ;;;;good;art_coverage_by_country_clean.csv;2025-06-30 12:28:07
3112;74;India;South-East Asia;6;ART Pediatric Coverage;2023;;estimated_children_art_coverage_percent;Nodata                                    ;;;;good;art_pediatric_coverage_by_country_clean.csv;2025-06-30 12:28:07
3111;74;India;South-East Asia;6;ART Pediatric Coverage;2023;;estimated_children_needing_art;Nodata                                                        ;;;;good;art_pediatric_coverage_by_country_clean.csv;2025-06-30 12:28:07
3110;74;India;South-East Asia;6;ART Pediatric Coverage;2023;;reported_children_receiving_art;No data                                   ;;;;good;art_pediatric_coverage_by_country_clean.csv;2025-06-30 12:28:07
2794;74;India;South-East Asia;5;HIV Cases Adults 15-49;2000;;count;na              ;;;;good;no_of_cases_adults_15_to_49_by_country_clean.csv;2025-06-30 12:28:07
2624;74;India;South-East Asia;5;HIV Cases Adults 15-49;2005;;count;na              ;;;;good;no_of_cases_adults_15_to_49_by_country_clean.csv;2025-06-30 12:28:07
2454;74;India;South-East Asia;5;HIV Cases Adults 15-49;2010;;count;na              ;;;;good;no_of_cases_adults_15_to_49_by_country_clean.csv;2025-06-30 12:28:07
2284;74;India;South-East Asia;5;HIV Cases Adults 15-49;2018;;count;na              ;;;;good;no_of_cases_adults_15_to_49_by_country_clean.csv;2025-06-30 12:28:07
2114;74;India;South-East Asia;4;HIV-related Deaths;2000;;count;na                    ;;;;good;no_of_deaths_by_country_clean.csv;2025-06-30 12:28:07
1944;74;India;South-East Asia;4;HIV-related Deaths;2010;;count;na                    ;;;;good;no_of_deaths_by_country_clean.csv;2025-06-30 12:28:07
1774;74;India;South-East Asia;4;HIV-related Deaths;2018;;count;na                    ;;;;good;no_of_deaths_by_country_clean.csv;2025-06-30 12:28:07
1604;74;India;South-East Asia;3;People Living with HIV;2000;;count;na                       ;;;;good;no_of_people_living_with_hiv_by_country_clean.csv;2025-06-30 12:28:07
1434;74;India;South-East Asia;3;People Living with HIV;2005;;count;na                       ;;;;good;no_of_people_living_with_hiv_by_country_clean.csv;2025-06-30 12:28:07
1264;74;India;South-East Asia;3;People Living with HIV;2010;;count;na                       ;;;;good;no_of_people_living_with_hiv_by_country_clean.csv;2025-06-30 12:28:07
1094;74;India;South-East Asia;3;People Living with HIV;2018;;count;na                       ;;;;good;no_of_people_living_with_hiv_by_country_clean.csv;2025-06-30 12:28:07
221;74;India;South-East Asia;1;Prevention of Mother-to-Child Transmission;2023;;needing_antiretrovirals;Nodata                  ;;;;good;prevention_of_mother_to_child_transmission_by_country_clean.csv;2025-06-30 12:28:07
222;74;India;South-East Asia;1;Prevention of Mother-to-Child Transmission;2023;;percentage_received;Nodata              ;;;;good;prevention_of_mother_to_child_transmission_by_country_clean.csv;2025-06-30 12:28:07
220;74;India;South-East Asia;1;Prevention of Mother-to-Child Transmission;2023;13200.0;received_antiretrovirals;;;;;good;prevention_of_mother_to_child_transmission_by_country_clean.csv;2025-06-30 12:28:07
735;75;Indonesia;South-East Asia;2;ART Coverage;2023;17.0;estimated_art_coverage_percent;;15.0;20.0;17.0;good;art_coverage_by_country_clean.csv;2025-06-30 12:28:07
734;75;Indonesia;South-East Asia;2;ART Coverage;2023;640000.0;estimated_living_with_hiv;;550000.0;750000.0;640000.0;good;art_coverage_by_country_clean.csv;2025-06-30 12:28:07
733;75;Indonesia;South-East Asia;2;ART Coverage;2023;108000.0;reported_receiving_art;;;;;good;art_coverage_by_country_clean.csv;2025-06-30 12:28:07
3115;75;Indonesia;South-East Asia;6;ART Pediatric Coverage;2023;22.0;estimated_children_art_coverage_percent;;19.0;26.0;22.0;good;art_pediatric_coverage_by_country_clean.csv;2025-06-30 12:28:07
3114;75;Indonesia;South-East Asia;6;ART Pediatric Coverage;2023;18000.0;estimated_children_needing_art;;15000.0;20000.0;18000.0;good;art_pediatric_coverage_by_country_clean.csv;2025-06-30 12:28:07
3113;75;Indonesia;South-East Asia;6;ART Pediatric Coverage;2023;3900.0;reported_children_receiving_art;;;;;good;art_pediatric_coverage_by_country_clean.csv;2025-06-30 12:28:07
2795;75;Indonesia;South-East Asia;5;HIV Cases Adults 15-49;2000;0.1;count;;0.1;0.1;0.1;good;no_of_cases_adults_15_to_49_by_country_clean.csv;2025-06-30 12:28:07
2625;75;Indonesia;South-East Asia;5;HIV Cases Adults 15-49;2005;0.2;count;;0.2;0.3;0.2;good;no_of_cases_adults_15_to_49_by_country_clean.csv;2025-06-30 12:28:07
2455;75;Indonesia;South-East Asia;5;HIV Cases Adults 15-49;2010;0.4;count;;0.3;0.4;0.4;good;no_of_cases_adults_15_to_49_by_country_clean.csv;2025-06-30 12:28:07
2285;75;Indonesia;South-East Asia;5;HIV Cases Adults 15-49;2018;0.4;count;;0.4;0.5;0.4;good;no_of_cases_adults_15_to_49_by_country_clean.csv;2025-06-30 12:28:07
2115;75;Indonesia;South-East Asia;4;HIV-related Deaths;2000;1900.0;count;;1200.0;2500.0;1900.0;good;no_of_deaths_by_country_clean.csv;2025-06-30 12:28:07
1945;75;Indonesia;South-East Asia;4;HIV-related Deaths;2010;24000.0;count;;19000.0;28000.0;24000.0;good;no_of_deaths_by_country_clean.csv;2025-06-30 12:28:07
1775;75;Indonesia;South-East Asia;4;HIV-related Deaths;2018;38000.0;count;;33000.0;43000.0;38000.0;good;no_of_deaths_by_country_clean.csv;2025-06-30 12:28:07
1605;75;Indonesia;South-East Asia;3;People Living with HIV;2000;80000.0;count;;72000.0;89000.0;80000.0;good;no_of_people_living_with_hiv_by_country_clean.csv;2025-06-30 12:28:07
1435;75;Indonesia;South-East Asia;3;People Living with HIV;2005;290000.0;count;;260000.0;330000.0;290000.0;good;no_of_people_living_with_hiv_by_country_clean.csv;2025-06-30 12:28:07
1265;75;Indonesia;South-East Asia;3;People Living with HIV;2010;510000.0;count;;450000.0;590000.0;510000.0;good;no_of_people_living_with_hiv_by_country_clean.csv;2025-06-30 12:28:07
1095;75;Indonesia;South-East Asia;3;People Living with HIV;2018;640000.0;count;;550000.0;750000.0;640000.0;good;no_of_people_living_with_hiv_by_country_clean.csv;2025-06-30 12:28:07
224;75;Indonesia;South-East Asia;1;Prevention of Mother-to-Child Transmission;2023;12000.0;needing_antiretrovirals;;10000.0;14000.0;12000.0;good;prevention_of_mother_to_child_transmission_by_country_clean.csv;2025-06-30 12:28:07
225;75;Indonesia;South-East Asia;1;Prevention of Mother-to-Child Transmission;2023;15.0;percentage_received;;13.0;18.0;15.0;good;prevention_of_mother_to_child_transmission_by_country_clean.csv;2025-06-30 12:28:07
223;75;Indonesia;South-East Asia;1;Prevention of Mother-to-Child Transmission;2023;1800.0;received_antiretrovirals;;;;;good;prevention_of_mother_to_child_transmission_by_country_clean.csv;2025-06-30 12:28:07
738;76;Iran;Eastern Mediterranean;2;ART Coverage;2023;20.0;estimated_art_coverage_percent;;11.0;39.0;20.0;good;art_coverage_by_country_clean.csv;2025-06-30 12:28:07
737;76;Iran;Eastern Mediterranean;2;ART Coverage;2023;61000.0;estimated_living_with_hiv;;34000.0;120000.0;61000.0;good;art_coverage_by_country_clean.csv;2025-06-30 12:28:07
736;76;Iran;Eastern Mediterranean;2;ART Coverage;2023;12400.0;reported_receiving_art;;;;;good;art_coverage_by_country_clean.csv;2025-06-30 12:28:07
3118;76;Iran;Eastern Mediterranean;6;ART Pediatric Coverage;2023;58.0;estimated_children_art_coverage_percent;;39.0;95.0;58.0;good;art_pediatric_coverage_by_country_clean.csv;2025-06-30 12:28:07
3117;76;Iran;Eastern Mediterranean;6;ART Pediatric Coverage;2023;880.0;estimated_children_needing_art;;580.0;1600.0;880.0;good;art_pediatric_coverage_by_country_clean.csv;2025-06-30 12:28:07
3116;76;Iran;Eastern Mediterranean;6;ART Pediatric Coverage;2023;510.0;reported_children_receiving_art;;;;;good;art_pediatric_coverage_by_country_clean.csv;2025-06-30 12:28:07
2796;76;Iran;Eastern Mediterranean;5;HIV Cases Adults 15-49;2000;0.1;count;;0.1;0.1;0.1;good;no_of_cases_adults_15_to_49_by_country_clean.csv;2025-06-30 12:28:07
2626;76;Iran;Eastern Mediterranean;5;HIV Cases Adults 15-49;2005;0.1;count;;0.1;0.1;0.1;good;no_of_cases_adults_15_to_49_by_country_clean.csv;2025-06-30 12:28:07
2456;76;Iran;Eastern Mediterranean;5;HIV Cases Adults 15-49;2010;0.1;count;;0.1;0.1;0.1;good;no_of_cases_adults_15_to_49_by_country_clean.csv;2025-06-30 12:28:07
2286;76;Iran;Eastern Mediterranean;5;HIV Cases Adults 15-49;2018;0.1;count;;0.1;0.2;0.1;good;no_of_cases_adults_15_to_49_by_country_clean.csv;2025-06-30 12:28:07
2116;76;Iran;Eastern Mediterranean;4;HIV-related Deaths;2000;500.0;count;;500.0;1400.0;500.0;good;no_of_deaths_by_country_clean.csv;2025-06-30 12:28:07
1946;76;Iran;Eastern Mediterranean;4;HIV-related Deaths;2010;2400.0;count;;1700.0;3500.0;2400.0;good;no_of_deaths_by_country_clean.csv;2025-06-30 12:28:07
1776;76;Iran;Eastern Mediterranean;4;HIV-related Deaths;2018;2600.0;count;;1400.0;5100.0;2600.0;good;no_of_deaths_by_country_clean.csv;2025-06-30 12:28:07
1606;76;Iran;Eastern Mediterranean;3;People Living with HIV;2000;16000.0;count;;7900.0;35000.0;16000.0;good;no_of_people_living_with_hiv_by_country_clean.csv;2025-06-30 12:28:07
1436;76;Iran;Eastern Mediterranean;3;People Living with HIV;2005;37000.0;count;;25000.0;56000.0;37000.0;good;no_of_people_living_with_hiv_by_country_clean.csv;2025-06-30 12:28:07
1266;76;Iran;Eastern Mediterranean;3;People Living with HIV;2010;50000.0;count;;37000.0;70000.0;50000.0;good;no_of_people_living_with_hiv_by_country_clean.csv;2025-06-30 12:28:07
1096;76;Iran;Eastern Mediterranean;3;People Living with HIV;2018;61000.0;count;;34000.0;120000.0;61000.0;good;no_of_people_living_with_hiv_by_country_clean.csv;2025-06-30 12:28:07
227;76;Iran;Eastern Mediterranean;1;Prevention of Mother-to-Child Transmission;2023;500.0;needing_antiretrovirals;;200.0;840.0;500.0;good;prevention_of_mother_to_child_transmission_by_country_clean.csv;2025-06-30 12:28:07
228;76;Iran;Eastern Mediterranean;1;Prevention of Mother-to-Child Transmission;2023;81.0;percentage_received;;41.0;95.0;81.0;good;prevention_of_mother_to_child_transmission_by_country_clean.csv;2025-06-30 12:28:07
226;76;Iran;Eastern Mediterranean;1;Prevention of Mother-to-Child Transmission;2023;310.0;received_antiretrovirals;;;;;good;prevention_of_mother_to_child_transmission_by_country_clean.csv;2025-06-30 12:28:07
741;77;Ireland;Europe;2;ART Coverage;2023;80.0;estimated_art_coverage_percent;;69.0;89.0;80.0;good;art_coverage_by_country_clean.csv;2025-06-30 12:28:07
740;77;Ireland;Europe;2;ART Coverage;2023;7200.0;estimated_living_with_hiv;;6200.0;8000.0;7200.0;good;art_coverage_by_country_clean.csv;2025-06-30 12:28:07
739;77;Ireland;Europe;2;ART Coverage;2023;5700.0;reported_receiving_art;;;;;good;art_coverage_by_country_clean.csv;2025-06-30 12:28:07
3121;77;Ireland;Europe;6;ART Pediatric Coverage;2023;;estimated_children_art_coverage_percent;Nodata                                    ;;;;good;art_pediatric_coverage_by_country_clean.csv;2025-06-30 12:28:07
3120;77;Ireland;Europe;6;ART Pediatric Coverage;2023;100.0;estimated_children_needing_art;;100.0;100.0;100.0;good;art_pediatric_coverage_by_country_clean.csv;2025-06-30 12:28:07
3119;77;Ireland;Europe;6;ART Pediatric Coverage;2023;;reported_children_receiving_art;No data                                   ;;;;good;art_pediatric_coverage_by_country_clean.csv;2025-06-30 12:28:07
2797;77;Ireland;Europe;5;HIV Cases Adults 15-49;2000;0.1;count;;0.1;0.1;0.1;good;no_of_cases_adults_15_to_49_by_country_clean.csv;2025-06-30 12:28:07
2627;77;Ireland;Europe;5;HIV Cases Adults 15-49;2005;0.1;count;;0.1;0.1;0.1;good;no_of_cases_adults_15_to_49_by_country_clean.csv;2025-06-30 12:28:07
2457;77;Ireland;Europe;5;HIV Cases Adults 15-49;2010;0.2;count;;0.1;0.2;0.2;good;no_of_cases_adults_15_to_49_by_country_clean.csv;2025-06-30 12:28:07
2287;77;Ireland;Europe;5;HIV Cases Adults 15-49;2018;0.2;count;;0.2;0.2;0.2;good;no_of_cases_adults_15_to_49_by_country_clean.csv;2025-06-30 12:28:07
2117;77;Ireland;Europe;4;HIV-related Deaths;2000;100.0;count;;100.0;100.0;100.0;good;no_of_deaths_by_country_clean.csv;2025-06-30 12:28:07
1947;77;Ireland;Europe;4;HIV-related Deaths;2010;100.0;count;;100.0;100.0;100.0;good;no_of_deaths_by_country_clean.csv;2025-06-30 12:28:07
1777;77;Ireland;Europe;4;HIV-related Deaths;2018;100.0;count;;100.0;100.0;100.0;good;no_of_deaths_by_country_clean.csv;2025-06-30 12:28:07
1607;77;Ireland;Europe;3;People Living with HIV;2000;1900.0;count;;1700.0;2200.0;1900.0;good;no_of_people_living_with_hiv_by_country_clean.csv;2025-06-30 12:28:07
1437;77;Ireland;Europe;3;People Living with HIV;2005;3200.0;count;;2800.0;3600.0;3200.0;good;no_of_people_living_with_hiv_by_country_clean.csv;2025-06-30 12:28:07
1267;77;Ireland;Europe;3;People Living with HIV;2010;4800.0;count;;4200.0;5400.0;4800.0;good;no_of_people_living_with_hiv_by_country_clean.csv;2025-06-30 12:28:07
1097;77;Ireland;Europe;3;People Living with HIV;2018;7200.0;count;;6200.0;8000.0;7200.0;good;no_of_people_living_with_hiv_by_country_clean.csv;2025-06-30 12:28:07
230;77;Ireland;Europe;1;Prevention of Mother-to-Child Transmission;2023;100.0;needing_antiretrovirals;;100.0;100.0;100.0;good;prevention_of_mother_to_child_transmission_by_country_clean.csv;2025-06-30 12:28:07
231;77;Ireland;Europe;1;Prevention of Mother-to-Child Transmission;2023;;percentage_received;Nodata              ;;;;good;prevention_of_mother_to_child_transmission_by_country_clean.csv;2025-06-30 12:28:07
229;77;Ireland;Europe;1;Prevention of Mother-to-Child Transmission;2023;;received_antiretrovirals;No data                  ;;;;good;prevention_of_mother_to_child_transmission_by_country_clean.csv;2025-06-30 12:28:07
744;78;Israel;Europe;2;ART Coverage;2023;;estimated_art_coverage_percent;Nodata                                                  ;;;;good;art_coverage_by_country_clean.csv;2025-06-30 12:28:07
743;78;Israel;Europe;2;ART Coverage;2023;9000.0;estimated_living_with_hiv;;8000.0;10000.0;9000.0;good;art_coverage_by_country_clean.csv;2025-06-30 12:28:07
742;78;Israel;Europe;2;ART Coverage;2023;;reported_receiving_art;Nodata                                  ;;;;good;art_coverage_by_country_clean.csv;2025-06-30 12:28:07
3124;78;Israel;Europe;6;ART Pediatric Coverage;2023;;estimated_children_art_coverage_percent;Nodata                                    ;;;;good;art_pediatric_coverage_by_country_clean.csv;2025-06-30 12:28:07
3123;78;Israel;Europe;6;ART Pediatric Coverage;2023;100.0;estimated_children_needing_art;;100.0;100.0;100.0;good;art_pediatric_coverage_by_country_clean.csv;2025-06-30 12:28:07
3122;78;Israel;Europe;6;ART Pediatric Coverage;2023;;reported_children_receiving_art;No data                                   ;;;;good;art_pediatric_coverage_by_country_clean.csv;2025-06-30 12:28:07
2798;78;Israel;Europe;5;HIV Cases Adults 15-49;2000;0.1;count;;0.1;0.1;0.1;good;no_of_cases_adults_15_to_49_by_country_clean.csv;2025-06-30 12:28:07
2628;78;Israel;Europe;5;HIV Cases Adults 15-49;2005;0.1;count;;0.1;0.1;0.1;good;no_of_cases_adults_15_to_49_by_country_clean.csv;2025-06-30 12:28:07
2458;78;Israel;Europe;5;HIV Cases Adults 15-49;2010;0.1;count;;0.1;0.1;0.1;good;no_of_cases_adults_15_to_49_by_country_clean.csv;2025-06-30 12:28:07
2288;78;Israel;Europe;5;HIV Cases Adults 15-49;2018;0.2;count;;0.1;0.2;0.2;good;no_of_cases_adults_15_to_49_by_country_clean.csv;2025-06-30 12:28:07
2118;78;Israel;Europe;4;HIV-related Deaths;2000;100.0;count;;100.0;100.0;100.0;good;no_of_deaths_by_country_clean.csv;2025-06-30 12:28:07
1948;78;Israel;Europe;4;HIV-related Deaths;2010;100.0;count;;100.0;100.0;100.0;good;no_of_deaths_by_country_clean.csv;2025-06-30 12:28:07
1778;78;Israel;Europe;4;HIV-related Deaths;2018;100.0;count;;100.0;100.0;100.0;good;no_of_deaths_by_country_clean.csv;2025-06-30 12:28:07
1608;78;Israel;Europe;3;People Living with HIV;2000;2700.0;count;;2400.0;3100.0;2700.0;good;no_of_people_living_with_hiv_by_country_clean.csv;2025-06-30 12:28:07
1438;78;Israel;Europe;3;People Living with HIV;2005;4100.0;count;;3700.0;4600.0;4100.0;good;no_of_people_living_with_hiv_by_country_clean.csv;2025-06-30 12:28:07
1268;78;Israel;Europe;3;People Living with HIV;2010;6000.0;count;;5400.0;6800.0;6000.0;good;no_of_people_living_with_hiv_by_country_clean.csv;2025-06-30 12:28:07
1098;78;Israel;Europe;3;People Living with HIV;2018;9000.0;count;;8000.0;10000.0;9000.0;good;no_of_people_living_with_hiv_by_country_clean.csv;2025-06-30 12:28:07
233;78;Israel;Europe;1;Prevention of Mother-to-Child Transmission;2023;100.0;needing_antiretrovirals;;100.0;100.0;100.0;good;prevention_of_mother_to_child_transmission_by_country_clean.csv;2025-06-30 12:28:07
234;78;Israel;Europe;1;Prevention of Mother-to-Child Transmission;2023;;percentage_received;Nodata              ;;;;good;prevention_of_mother_to_child_transmission_by_country_clean.csv;2025-06-30 12:28:07
232;78;Israel;Europe;1;Prevention of Mother-to-Child Transmission;2023;;received_antiretrovirals;No data                  ;;;;good;prevention_of_mother_to_child_transmission_by_country_clean.csv;2025-06-30 12:28:07
747;79;Italy;Europe;2;ART Coverage;2023;91.0;estimated_art_coverage_percent;;78.0;95.0;91.0;good;art_coverage_by_country_clean.csv;2025-06-30 12:28:07
746;79;Italy;Europe;2;ART Coverage;2023;130000.0;estimated_living_with_hiv;;110000.0;140000.0;130000.0;good;art_coverage_by_country_clean.csv;2025-06-30 12:28:07
745;79;Italy;Europe;2;ART Coverage;2023;118000.0;reported_receiving_art;;;;;good;art_coverage_by_country_clean.csv;2025-06-30 12:28:07
3127;79;Italy;Europe;6;ART Pediatric Coverage;2023;;estimated_children_art_coverage_percent;Nodata                                    ;;;;good;art_pediatric_coverage_by_country_clean.csv;2025-06-30 12:28:07
3126;79;Italy;Europe;6;ART Pediatric Coverage;2023;500.0;estimated_children_needing_art;;200.0;500.0;500.0;good;art_pediatric_coverage_by_country_clean.csv;2025-06-30 12:28:07
3125;79;Italy;Europe;6;ART Pediatric Coverage;2023;;reported_children_receiving_art;No data                                   ;;;;good;art_pediatric_coverage_by_country_clean.csv;2025-06-30 12:28:07
2799;79;Italy;Europe;5;HIV Cases Adults 15-49;2000;0.2;count;;0.2;0.2;0.2;good;no_of_cases_adults_15_to_49_by_country_clean.csv;2025-06-30 12:28:07
2629;79;Italy;Europe;5;HIV Cases Adults 15-49;2005;0.2;count;;0.2;0.3;0.2;good;no_of_cases_adults_15_to_49_by_country_clean.csv;2025-06-30 12:28:07
2459;79;Italy;Europe;5;HIV Cases Adults 15-49;2010;0.3;count;;0.2;0.3;0.3;good;no_of_cases_adults_15_to_49_by_country_clean.csv;2025-06-30 12:28:07
2289;79;Italy;Europe;5;HIV Cases Adults 15-49;2018;0.3;count;;0.2;0.3;0.3;good;no_of_cases_adults_15_to_49_by_country_clean.csv;2025-06-30 12:28:07
2119;79;Italy;Europe;4;HIV-related Deaths;2000;1200.0;count;;1000.0;1500.0;1200.0;good;no_of_deaths_by_country_clean.csv;2025-06-30 12:28:07
1949;79;Italy;Europe;4;HIV-related Deaths;2010;830.0;count;;620.0;1100.0;830.0;good;no_of_deaths_by_country_clean.csv;2025-06-30 12:28:07
1779;79;Italy;Europe;4;HIV-related Deaths;2018;710.0;count;;510.0;930.0;710.0;good;no_of_deaths_by_country_clean.csv;2025-06-30 12:28:07
1609;79;Italy;Europe;3;People Living with HIV;2000;68000.0;count;;57000.0;78000.0;68000.0;good;no_of_people_living_with_hiv_by_country_clean.csv;2025-06-30 12:28:07
1439;79;Italy;Europe;3;People Living with HIV;2005;89000.0;count;;76000.0;100000.0;89000.0;good;no_of_people_living_with_hiv_by_country_clean.csv;2025-06-30 12:28:07
1269;79;Italy;Europe;3;People Living with HIV;2010;110000.0;count;;92000.0;120000.0;110000.0;good;no_of_people_living_with_hiv_by_country_clean.csv;2025-06-30 12:28:07
1099;79;Italy;Europe;3;People Living with HIV;2018;130000.0;count;;110000.0;140000.0;130000.0;good;no_of_people_living_with_hiv_by_country_clean.csv;2025-06-30 12:28:07
236;79;Italy;Europe;1;Prevention of Mother-to-Child Transmission;2023;500.0;needing_antiretrovirals;;500.0;500.0;500.0;good;prevention_of_mother_to_child_transmission_by_country_clean.csv;2025-06-30 12:28:07
237;79;Italy;Europe;1;Prevention of Mother-to-Child Transmission;2023;;percentage_received;Nodata              ;;;;good;prevention_of_mother_to_child_transmission_by_country_clean.csv;2025-06-30 12:28:07
235;79;Italy;Europe;1;Prevention of Mother-to-Child Transmission;2023;;received_antiretrovirals;No data                  ;;;;good;prevention_of_mother_to_child_transmission_by_country_clean.csv;2025-06-30 12:28:07
750;80;Jamaica;Americas;2;ART Coverage;2023;31.0;estimated_art_coverage_percent;;27.0;36.0;31.0;good;art_coverage_by_country_clean.csv;2025-06-30 12:28:07
749;80;Jamaica;Americas;2;ART Coverage;2023;40000.0;estimated_living_with_hiv;;35000.0;46000.0;40000.0;good;art_coverage_by_country_clean.csv;2025-06-30 12:28:07
748;80;Jamaica;Americas;2;ART Coverage;2023;12600.0;reported_receiving_art;;;;;good;art_coverage_by_country_clean.csv;2025-06-30 12:28:07
3130;80;Jamaica;Americas;6;ART Pediatric Coverage;2023;51.0;estimated_children_art_coverage_percent;;46.0;57.0;51.0;good;art_pediatric_coverage_by_country_clean.csv;2025-06-30 12:28:07
3129;80;Jamaica;Americas;6;ART Pediatric Coverage;2023;500.0;estimated_children_needing_art;;500.0;500.0;500.0;good;art_pediatric_coverage_by_country_clean.csv;2025-06-30 12:28:07
3128;80;Jamaica;Americas;6;ART Pediatric Coverage;2023;140.0;reported_children_receiving_art;;;;;good;art_pediatric_coverage_by_country_clean.csv;2025-06-30 12:28:07
2800;80;Jamaica;Americas;5;HIV Cases Adults 15-49;2000;2.8;count;;2.5;3.0;2.8;good;no_of_cases_adults_15_to_49_by_country_clean.csv;2025-06-30 12:28:07
2630;80;Jamaica;Americas;5;HIV Cases Adults 15-49;2005;2.3;count;;2.0;2.6;2.3;good;no_of_cases_adults_15_to_49_by_country_clean.csv;2025-06-30 12:28:07
2460;80;Jamaica;Americas;5;HIV Cases Adults 15-49;2010;2.1;count;;1.8;2.3;2.1;good;no_of_cases_adults_15_to_49_by_country_clean.csv;2025-06-30 12:28:07
2290;80;Jamaica;Americas;5;HIV Cases Adults 15-49;2018;1.9;count;;1.6;2.1;1.9;good;no_of_cases_adults_15_to_49_by_country_clean.csv;2025-06-30 12:28:07
2120;80;Jamaica;Americas;4;HIV-related Deaths;2000;2400.0;count;;1900.0;3100.0;2400.0;good;no_of_deaths_by_country_clean.csv;2025-06-30 12:28:07
1950;80;Jamaica;Americas;4;HIV-related Deaths;2010;1800.0;count;;1500.0;2100.0;1800.0;good;no_of_deaths_by_country_clean.csv;2025-06-30 12:28:07
1780;80;Jamaica;Americas;4;HIV-related Deaths;2018;1500.0;count;;1300.0;1800.0;1500.0;good;no_of_deaths_by_country_clean.csv;2025-06-30 12:28:07
1610;80;Jamaica;Americas;3;People Living with HIV;2000;41000.0;count;;37000.0;46000.0;41000.0;good;no_of_people_living_with_hiv_by_country_clean.csv;2025-06-30 12:28:07
1440;80;Jamaica;Americas;3;People Living with HIV;2005;38000.0;count;;33000.0;42000.0;38000.0;good;no_of_people_living_with_hiv_by_country_clean.csv;2025-06-30 12:28:07
1270;80;Jamaica;Americas;3;People Living with HIV;2010;37000.0;count;;32000.0;42000.0;37000.0;good;no_of_people_living_with_hiv_by_country_clean.csv;2025-06-30 12:28:07
1100;80;Jamaica;Americas;3;People Living with HIV;2018;40000.0;count;;35000.0;46000.0;40000.0;good;no_of_people_living_with_hiv_by_country_clean.csv;2025-06-30 12:28:07
239;80;Jamaica;Americas;1;Prevention of Mother-to-Child Transmission;2023;500.0;needing_antiretrovirals;;500.0;500.0;500.0;good;prevention_of_mother_to_child_transmission_by_country_clean.csv;2025-06-30 12:28:07
240;80;Jamaica;Americas;1;Prevention of Mother-to-Child Transmission;2023;95.0;percentage_received;;95.0;95.0;95.0;good;prevention_of_mother_to_child_transmission_by_country_clean.csv;2025-06-30 12:28:07
238;80;Jamaica;Americas;1;Prevention of Mother-to-Child Transmission;2023;400.0;received_antiretrovirals;;;;;good;prevention_of_mother_to_child_transmission_by_country_clean.csv;2025-06-30 12:28:07
753;81;Japan;Western Pacific;2;ART Coverage;2023;80.0;estimated_art_coverage_percent;;68.0;92.0;80.0;good;art_coverage_by_country_clean.csv;2025-06-30 12:28:07
752;81;Japan;Western Pacific;2;ART Coverage;2023;30000.0;estimated_living_with_hiv;;25000.0;34000.0;30000.0;good;art_coverage_by_country_clean.csv;2025-06-30 12:28:07
751;81;Japan;Western Pacific;2;ART Coverage;2023;23700.0;reported_receiving_art;;;;;good;art_coverage_by_country_clean.csv;2025-06-30 12:28:07
3133;81;Japan;Western Pacific;6;ART Pediatric Coverage;2023;;estimated_children_art_coverage_percent;Nodata                                    ;;;;good;art_pediatric_coverage_by_country_clean.csv;2025-06-30 12:28:07
3132;81;Japan;Western Pacific;6;ART Pediatric Coverage;2023;;estimated_children_needing_art;Nodata                                                        ;;;;good;art_pediatric_coverage_by_country_clean.csv;2025-06-30 12:28:07
3131;81;Japan;Western Pacific;6;ART Pediatric Coverage;2023;;reported_children_receiving_art;No data                                   ;;;;good;art_pediatric_coverage_by_country_clean.csv;2025-06-30 12:28:07
2801;81;Japan;Western Pacific;5;HIV Cases Adults 15-49;2000;0.1;count;;0.1;0.1;0.1;good;no_of_cases_adults_15_to_49_by_country_clean.csv;2025-06-30 12:28:07
2631;81;Japan;Western Pacific;5;HIV Cases Adults 15-49;2005;0.1;count;;0.1;0.1;0.1;good;no_of_cases_adults_15_to_49_by_country_clean.csv;2025-06-30 12:28:07
2461;81;Japan;Western Pacific;5;HIV Cases Adults 15-49;2010;0.1;count;;0.1;0.1;0.1;good;no_of_cases_adults_15_to_49_by_country_clean.csv;2025-06-30 12:28:07
2291;81;Japan;Western Pacific;5;HIV Cases Adults 15-49;2018;0.1;count;;0.1;0.1;0.1;good;no_of_cases_adults_15_to_49_by_country_clean.csv;2025-06-30 12:28:07
2121;81;Japan;Western Pacific;4;HIV-related Deaths;2000;;count;na                    ;;;;good;no_of_deaths_by_country_clean.csv;2025-06-30 12:28:07
1951;81;Japan;Western Pacific;4;HIV-related Deaths;2010;;count;na                    ;;;;good;no_of_deaths_by_country_clean.csv;2025-06-30 12:28:07
1781;81;Japan;Western Pacific;4;HIV-related Deaths;2018;;count;na                    ;;;;good;no_of_deaths_by_country_clean.csv;2025-06-30 12:28:07
1611;81;Japan;Western Pacific;3;People Living with HIV;2000;6200.0;count;;5100.0;7200.0;6200.0;good;no_of_people_living_with_hiv_by_country_clean.csv;2025-06-30 12:28:07
1441;81;Japan;Western Pacific;3;People Living with HIV;2005;12000.0;count;;9700.0;14000.0;12000.0;good;no_of_people_living_with_hiv_by_country_clean.csv;2025-06-30 12:28:07
1271;81;Japan;Western Pacific;3;People Living with HIV;2010;19000.0;count;;16000.0;22000.0;19000.0;good;no_of_people_living_with_hiv_by_country_clean.csv;2025-06-30 12:28:07
1101;81;Japan;Western Pacific;3;People Living with HIV;2018;30000.0;count;;25000.0;34000.0;30000.0;good;no_of_people_living_with_hiv_by_country_clean.csv;2025-06-30 12:28:07
242;81;Japan;Western Pacific;1;Prevention of Mother-to-Child Transmission;2023;;needing_antiretrovirals;Nodata                  ;;;;good;prevention_of_mother_to_child_transmission_by_country_clean.csv;2025-06-30 12:28:07
243;81;Japan;Western Pacific;1;Prevention of Mother-to-Child Transmission;2023;;percentage_received;Nodata              ;;;;good;prevention_of_mother_to_child_transmission_by_country_clean.csv;2025-06-30 12:28:07
241;81;Japan;Western Pacific;1;Prevention of Mother-to-Child Transmission;2023;;received_antiretrovirals;No data                  ;;;;good;prevention_of_mother_to_child_transmission_by_country_clean.csv;2025-06-30 12:28:07
756;82;Jordan;Eastern Mediterranean;2;ART Coverage;2023;84.0;estimated_art_coverage_percent;;76.0;95.0;84.0;good;art_coverage_by_country_clean.csv;2025-06-30 12:28:07
755;82;Jordan;Eastern Mediterranean;2;ART Coverage;2023;500.0;estimated_living_with_hiv;;500.0;500.0;500.0;good;art_coverage_by_country_clean.csv;2025-06-30 12:28:07
754;82;Jordan;Eastern Mediterranean;2;ART Coverage;2023;310.0;reported_receiving_art;;;;;good;art_coverage_by_country_clean.csv;2025-06-30 12:28:07
3136;82;Jordan;Eastern Mediterranean;6;ART Pediatric Coverage;2023;;estimated_children_art_coverage_percent;Nodata                                    ;;;;good;art_pediatric_coverage_by_country_clean.csv;2025-06-30 12:28:07
3135;82;Jordan;Eastern Mediterranean;6;ART Pediatric Coverage;2023;;estimated_children_needing_art;Nodata                                                        ;;;;good;art_pediatric_coverage_by_country_clean.csv;2025-06-30 12:28:07
3134;82;Jordan;Eastern Mediterranean;6;ART Pediatric Coverage;2023;;reported_children_receiving_art;No data                                   ;;;;good;art_pediatric_coverage_by_country_clean.csv;2025-06-30 12:28:07
2802;82;Jordan;Eastern Mediterranean;5;HIV Cases Adults 15-49;2000;0.1;count;;0.1;0.1;0.1;good;no_of_cases_adults_15_to_49_by_country_clean.csv;2025-06-30 12:28:07
2632;82;Jordan;Eastern Mediterranean;5;HIV Cases Adults 15-49;2005;0.1;count;;0.1;0.1;0.1;good;no_of_cases_adults_15_to_49_by_country_clean.csv;2025-06-30 12:28:07
2462;82;Jordan;Eastern Mediterranean;5;HIV Cases Adults 15-49;2010;0.1;count;;0.1;0.1;0.1;good;no_of_cases_adults_15_to_49_by_country_clean.csv;2025-06-30 12:28:07
2292;82;Jordan;Eastern Mediterranean;5;HIV Cases Adults 15-49;2018;0.1;count;;0.1;0.1;0.1;good;no_of_cases_adults_15_to_49_by_country_clean.csv;2025-06-30 12:28:07
2122;82;Jordan;Eastern Mediterranean;4;HIV-related Deaths;2000;100.0;count;;100.0;100.0;100.0;good;no_of_deaths_by_country_clean.csv;2025-06-30 12:28:07
1952;82;Jordan;Eastern Mediterranean;4;HIV-related Deaths;2010;100.0;count;;100.0;100.0;100.0;good;no_of_deaths_by_country_clean.csv;2025-06-30 12:28:07
1782;82;Jordan;Eastern Mediterranean;4;HIV-related Deaths;2018;100.0;count;;100.0;100.0;100.0;good;no_of_deaths_by_country_clean.csv;2025-06-30 12:28:07
1612;82;Jordan;Eastern Mediterranean;3;People Living with HIV;2000;100.0;count;;100.0;200.0;100.0;good;no_of_people_living_with_hiv_by_country_clean.csv;2025-06-30 12:28:07
1442;82;Jordan;Eastern Mediterranean;3;People Living with HIV;2005;200.0;count;;200.0;200.0;200.0;good;no_of_people_living_with_hiv_by_country_clean.csv;2025-06-30 12:28:07
1272;82;Jordan;Eastern Mediterranean;3;People Living with HIV;2010;200.0;count;;200.0;500.0;200.0;good;no_of_people_living_with_hiv_by_country_clean.csv;2025-06-30 12:28:07
1102;82;Jordan;Eastern Mediterranean;3;People Living with HIV;2018;500.0;count;;500.0;500.0;500.0;good;no_of_people_living_with_hiv_by_country_clean.csv;2025-06-30 12:28:07
245;82;Jordan;Eastern Mediterranean;1;Prevention of Mother-to-Child Transmission;2023;;needing_antiretrovirals;Nodata                  ;;;;good;prevention_of_mother_to_child_transmission_by_country_clean.csv;2025-06-30 12:28:07
246;82;Jordan;Eastern Mediterranean;1;Prevention of Mother-to-Child Transmission;2023;;percentage_received;Nodata              ;;;;good;prevention_of_mother_to_child_transmission_by_country_clean.csv;2025-06-30 12:28:07
244;82;Jordan;Eastern Mediterranean;1;Prevention of Mother-to-Child Transmission;2023;;received_antiretrovirals;No data                  ;;;;good;prevention_of_mother_to_child_transmission_by_country_clean.csv;2025-06-30 12:28:07
759;83;Kazakhstan;Europe;2;ART Coverage;2023;58.0;estimated_art_coverage_percent;;54.0;62.0;58.0;good;art_coverage_by_country_clean.csv;2025-06-30 12:28:07
758;83;Kazakhstan;Europe;2;ART Coverage;2023;26000.0;estimated_living_with_hiv;;24000.0;27000.0;26000.0;good;art_coverage_by_country_clean.csv;2025-06-30 12:28:07
757;83;Kazakhstan;Europe;2;ART Coverage;2023;15000.0;reported_receiving_art;;;;;good;art_coverage_by_country_clean.csv;2025-06-30 12:28:07
3139;83;Kazakhstan;Europe;6;ART Pediatric Coverage;2023;95.0;estimated_children_art_coverage_percent;;95.0;95.0;95.0;good;art_pediatric_coverage_by_country_clean.csv;2025-06-30 12:28:07
3138;83;Kazakhstan;Europe;6;ART Pediatric Coverage;2023;500.0;estimated_children_needing_art;;500.0;500.0;500.0;good;art_pediatric_coverage_by_country_clean.csv;2025-06-30 12:28:07
3137;83;Kazakhstan;Europe;6;ART Pediatric Coverage;2023;430.0;reported_children_receiving_art;;;;;good;art_pediatric_coverage_by_country_clean.csv;2025-06-30 12:28:07
2803;83;Kazakhstan;Europe;5;HIV Cases Adults 15-49;2000;0.1;count;;0.1;0.1;0.1;good;no_of_cases_adults_15_to_49_by_country_clean.csv;2025-06-30 12:28:07
2633;83;Kazakhstan;Europe;5;HIV Cases Adults 15-49;2005;0.1;count;;0.1;0.1;0.1;good;no_of_cases_adults_15_to_49_by_country_clean.csv;2025-06-30 12:28:07
2463;83;Kazakhstan;Europe;5;HIV Cases Adults 15-49;2010;0.1;count;;0.1;0.1;0.1;good;no_of_cases_adults_15_to_49_by_country_clean.csv;2025-06-30 12:28:07
2293;83;Kazakhstan;Europe;5;HIV Cases Adults 15-49;2018;0.2;count;;0.2;0.2;0.2;good;no_of_cases_adults_15_to_49_by_country_clean.csv;2025-06-30 12:28:07
2123;83;Kazakhstan;Europe;4;HIV-related Deaths;2000;100.0;count;;100.0;100.0;100.0;good;no_of_deaths_by_country_clean.csv;2025-06-30 12:28:07
1953;83;Kazakhstan;Europe;4;HIV-related Deaths;2010;500.0;count;;500.0;500.0;500.0;good;no_of_deaths_by_country_clean.csv;2025-06-30 12:28:07
1783;83;Kazakhstan;Europe;4;HIV-related Deaths;2018;500.0;count;;500.0;530.0;500.0;good;no_of_deaths_by_country_clean.csv;2025-06-30 12:28:07
1613;83;Kazakhstan;Europe;3;People Living with HIV;2000;1100.0;count;;1100.0;1200.0;1100.0;good;no_of_people_living_with_hiv_by_country_clean.csv;2025-06-30 12:28:07
1443;83;Kazakhstan;Europe;3;People Living with HIV;2005;4000.0;count;;3800.0;4300.0;4000.0;good;no_of_people_living_with_hiv_by_country_clean.csv;2025-06-30 12:28:07
1273;83;Kazakhstan;Europe;3;People Living with HIV;2010;11000.0;count;;10000.0;11000.0;11000.0;good;no_of_people_living_with_hiv_by_country_clean.csv;2025-06-30 12:28:07
1103;83;Kazakhstan;Europe;3;People Living with HIV;2018;26000.0;count;;24000.0;27000.0;26000.0;good;no_of_people_living_with_hiv_by_country_clean.csv;2025-06-30 12:28:07
248;83;Kazakhstan;Europe;1;Prevention of Mother-to-Child Transmission;2023;610.0;needing_antiretrovirals;;550.0;660.0;610.0;good;prevention_of_mother_to_child_transmission_by_country_clean.csv;2025-06-30 12:28:07
249;83;Kazakhstan;Europe;1;Prevention of Mother-to-Child Transmission;2023;59.0;percentage_received;;54.0;65.0;59.0;good;prevention_of_mother_to_child_transmission_by_country_clean.csv;2025-06-30 12:28:07
247;83;Kazakhstan;Europe;1;Prevention of Mother-to-Child Transmission;2023;360.0;received_antiretrovirals;;;;;good;prevention_of_mother_to_child_transmission_by_country_clean.csv;2025-06-30 12:28:07
762;84;Kenya;Africa;2;ART Coverage;2023;68.0;estimated_art_coverage_percent;;58.0;82.0;68.0;good;art_coverage_by_country_clean.csv;2025-06-30 12:28:07
761;84;Kenya;Africa;2;ART Coverage;2023;1600000.0;estimated_living_with_hiv;;1300000.0;1900000.0;1600000.0;good;art_coverage_by_country_clean.csv;2025-06-30 12:28:07
760;84;Kenya;Africa;2;ART Coverage;2023;1068000.0;reported_receiving_art;;;;;good;art_coverage_by_country_clean.csv;2025-06-30 12:28:07
3142;84;Kenya;Africa;6;ART Pediatric Coverage;2023;61.0;estimated_children_art_coverage_percent;;47.0;78.0;61.0;good;art_pediatric_coverage_by_country_clean.csv;2025-06-30 12:28:07
3141;84;Kenya;Africa;6;ART Pediatric Coverage;2023;120000.0;estimated_children_needing_art;;95000.0;160000.0;120000.0;good;art_pediatric_coverage_by_country_clean.csv;2025-06-30 12:28:07
3140;84;Kenya;Africa;6;ART Pediatric Coverage;2023;74300.0;reported_children_receiving_art;;;;;good;art_pediatric_coverage_by_country_clean.csv;2025-06-30 12:28:07
2804;84;Kenya;Africa;5;HIV Cases Adults 15-49;2000;9.8;count;;8.4;11.7;9.8;good;no_of_cases_adults_15_to_49_by_country_clean.csv;2025-06-30 12:28:07
2634;84;Kenya;Africa;5;HIV Cases Adults 15-49;2005;7.3;count;;6.2;8.7;7.3;good;no_of_cases_adults_15_to_49_by_country_clean.csv;2025-06-30 12:28:07
2464;84;Kenya;Africa;5;HIV Cases Adults 15-49;2010;6.0;count;;5.1;7.1;6.0;good;no_of_cases_adults_15_to_49_by_country_clean.csv;2025-06-30 12:28:07
2294;84;Kenya;Africa;5;HIV Cases Adults 15-49;2018;4.7;count;;4.0;5.7;4.7;good;no_of_cases_adults_15_to_49_by_country_clean.csv;2025-06-30 12:28:07
2124;84;Kenya;Africa;4;HIV-related Deaths;2000;120000.0;count;;88000.0;190000.0;120000.0;good;no_of_deaths_by_country_clean.csv;2025-06-30 12:28:07
1954;84;Kenya;Africa;4;HIV-related Deaths;2010;56000.0;count;;41000.0;86000.0;56000.0;good;no_of_deaths_by_country_clean.csv;2025-06-30 12:28:07
1784;84;Kenya;Africa;4;HIV-related Deaths;2018;25000.0;count;;18000.0;38000.0;25000.0;good;no_of_deaths_by_country_clean.csv;2025-06-30 12:28:07
1614;84;Kenya;Africa;3;People Living with HIV;2000;1700000.0;count;;1400000.0;2000000.0;1700000.0;good;no_of_people_living_with_hiv_by_country_clean.csv;2025-06-30 12:28:07
1444;84;Kenya;Africa;3;People Living with HIV;2005;1500000.0;count;;1300000.0;1900000.0;1500000.0;good;no_of_people_living_with_hiv_by_country_clean.csv;2025-06-30 12:28:07
1274;84;Kenya;Africa;3;People Living with HIV;2010;1500000.0;count;;1200000.0;1800000.0;1500000.0;good;no_of_people_living_with_hiv_by_country_clean.csv;2025-06-30 12:28:07
1104;84;Kenya;Africa;3;People Living with HIV;2018;1600000.0;count;;1300000.0;1900000.0;1600000.0;good;no_of_people_living_with_hiv_by_country_clean.csv;2025-06-30 12:28:07
251;84;Kenya;Africa;1;Prevention of Mother-to-Child Transmission;2023;63000.0;needing_antiretrovirals;;49000.0;80000.0;63000.0;good;prevention_of_mother_to_child_transmission_by_country_clean.csv;2025-06-30 12:28:07
252;84;Kenya;Africa;1;Prevention of Mother-to-Child Transmission;2023;91.0;percentage_received;;70.0;95.0;91.0;good;prevention_of_mother_to_child_transmission_by_country_clean.csv;2025-06-30 12:28:07
250;84;Kenya;Africa;1;Prevention of Mother-to-Child Transmission;2023;57500.0;received_antiretrovirals;;;;;good;prevention_of_mother_to_child_transmission_by_country_clean.csv;2025-06-30 12:28:07
765;85;Kuwait;Eastern Mediterranean;2;ART Coverage;2023;62.0;estimated_art_coverage_percent;;55.0;67.0;62.0;good;art_coverage_by_country_clean.csv;2025-06-30 12:28:07
764;85;Kuwait;Eastern Mediterranean;2;ART Coverage;2023;640.0;estimated_living_with_hiv;;580.0;700.0;640.0;good;art_coverage_by_country_clean.csv;2025-06-30 12:28:07
763;85;Kuwait;Eastern Mediterranean;2;ART Coverage;2023;400.0;reported_receiving_art;;;;;good;art_coverage_by_country_clean.csv;2025-06-30 12:28:07
3145;85;Kuwait;Eastern Mediterranean;6;ART Pediatric Coverage;2023;;estimated_children_art_coverage_percent;Nodata                                    ;;;;good;art_pediatric_coverage_by_country_clean.csv;2025-06-30 12:28:07
3144;85;Kuwait;Eastern Mediterranean;6;ART Pediatric Coverage;2023;;estimated_children_needing_art;Nodata                                                        ;;;;good;art_pediatric_coverage_by_country_clean.csv;2025-06-30 12:28:07
3143;85;Kuwait;Eastern Mediterranean;6;ART Pediatric Coverage;2023;;reported_children_receiving_art;No data                                   ;;;;good;art_pediatric_coverage_by_country_clean.csv;2025-06-30 12:28:07
2805;85;Kuwait;Eastern Mediterranean;5;HIV Cases Adults 15-49;2000;0.1;count;;0.1;0.1;0.1;good;no_of_cases_adults_15_to_49_by_country_clean.csv;2025-06-30 12:28:07
2635;85;Kuwait;Eastern Mediterranean;5;HIV Cases Adults 15-49;2005;0.1;count;;0.1;0.1;0.1;good;no_of_cases_adults_15_to_49_by_country_clean.csv;2025-06-30 12:28:07
2465;85;Kuwait;Eastern Mediterranean;5;HIV Cases Adults 15-49;2010;0.1;count;;0.1;0.1;0.1;good;no_of_cases_adults_15_to_49_by_country_clean.csv;2025-06-30 12:28:07
2295;85;Kuwait;Eastern Mediterranean;5;HIV Cases Adults 15-49;2018;0.1;count;;0.1;0.1;0.1;good;no_of_cases_adults_15_to_49_by_country_clean.csv;2025-06-30 12:28:07
2125;85;Kuwait;Eastern Mediterranean;4;HIV-related Deaths;2000;100.0;count;;100.0;100.0;100.0;good;no_of_deaths_by_country_clean.csv;2025-06-30 12:28:07
1955;85;Kuwait;Eastern Mediterranean;4;HIV-related Deaths;2010;100.0;count;;100.0;100.0;100.0;good;no_of_deaths_by_country_clean.csv;2025-06-30 12:28:07
1785;85;Kuwait;Eastern Mediterranean;4;HIV-related Deaths;2018;100.0;count;;100.0;100.0;100.0;good;no_of_deaths_by_country_clean.csv;2025-06-30 12:28:07
1615;85;Kuwait;Eastern Mediterranean;3;People Living with HIV;2000;200.0;count;;200.0;200.0;200.0;good;no_of_people_living_with_hiv_by_country_clean.csv;2025-06-30 12:28:07
1445;85;Kuwait;Eastern Mediterranean;3;People Living with HIV;2005;500.0;count;;500.0;500.0;500.0;good;no_of_people_living_with_hiv_by_country_clean.csv;2025-06-30 12:28:07
1275;85;Kuwait;Eastern Mediterranean;3;People Living with HIV;2010;500.0;count;;500.0;500.0;500.0;good;no_of_people_living_with_hiv_by_country_clean.csv;2025-06-30 12:28:07
1105;85;Kuwait;Eastern Mediterranean;3;People Living with HIV;2018;640.0;count;;580.0;700.0;640.0;good;no_of_people_living_with_hiv_by_country_clean.csv;2025-06-30 12:28:07
254;85;Kuwait;Eastern Mediterranean;1;Prevention of Mother-to-Child Transmission;2023;;needing_antiretrovirals;Nodata                  ;;;;good;prevention_of_mother_to_child_transmission_by_country_clean.csv;2025-06-30 12:28:07
255;85;Kuwait;Eastern Mediterranean;1;Prevention of Mother-to-Child Transmission;2023;;percentage_received;Nodata              ;;;;good;prevention_of_mother_to_child_transmission_by_country_clean.csv;2025-06-30 12:28:07
253;85;Kuwait;Eastern Mediterranean;1;Prevention of Mother-to-Child Transmission;2023;0.0;received_antiretrovirals;;;;;good;prevention_of_mother_to_child_transmission_by_country_clean.csv;2025-06-30 12:28:07
768;86;Kyrgyzstan;Europe;2;ART Coverage;2023;43.0;estimated_art_coverage_percent;;33.0;59.0;43.0;good;art_coverage_by_country_clean.csv;2025-06-30 12:28:07
767;86;Kyrgyzstan;Europe;2;ART Coverage;2023;8500.0;estimated_living_with_hiv;;6500.0;12000.0;8500.0;good;art_coverage_by_country_clean.csv;2025-06-30 12:28:07
766;86;Kyrgyzstan;Europe;2;ART Coverage;2023;3700.0;reported_receiving_art;;;;;good;art_coverage_by_country_clean.csv;2025-06-30 12:28:07
3148;86;Kyrgyzstan;Europe;6;ART Pediatric Coverage;2023;95.0;estimated_children_art_coverage_percent;;95.0;95.0;95.0;good;art_pediatric_coverage_by_country_clean.csv;2025-06-30 12:28:07
3147;86;Kyrgyzstan;Europe;6;ART Pediatric Coverage;2023;500.0;estimated_children_needing_art;;500.0;500.0;500.0;good;art_pediatric_coverage_by_country_clean.csv;2025-06-30 12:28:07
3146;86;Kyrgyzstan;Europe;6;ART Pediatric Coverage;2023;450.0;reported_children_receiving_art;;;;;good;art_pediatric_coverage_by_country_clean.csv;2025-06-30 12:28:07
2806;86;Kyrgyzstan;Europe;5;HIV Cases Adults 15-49;2000;0.1;count;;0.1;0.1;0.1;good;no_of_cases_adults_15_to_49_by_country_clean.csv;2025-06-30 12:28:07
2636;86;Kyrgyzstan;Europe;5;HIV Cases Adults 15-49;2005;0.1;count;;0.1;0.1;0.1;good;no_of_cases_adults_15_to_49_by_country_clean.csv;2025-06-30 12:28:07
2466;86;Kyrgyzstan;Europe;5;HIV Cases Adults 15-49;2010;0.1;count;;0.1;0.2;0.1;good;no_of_cases_adults_15_to_49_by_country_clean.csv;2025-06-30 12:28:07
2296;86;Kyrgyzstan;Europe;5;HIV Cases Adults 15-49;2018;0.2;count;;0.2;0.3;0.2;good;no_of_cases_adults_15_to_49_by_country_clean.csv;2025-06-30 12:28:07
2126;86;Kyrgyzstan;Europe;4;HIV-related Deaths;2000;100.0;count;;100.0;100.0;100.0;good;no_of_deaths_by_country_clean.csv;2025-06-30 12:28:07
1956;86;Kyrgyzstan;Europe;4;HIV-related Deaths;2010;200.0;count;;100.0;200.0;200.0;good;no_of_deaths_by_country_clean.csv;2025-06-30 12:28:07
1786;86;Kyrgyzstan;Europe;4;HIV-related Deaths;2018;200.0;count;;200.0;500.0;200.0;good;no_of_deaths_by_country_clean.csv;2025-06-30 12:28:07
1616;86;Kyrgyzstan;Europe;3;People Living with HIV;2000;710.0;count;;580.0;840.0;710.0;good;no_of_people_living_with_hiv_by_country_clean.csv;2025-06-30 12:28:07
1446;86;Kyrgyzstan;Europe;3;People Living with HIV;2005;1500.0;count;;1300.0;1900.0;1500.0;good;no_of_people_living_with_hiv_by_country_clean.csv;2025-06-30 12:28:07
1276;86;Kyrgyzstan;Europe;3;People Living with HIV;2010;4100.0;count;;3200.0;5500.0;4100.0;good;no_of_people_living_with_hiv_by_country_clean.csv;2025-06-30 12:28:07
1106;86;Kyrgyzstan;Europe;3;People Living with HIV;2018;8500.0;count;;6500.0;12000.0;8500.0;good;no_of_people_living_with_hiv_by_country_clean.csv;2025-06-30 12:28:07
257;86;Kyrgyzstan;Europe;1;Prevention of Mother-to-Child Transmission;2023;200.0;needing_antiretrovirals;;200.0;500.0;200.0;good;prevention_of_mother_to_child_transmission_by_country_clean.csv;2025-06-30 12:28:07
258;86;Kyrgyzstan;Europe;1;Prevention of Mother-to-Child Transmission;2023;88.0;percentage_received;;69.0;95.0;88.0;good;prevention_of_mother_to_child_transmission_by_country_clean.csv;2025-06-30 12:28:07
256;86;Kyrgyzstan;Europe;1;Prevention of Mother-to-Child Transmission;2023;130.0;received_antiretrovirals;;;;;good;prevention_of_mother_to_child_transmission_by_country_clean.csv;2025-06-30 12:28:07
771;87;Laos;Western Pacific;2;ART Coverage;2023;54.0;estimated_art_coverage_percent;;48.0;62.0;54.0;good;art_coverage_by_country_clean.csv;2025-06-30 12:28:07
770;87;Laos;Western Pacific;2;ART Coverage;2023;12000.0;estimated_living_with_hiv;;11000.0;14000.0;12000.0;good;art_coverage_by_country_clean.csv;2025-06-30 12:28:07
769;87;Laos;Western Pacific;2;ART Coverage;2023;6500.0;reported_receiving_art;;;;;good;art_coverage_by_country_clean.csv;2025-06-30 12:28:07
3151;87;Laos;Western Pacific;6;ART Pediatric Coverage;2023;40.0;estimated_children_art_coverage_percent;;35.0;46.0;40.0;good;art_pediatric_coverage_by_country_clean.csv;2025-06-30 12:28:07
3150;87;Laos;Western Pacific;6;ART Pediatric Coverage;2023;700.0;estimated_children_needing_art;;620.0;820.0;700.0;good;art_pediatric_coverage_by_country_clean.csv;2025-06-30 12:28:07
3149;87;Laos;Western Pacific;6;ART Pediatric Coverage;2023;280.0;reported_children_receiving_art;;;;;good;art_pediatric_coverage_by_country_clean.csv;2025-06-30 12:28:07
2807;87;Laos;Western Pacific;5;HIV Cases Adults 15-49;2000;0.1;count;;0.1;0.1;0.1;good;no_of_cases_adults_15_to_49_by_country_clean.csv;2025-06-30 12:28:07
2637;87;Laos;Western Pacific;5;HIV Cases Adults 15-49;2005;0.2;count;;0.2;0.3;0.2;good;no_of_cases_adults_15_to_49_by_country_clean.csv;2025-06-30 12:28:07
2467;87;Laos;Western Pacific;5;HIV Cases Adults 15-49;2010;0.3;count;;0.2;0.3;0.3;good;no_of_cases_adults_15_to_49_by_country_clean.csv;2025-06-30 12:28:07
2297;87;Laos;Western Pacific;5;HIV Cases Adults 15-49;2018;0.3;count;;0.2;0.3;0.3;good;no_of_cases_adults_15_to_49_by_country_clean.csv;2025-06-30 12:28:07
2127;87;Laos;Western Pacific;4;HIV-related Deaths;2000;100.0;count;;100.0;100.0;100.0;good;no_of_deaths_by_country_clean.csv;2025-06-30 12:28:07
1957;87;Laos;Western Pacific;4;HIV-related Deaths;2010;500.0;count;;500.0;500.0;500.0;good;no_of_deaths_by_country_clean.csv;2025-06-30 12:28:07
1787;87;Laos;Western Pacific;4;HIV-related Deaths;2018;500.0;count;;500.0;500.0;500.0;good;no_of_deaths_by_country_clean.csv;2025-06-30 12:28:07
1617;87;Laos;Western Pacific;3;People Living with HIV;2000;2200.0;count;;2000.0;2400.0;2200.0;good;no_of_people_living_with_hiv_by_country_clean.csv;2025-06-30 12:28:07
1447;87;Laos;Western Pacific;3;People Living with HIV;2005;6700.0;count;;6000.0;7500.0;6700.0;good;no_of_people_living_with_hiv_by_country_clean.csv;2025-06-30 12:28:07
1277;87;Laos;Western Pacific;3;People Living with HIV;2010;9900.0;count;;8800.0;11000.0;9900.0;good;no_of_people_living_with_hiv_by_country_clean.csv;2025-06-30 12:28:07
1107;87;Laos;Western Pacific;3;People Living with HIV;2018;12000.0;count;;11000.0;14000.0;12000.0;good;no_of_people_living_with_hiv_by_country_clean.csv;2025-06-30 12:28:07
260;87;Laos;Western Pacific;1;Prevention of Mother-to-Child Transmission;2023;500.0;needing_antiretrovirals;;500.0;500.0;500.0;good;prevention_of_mother_to_child_transmission_by_country_clean.csv;2025-06-30 12:28:07
261;87;Laos;Western Pacific;1;Prevention of Mother-to-Child Transmission;2023;35.0;percentage_received;;31.0;41.0;35.0;good;prevention_of_mother_to_child_transmission_by_country_clean.csv;2025-06-30 12:28:07
259;87;Laos;Western Pacific;1;Prevention of Mother-to-Child Transmission;2023;90.0;received_antiretrovirals;;;;;good;prevention_of_mother_to_child_transmission_by_country_clean.csv;2025-06-30 12:28:07
774;88;Latvia;Europe;2;ART Coverage;2023;45.0;estimated_art_coverage_percent;;41.0;50.0;45.0;good;art_coverage_by_country_clean.csv;2025-06-30 12:28:07
773;88;Latvia;Europe;2;ART Coverage;2023;5300.0;estimated_living_with_hiv;;4800.0;5900.0;5300.0;good;art_coverage_by_country_clean.csv;2025-06-30 12:28:07
772;88;Latvia;Europe;2;ART Coverage;2023;2400.0;reported_receiving_art;;;;;good;art_coverage_by_country_clean.csv;2025-06-30 12:28:07
3154;88;Latvia;Europe;6;ART Pediatric Coverage;2023;;estimated_children_art_coverage_percent;Nodata                                    ;;;;good;art_pediatric_coverage_by_country_clean.csv;2025-06-30 12:28:07
3153;88;Latvia;Europe;6;ART Pediatric Coverage;2023;;estimated_children_needing_art;Nodata                                                        ;;;;good;art_pediatric_coverage_by_country_clean.csv;2025-06-30 12:28:07
3152;88;Latvia;Europe;6;ART Pediatric Coverage;2023;;reported_children_receiving_art;No data                                   ;;;;good;art_pediatric_coverage_by_country_clean.csv;2025-06-30 12:28:07
2808;88;Latvia;Europe;5;HIV Cases Adults 15-49;2000;0.2;count;;0.2;0.2;0.2;good;no_of_cases_adults_15_to_49_by_country_clean.csv;2025-06-30 12:28:07
2638;88;Latvia;Europe;5;HIV Cases Adults 15-49;2005;0.3;count;;0.2;0.3;0.3;good;no_of_cases_adults_15_to_49_by_country_clean.csv;2025-06-30 12:28:07
2468;88;Latvia;Europe;5;HIV Cases Adults 15-49;2010;0.3;count;;0.3;0.4;0.3;good;no_of_cases_adults_15_to_49_by_country_clean.csv;2025-06-30 12:28:07
2298;88;Latvia;Europe;5;HIV Cases Adults 15-49;2018;0.4;count;;0.4;0.5;0.4;good;no_of_cases_adults_15_to_49_by_country_clean.csv;2025-06-30 12:28:07
2128;88;Latvia;Europe;4;HIV-related Deaths;2000;100.0;count;;100.0;200.0;100.0;good;no_of_deaths_by_country_clean.csv;2025-06-30 12:28:07
1958;88;Latvia;Europe;4;HIV-related Deaths;2010;200.0;count;;200.0;200.0;200.0;good;no_of_deaths_by_country_clean.csv;2025-06-30 12:28:07
1788;88;Latvia;Europe;4;HIV-related Deaths;2018;100.0;count;;100.0;100.0;100.0;good;no_of_deaths_by_country_clean.csv;2025-06-30 12:28:07
1618;88;Latvia;Europe;3;People Living with HIV;2000;2300.0;count;;2200.0;2500.0;2300.0;good;no_of_people_living_with_hiv_by_country_clean.csv;2025-06-30 12:28:07
1448;88;Latvia;Europe;3;People Living with HIV;2005;3200.0;count;;2900.0;3600.0;3200.0;good;no_of_people_living_with_hiv_by_country_clean.csv;2025-06-30 12:28:07
1278;88;Latvia;Europe;3;People Living with HIV;2010;4000.0;count;;3500.0;4500.0;4000.0;good;no_of_people_living_with_hiv_by_country_clean.csv;2025-06-30 12:28:07
1108;88;Latvia;Europe;3;People Living with HIV;2018;5300.0;count;;4800.0;5900.0;5300.0;good;no_of_people_living_with_hiv_by_country_clean.csv;2025-06-30 12:28:07
263;88;Latvia;Europe;1;Prevention of Mother-to-Child Transmission;2023;;needing_antiretrovirals;Nodata                  ;;;;good;prevention_of_mother_to_child_transmission_by_country_clean.csv;2025-06-30 12:28:07
264;88;Latvia;Europe;1;Prevention of Mother-to-Child Transmission;2023;;percentage_received;Nodata              ;;;;good;prevention_of_mother_to_child_transmission_by_country_clean.csv;2025-06-30 12:28:07
262;88;Latvia;Europe;1;Prevention of Mother-to-Child Transmission;2023;;received_antiretrovirals;No data                  ;;;;good;prevention_of_mother_to_child_transmission_by_country_clean.csv;2025-06-30 12:28:07
777;89;Lebanon;Eastern Mediterranean;2;ART Coverage;2023;60.0;estimated_art_coverage_percent;;53.0;67.0;60.0;good;art_coverage_by_country_clean.csv;2025-06-30 12:28:07
776;89;Lebanon;Eastern Mediterranean;2;ART Coverage;2023;2500.0;estimated_living_with_hiv;;2200.0;2800.0;2500.0;good;art_coverage_by_country_clean.csv;2025-06-30 12:28:07
775;89;Lebanon;Eastern Mediterranean;2;ART Coverage;2023;1500.0;reported_receiving_art;;;;;good;art_coverage_by_country_clean.csv;2025-06-30 12:28:07
3157;89;Lebanon;Eastern Mediterranean;6;ART Pediatric Coverage;2023;;estimated_children_art_coverage_percent;Nodata                                    ;;;;good;art_pediatric_coverage_by_country_clean.csv;2025-06-30 12:28:07
3156;89;Lebanon;Eastern Mediterranean;6;ART Pediatric Coverage;2023;;estimated_children_needing_art;Nodata                                                        ;;;;good;art_pediatric_coverage_by_country_clean.csv;2025-06-30 12:28:07
3155;89;Lebanon;Eastern Mediterranean;6;ART Pediatric Coverage;2023;;reported_children_receiving_art;No data                                   ;;;;good;art_pediatric_coverage_by_country_clean.csv;2025-06-30 12:28:07
2809;89;Lebanon;Eastern Mediterranean;5;HIV Cases Adults 15-49;2000;0.1;count;;0.1;0.1;0.1;good;no_of_cases_adults_15_to_49_by_country_clean.csv;2025-06-30 12:28:07
2639;89;Lebanon;Eastern Mediterranean;5;HIV Cases Adults 15-49;2005;0.1;count;;0.1;0.1;0.1;good;no_of_cases_adults_15_to_49_by_country_clean.csv;2025-06-30 12:28:07
2469;89;Lebanon;Eastern Mediterranean;5;HIV Cases Adults 15-49;2010;0.1;count;;0.1;0.1;0.1;good;no_of_cases_adults_15_to_49_by_country_clean.csv;2025-06-30 12:28:07
2299;89;Lebanon;Eastern Mediterranean;5;HIV Cases Adults 15-49;2018;0.1;count;;0.1;0.1;0.1;good;no_of_cases_adults_15_to_49_by_country_clean.csv;2025-06-30 12:28:07
2129;89;Lebanon;Eastern Mediterranean;4;HIV-related Deaths;2000;100.0;count;;100.0;100.0;100.0;good;no_of_deaths_by_country_clean.csv;2025-06-30 12:28:07
1959;89;Lebanon;Eastern Mediterranean;4;HIV-related Deaths;2010;100.0;count;;100.0;100.0;100.0;good;no_of_deaths_by_country_clean.csv;2025-06-30 12:28:07
1789;89;Lebanon;Eastern Mediterranean;4;HIV-related Deaths;2018;100.0;count;;100.0;100.0;100.0;good;no_of_deaths_by_country_clean.csv;2025-06-30 12:28:07
1619;89;Lebanon;Eastern Mediterranean;3;People Living with HIV;2000;910.0;count;;790.0;1000.0;910.0;good;no_of_people_living_with_hiv_by_country_clean.csv;2025-06-30 12:28:07
1449;89;Lebanon;Eastern Mediterranean;3;People Living with HIV;2005;1300.0;count;;1100.0;1400.0;1300.0;good;no_of_people_living_with_hiv_by_country_clean.csv;2025-06-30 12:28:07
1279;89;Lebanon;Eastern Mediterranean;3;People Living with HIV;2010;1600.0;count;;1400.0;1800.0;1600.0;good;no_of_people_living_with_hiv_by_country_clean.csv;2025-06-30 12:28:07
1109;89;Lebanon;Eastern Mediterranean;3;People Living with HIV;2018;2500.0;count;;2200.0;2800.0;2500.0;good;no_of_people_living_with_hiv_by_country_clean.csv;2025-06-30 12:28:07
266;89;Lebanon;Eastern Mediterranean;1;Prevention of Mother-to-Child Transmission;2023;;needing_antiretrovirals;Nodata                  ;;;;good;prevention_of_mother_to_child_transmission_by_country_clean.csv;2025-06-30 12:28:07
267;89;Lebanon;Eastern Mediterranean;1;Prevention of Mother-to-Child Transmission;2023;;percentage_received;Nodata              ;;;;good;prevention_of_mother_to_child_transmission_by_country_clean.csv;2025-06-30 12:28:07
265;89;Lebanon;Eastern Mediterranean;1;Prevention of Mother-to-Child Transmission;2023;;received_antiretrovirals;No data                  ;;;;good;prevention_of_mother_to_child_transmission_by_country_clean.csv;2025-06-30 12:28:07
780;90;Lesotho;Africa;2;ART Coverage;2023;61.0;estimated_art_coverage_percent;;57.0;65.0;61.0;good;art_coverage_by_country_clean.csv;2025-06-30 12:28:07
779;90;Lesotho;Africa;2;ART Coverage;2023;340000.0;estimated_living_with_hiv;;320000.0;360000.0;340000.0;good;art_coverage_by_country_clean.csv;2025-06-30 12:28:07
778;90;Lesotho;Africa;2;ART Coverage;2023;206000.0;reported_receiving_art;;;;;good;art_coverage_by_country_clean.csv;2025-06-30 12:28:07
3160;90;Lesotho;Africa;6;ART Pediatric Coverage;2023;70.0;estimated_children_art_coverage_percent;;55.0;81.0;70.0;good;art_pediatric_coverage_by_country_clean.csv;2025-06-30 12:28:07
3159;90;Lesotho;Africa;6;ART Pediatric Coverage;2023;12000.0;estimated_children_needing_art;;9500.0;14000.0;12000.0;good;art_pediatric_coverage_by_country_clean.csv;2025-06-30 12:28:07
3158;90;Lesotho;Africa;6;ART Pediatric Coverage;2023;8500.0;reported_children_receiving_art;;;;;good;art_pediatric_coverage_by_country_clean.csv;2025-06-30 12:28:07
2810;90;Lesotho;Africa;5;HIV Cases Adults 15-49;2000;23.2;count;;21.5;24.8;23.2;good;no_of_cases_adults_15_to_49_by_country_clean.csv;2025-06-30 12:28:07
2640;90;Lesotho;Africa;5;HIV Cases Adults 15-49;2005;23.8;count;;22.9;24.8;23.8;good;no_of_cases_adults_15_to_49_by_country_clean.csv;2025-06-30 12:28:07
2470;90;Lesotho;Africa;5;HIV Cases Adults 15-49;2010;24.1;count;;22.7;24.9;24.1;good;no_of_cases_adults_15_to_49_by_country_clean.csv;2025-06-30 12:28:07
2300;90;Lesotho;Africa;5;HIV Cases Adults 15-49;2018;23.6;count;;21.2;24.7;23.6;good;no_of_cases_adults_15_to_49_by_country_clean.csv;2025-06-30 12:28:07
2130;90;Lesotho;Africa;4;HIV-related Deaths;2000;12000.0;count;;9000.0;16000.0;12000.0;good;no_of_deaths_by_country_clean.csv;2025-06-30 12:28:07
1960;90;Lesotho;Africa;4;HIV-related Deaths;2010;7200.0;count;;5600.0;10000.0;7200.0;good;no_of_deaths_by_country_clean.csv;2025-06-30 12:28:07
1790;90;Lesotho;Africa;4;HIV-related Deaths;2018;6100.0;count;;5000.0;7600.0;6100.0;good;no_of_deaths_by_country_clean.csv;2025-06-30 12:28:07
1620;90;Lesotho;Africa;3;People Living with HIV;2000;260000.0;count;;240000.0;290000.0;260000.0;good;no_of_people_living_with_hiv_by_country_clean.csv;2025-06-30 12:28:07
1450;90;Lesotho;Africa;3;People Living with HIV;2005;280000.0;count;;260000.0;300000.0;280000.0;good;no_of_people_living_with_hiv_by_country_clean.csv;2025-06-30 12:28:07
1280;90;Lesotho;Africa;3;People Living with HIV;2010;300000.0;count;;280000.0;320000.0;300000.0;good;no_of_people_living_with_hiv_by_country_clean.csv;2025-06-30 12:28:07
1110;90;Lesotho;Africa;3;People Living with HIV;2018;340000.0;count;;320000.0;360000.0;340000.0;good;no_of_people_living_with_hiv_by_country_clean.csv;2025-06-30 12:28:07
269;90;Lesotho;Africa;1;Prevention of Mother-to-Child Transmission;2023;11000.0;needing_antiretrovirals;;8200.0;12000.0;11000.0;good;prevention_of_mother_to_child_transmission_by_country_clean.csv;2025-06-30 12:28:07
270;90;Lesotho;Africa;1;Prevention of Mother-to-Child Transmission;2023;77.0;percentage_received;;59.0;89.0;77.0;good;prevention_of_mother_to_child_transmission_by_country_clean.csv;2025-06-30 12:28:07
268;90;Lesotho;Africa;1;Prevention of Mother-to-Child Transmission;2023;8200.0;received_antiretrovirals;;;;;good;prevention_of_mother_to_child_transmission_by_country_clean.csv;2025-06-30 12:28:07
783;91;Liberia;Africa;2;ART Coverage;2023;35.0;estimated_art_coverage_percent;;32.0;39.0;35.0;good;art_coverage_by_country_clean.csv;2025-06-30 12:28:07
782;91;Liberia;Africa;2;ART Coverage;2023;39000.0;estimated_living_with_hiv;;36000.0;44000.0;39000.0;good;art_coverage_by_country_clean.csv;2025-06-30 12:28:07
781;91;Liberia;Africa;2;ART Coverage;2023;13900.0;reported_receiving_art;;;;;good;art_coverage_by_country_clean.csv;2025-06-30 12:28:07
3163;91;Liberia;Africa;6;ART Pediatric Coverage;2023;18.0;estimated_children_art_coverage_percent;;14.0;21.0;18.0;good;art_pediatric_coverage_by_country_clean.csv;2025-06-30 12:28:07
3162;91;Liberia;Africa;6;ART Pediatric Coverage;2023;3700.0;estimated_children_needing_art;;3000.0;4400.0;3700.0;good;art_pediatric_coverage_by_country_clean.csv;2025-06-30 12:28:07
3161;91;Liberia;Africa;6;ART Pediatric Coverage;2023;680.0;reported_children_receiving_art;;;;;good;art_pediatric_coverage_by_country_clean.csv;2025-06-30 12:28:07
2811;91;Liberia;Africa;5;HIV Cases Adults 15-49;2000;2.6;count;;2.4;2.7;2.6;good;no_of_cases_adults_15_to_49_by_country_clean.csv;2025-06-30 12:28:07
2641;91;Liberia;Africa;5;HIV Cases Adults 15-49;2005;2.1;count;;1.9;2.4;2.1;good;no_of_cases_adults_15_to_49_by_country_clean.csv;2025-06-30 12:28:07
2471;91;Liberia;Africa;5;HIV Cases Adults 15-49;2010;1.7;count;;1.5;2.0;1.7;good;no_of_cases_adults_15_to_49_by_country_clean.csv;2025-06-30 12:28:07
2301;91;Liberia;Africa;5;HIV Cases Adults 15-49;2018;1.3;count;;1.1;1.4;1.3;good;no_of_cases_adults_15_to_49_by_country_clean.csv;2025-06-30 12:28:07
2131;91;Liberia;Africa;4;HIV-related Deaths;2000;3000.0;count;;2600.0;3400.0;3000.0;good;no_of_deaths_by_country_clean.csv;2025-06-30 12:28:07
1961;91;Liberia;Africa;4;HIV-related Deaths;2010;2700.0;count;;2600.0;2900.0;2700.0;good;no_of_deaths_by_country_clean.csv;2025-06-30 12:28:07
1791;91;Liberia;Africa;4;HIV-related Deaths;2018;1800.0;count;;1700.0;1900.0;1800.0;good;no_of_deaths_by_country_clean.csv;2025-06-30 12:28:07
1621;91;Liberia;Africa;3;People Living with HIV;2000;43000.0;count;;41000.0;45000.0;43000.0;good;no_of_people_living_with_hiv_by_country_clean.csv;2025-06-30 12:28:07
1451;91;Liberia;Africa;3;People Living with HIV;2005;41000.0;count;;38000.0;45000.0;41000.0;good;no_of_people_living_with_hiv_by_country_clean.csv;2025-06-30 12:28:07
1281;91;Liberia;Africa;3;People Living with HIV;2010;41000.0;count;;37000.0;46000.0;41000.0;good;no_of_people_living_with_hiv_by_country_clean.csv;2025-06-30 12:28:07
1111;91;Liberia;Africa;3;People Living with HIV;2018;39000.0;count;;36000.0;44000.0;39000.0;good;no_of_people_living_with_hiv_by_country_clean.csv;2025-06-30 12:28:07
272;91;Liberia;Africa;1;Prevention of Mother-to-Child Transmission;2023;2000.0;needing_antiretrovirals;;1500.0;2300.0;2000.0;good;prevention_of_mother_to_child_transmission_by_country_clean.csv;2025-06-30 12:28:07
273;91;Liberia;Africa;1;Prevention of Mother-to-Child Transmission;2023;93.0;percentage_received;;70.0;95.0;93.0;good;prevention_of_mother_to_child_transmission_by_country_clean.csv;2025-06-30 12:28:07
271;91;Liberia;Africa;1;Prevention of Mother-to-Child Transmission;2023;1800.0;received_antiretrovirals;;;;;good;prevention_of_mother_to_child_transmission_by_country_clean.csv;2025-06-30 12:28:07
786;92;Libya;Eastern Mediterranean;2;ART Coverage;2023;44.0;estimated_art_coverage_percent;;40.0;49.0;44.0;good;art_coverage_by_country_clean.csv;2025-06-30 12:28:07
785;92;Libya;Eastern Mediterranean;2;ART Coverage;2023;9200.0;estimated_living_with_hiv;;8300.0;10000.0;9200.0;good;art_coverage_by_country_clean.csv;2025-06-30 12:28:07
784;92;Libya;Eastern Mediterranean;2;ART Coverage;2023;4100.0;reported_receiving_art;;;;;good;art_coverage_by_country_clean.csv;2025-06-30 12:28:07
3166;92;Libya;Eastern Mediterranean;6;ART Pediatric Coverage;2023;33.0;estimated_children_art_coverage_percent;;30.0;35.0;33.0;good;art_pediatric_coverage_by_country_clean.csv;2025-06-30 12:28:07
3165;92;Libya;Eastern Mediterranean;6;ART Pediatric Coverage;2023;500.0;estimated_children_needing_art;;500.0;500.0;500.0;good;art_pediatric_coverage_by_country_clean.csv;2025-06-30 12:28:07
3164;92;Libya;Eastern Mediterranean;6;ART Pediatric Coverage;2023;80.0;reported_children_receiving_art;;;;;good;art_pediatric_coverage_by_country_clean.csv;2025-06-30 12:28:07
2812;92;Libya;Eastern Mediterranean;5;HIV Cases Adults 15-49;2000;0.1;count;;0.1;0.1;0.1;good;no_of_cases_adults_15_to_49_by_country_clean.csv;2025-06-30 12:28:07
2642;92;Libya;Eastern Mediterranean;5;HIV Cases Adults 15-49;2005;0.1;count;;0.1;0.1;0.1;good;no_of_cases_adults_15_to_49_by_country_clean.csv;2025-06-30 12:28:07
2472;92;Libya;Eastern Mediterranean;5;HIV Cases Adults 15-49;2010;0.2;count;;0.1;0.2;0.2;good;no_of_cases_adults_15_to_49_by_country_clean.csv;2025-06-30 12:28:07
2302;92;Libya;Eastern Mediterranean;5;HIV Cases Adults 15-49;2018;0.2;count;;0.2;0.2;0.2;good;no_of_cases_adults_15_to_49_by_country_clean.csv;2025-06-30 12:28:07
2132;92;Libya;Eastern Mediterranean;4;HIV-related Deaths;2000;100.0;count;;100.0;100.0;100.0;good;no_of_deaths_by_country_clean.csv;2025-06-30 12:28:07
1962;92;Libya;Eastern Mediterranean;4;HIV-related Deaths;2010;100.0;count;;100.0;200.0;100.0;good;no_of_deaths_by_country_clean.csv;2025-06-30 12:28:07
1792;92;Libya;Eastern Mediterranean;4;HIV-related Deaths;2018;200.0;count;;200.0;200.0;200.0;good;no_of_deaths_by_country_clean.csv;2025-06-30 12:28:07
1622;92;Libya;Eastern Mediterranean;3;People Living with HIV;2000;950.0;count;;870.0;1000.0;950.0;good;no_of_people_living_with_hiv_by_country_clean.csv;2025-06-30 12:28:07
1452;92;Libya;Eastern Mediterranean;3;People Living with HIV;2005;2900.0;count;;2700.0;3100.0;2900.0;good;no_of_people_living_with_hiv_by_country_clean.csv;2025-06-30 12:28:07
1282;92;Libya;Eastern Mediterranean;3;People Living with HIV;2010;6100.0;count;;5600.0;6500.0;6100.0;good;no_of_people_living_with_hiv_by_country_clean.csv;2025-06-30 12:28:07
1112;92;Libya;Eastern Mediterranean;3;People Living with HIV;2018;9200.0;count;;8300.0;10000.0;9200.0;good;no_of_people_living_with_hiv_by_country_clean.csv;2025-06-30 12:28:07
275;92;Libya;Eastern Mediterranean;1;Prevention of Mother-to-Child Transmission;2023;200.0;needing_antiretrovirals;;100.0;200.0;200.0;good;prevention_of_mother_to_child_transmission_by_country_clean.csv;2025-06-30 12:28:07
276;92;Libya;Eastern Mediterranean;1;Prevention of Mother-to-Child Transmission;2023;63.0;percentage_received;;56.0;69.0;63.0;good;prevention_of_mother_to_child_transmission_by_country_clean.csv;2025-06-30 12:28:07
274;92;Libya;Eastern Mediterranean;1;Prevention of Mother-to-Child Transmission;2023;60.0;received_antiretrovirals;;;;;good;prevention_of_mother_to_child_transmission_by_country_clean.csv;2025-06-30 12:28:07
789;93;Lithuania;Europe;2;ART Coverage;2023;;estimated_art_coverage_percent;Nodata                                                  ;;;;good;art_coverage_by_country_clean.csv;2025-06-30 12:28:07
788;93;Lithuania;Europe;2;ART Coverage;2023;;estimated_living_with_hiv;Nodata                                     ;;;;good;art_coverage_by_country_clean.csv;2025-06-30 12:28:07
787;93;Lithuania;Europe;2;ART Coverage;2023;;reported_receiving_art;Nodata                                  ;;;;good;art_coverage_by_country_clean.csv;2025-06-30 12:28:07
3169;93;Lithuania;Europe;6;ART Pediatric Coverage;2023;;estimated_children_art_coverage_percent;Nodata                                    ;;;;good;art_pediatric_coverage_by_country_clean.csv;2025-06-30 12:28:07
3168;93;Lithuania;Europe;6;ART Pediatric Coverage;2023;;estimated_children_needing_art;Nodata                                                        ;;;;good;art_pediatric_coverage_by_country_clean.csv;2025-06-30 12:28:07
3167;93;Lithuania;Europe;6;ART Pediatric Coverage;2023;;reported_children_receiving_art;No data                                   ;;;;good;art_pediatric_coverage_by_country_clean.csv;2025-06-30 12:28:07
2813;93;Lithuania;Europe;5;HIV Cases Adults 15-49;2000;;count;na              ;;;;good;no_of_cases_adults_15_to_49_by_country_clean.csv;2025-06-30 12:28:07
2643;93;Lithuania;Europe;5;HIV Cases Adults 15-49;2005;;count;na              ;;;;good;no_of_cases_adults_15_to_49_by_country_clean.csv;2025-06-30 12:28:07
2473;93;Lithuania;Europe;5;HIV Cases Adults 15-49;2010;;count;na              ;;;;good;no_of_cases_adults_15_to_49_by_country_clean.csv;2025-06-30 12:28:07
2303;93;Lithuania;Europe;5;HIV Cases Adults 15-49;2018;;count;na              ;;;;good;no_of_cases_adults_15_to_49_by_country_clean.csv;2025-06-30 12:28:07
2133;93;Lithuania;Europe;4;HIV-related Deaths;2000;;count;na                    ;;;;good;no_of_deaths_by_country_clean.csv;2025-06-30 12:28:07
1963;93;Lithuania;Europe;4;HIV-related Deaths;2010;;count;na                    ;;;;good;no_of_deaths_by_country_clean.csv;2025-06-30 12:28:07
1793;93;Lithuania;Europe;4;HIV-related Deaths;2018;;count;na                    ;;;;good;no_of_deaths_by_country_clean.csv;2025-06-30 12:28:07
1623;93;Lithuania;Europe;3;People Living with HIV;2000;;count;na                       ;;;;good;no_of_people_living_with_hiv_by_country_clean.csv;2025-06-30 12:28:07
1453;93;Lithuania;Europe;3;People Living with HIV;2005;;count;na                       ;;;;good;no_of_people_living_with_hiv_by_country_clean.csv;2025-06-30 12:28:07
1283;93;Lithuania;Europe;3;People Living with HIV;2010;;count;na                       ;;;;good;no_of_people_living_with_hiv_by_country_clean.csv;2025-06-30 12:28:07
1113;93;Lithuania;Europe;3;People Living with HIV;2018;;count;na                       ;;;;good;no_of_people_living_with_hiv_by_country_clean.csv;2025-06-30 12:28:07
278;93;Lithuania;Europe;1;Prevention of Mother-to-Child Transmission;2023;;needing_antiretrovirals;Nodata                  ;;;;good;prevention_of_mother_to_child_transmission_by_country_clean.csv;2025-06-30 12:28:07
279;93;Lithuania;Europe;1;Prevention of Mother-to-Child Transmission;2023;;percentage_received;Nodata              ;;;;good;prevention_of_mother_to_child_transmission_by_country_clean.csv;2025-06-30 12:28:07
277;93;Lithuania;Europe;1;Prevention of Mother-to-Child Transmission;2023;;received_antiretrovirals;No data                  ;;;;good;prevention_of_mother_to_child_transmission_by_country_clean.csv;2025-06-30 12:28:07
792;94;Luxembourg;Europe;2;ART Coverage;2023;77.0;estimated_art_coverage_percent;;67.0;86.0;77.0;good;art_coverage_by_country_clean.csv;2025-06-30 12:28:07
791;94;Luxembourg;Europe;2;ART Coverage;2023;1200.0;estimated_living_with_hiv;;1000.0;1300.0;1200.0;good;art_coverage_by_country_clean.csv;2025-06-30 12:28:07
790;94;Luxembourg;Europe;2;ART Coverage;2023;890.0;reported_receiving_art;;;;;good;art_coverage_by_country_clean.csv;2025-06-30 12:28:07
3172;94;Luxembourg;Europe;6;ART Pediatric Coverage;2023;;estimated_children_art_coverage_percent;Nodata                                    ;;;;good;art_pediatric_coverage_by_country_clean.csv;2025-06-30 12:28:07
3171;94;Luxembourg;Europe;6;ART Pediatric Coverage;2023;;estimated_children_needing_art;Nodata                                                        ;;;;good;art_pediatric_coverage_by_country_clean.csv;2025-06-30 12:28:07
3170;94;Luxembourg;Europe;6;ART Pediatric Coverage;2023;;reported_children_receiving_art;No data                                   ;;;;good;art_pediatric_coverage_by_country_clean.csv;2025-06-30 12:28:07
2814;94;Luxembourg;Europe;5;HIV Cases Adults 15-49;2000;0.1;count;;0.1;0.1;0.1;good;no_of_cases_adults_15_to_49_by_country_clean.csv;2025-06-30 12:28:07
2644;94;Luxembourg;Europe;5;HIV Cases Adults 15-49;2005;0.2;count;;0.1;0.2;0.2;good;no_of_cases_adults_15_to_49_by_country_clean.csv;2025-06-30 12:28:07
2474;94;Luxembourg;Europe;5;HIV Cases Adults 15-49;2010;0.2;count;;0.2;0.2;0.2;good;no_of_cases_adults_15_to_49_by_country_clean.csv;2025-06-30 12:28:07
2304;94;Luxembourg;Europe;5;HIV Cases Adults 15-49;2018;0.3;count;;0.2;0.3;0.3;good;no_of_cases_adults_15_to_49_by_country_clean.csv;2025-06-30 12:28:07
2134;94;Luxembourg;Europe;4;HIV-related Deaths;2000;100.0;count;;100.0;100.0;100.0;good;no_of_deaths_by_country_clean.csv;2025-06-30 12:28:07
1964;94;Luxembourg;Europe;4;HIV-related Deaths;2010;100.0;count;;100.0;100.0;100.0;good;no_of_deaths_by_country_clean.csv;2025-06-30 12:28:07
1794;94;Luxembourg;Europe;4;HIV-related Deaths;2018;100.0;count;;100.0;100.0;100.0;good;no_of_deaths_by_country_clean.csv;2025-06-30 12:28:07
1624;94;Luxembourg;Europe;3;People Living with HIV;2000;500.0;count;;500.0;500.0;500.0;good;no_of_people_living_with_hiv_by_country_clean.csv;2025-06-30 12:28:07
1454;94;Luxembourg;Europe;3;People Living with HIV;2005;500.0;count;;500.0;540.0;500.0;good;no_of_people_living_with_hiv_by_country_clean.csv;2025-06-30 12:28:07
1284;94;Luxembourg;Europe;3;People Living with HIV;2010;700.0;count;;620.0;780.0;700.0;good;no_of_people_living_with_hiv_by_country_clean.csv;2025-06-30 12:28:07
1114;94;Luxembourg;Europe;3;People Living with HIV;2018;1200.0;count;;1000.0;1300.0;1200.0;good;no_of_people_living_with_hiv_by_country_clean.csv;2025-06-30 12:28:07
281;94;Luxembourg;Europe;1;Prevention of Mother-to-Child Transmission;2023;;needing_antiretrovirals;Nodata                  ;;;;good;prevention_of_mother_to_child_transmission_by_country_clean.csv;2025-06-30 12:28:07
282;94;Luxembourg;Europe;1;Prevention of Mother-to-Child Transmission;2023;;percentage_received;Nodata              ;;;;good;prevention_of_mother_to_child_transmission_by_country_clean.csv;2025-06-30 12:28:07
280;94;Luxembourg;Europe;1;Prevention of Mother-to-Child Transmission;2023;;received_antiretrovirals;No data                  ;;;;good;prevention_of_mother_to_child_transmission_by_country_clean.csv;2025-06-30 12:28:07
795;95;Madagascar;Africa;2;ART Coverage;2023;9.0;estimated_art_coverage_percent;;7.0;13.0;9.0;good;art_coverage_by_country_clean.csv;2025-06-30 12:28:07
794;95;Madagascar;Africa;2;ART Coverage;2023;39000.0;estimated_living_with_hiv;;30000.0;55000.0;39000.0;good;art_coverage_by_country_clean.csv;2025-06-30 12:28:07
793;95;Madagascar;Africa;2;ART Coverage;2023;3500.0;reported_receiving_art;;;;;good;art_coverage_by_country_clean.csv;2025-06-30 12:28:07
3175;95;Madagascar;Africa;6;ART Pediatric Coverage;2023;5.0;estimated_children_art_coverage_percent;;4.0;6.0;5.0;good;art_pediatric_coverage_by_country_clean.csv;2025-06-30 12:28:07
3174;95;Madagascar;Africa;6;ART Pediatric Coverage;2023;1900.0;estimated_children_needing_art;;1600.0;2500.0;1900.0;good;art_pediatric_coverage_by_country_clean.csv;2025-06-30 12:28:07
3173;95;Madagascar;Africa;6;ART Pediatric Coverage;2023;90.0;reported_children_receiving_art;;;;;good;art_pediatric_coverage_by_country_clean.csv;2025-06-30 12:28:07
2815;95;Madagascar;Africa;5;HIV Cases Adults 15-49;2000;0.2;count;;0.1;0.3;0.2;good;no_of_cases_adults_15_to_49_by_country_clean.csv;2025-06-30 12:28:07
2645;95;Madagascar;Africa;5;HIV Cases Adults 15-49;2005;0.2;count;;0.2;0.2;0.2;good;no_of_cases_adults_15_to_49_by_country_clean.csv;2025-06-30 12:28:07
2475;95;Madagascar;Africa;5;HIV Cases Adults 15-49;2010;0.2;count;;0.2;0.2;0.2;good;no_of_cases_adults_15_to_49_by_country_clean.csv;2025-06-30 12:28:07
2305;95;Madagascar;Africa;5;HIV Cases Adults 15-49;2018;0.3;count;;0.2;0.4;0.3;good;no_of_cases_adults_15_to_49_by_country_clean.csv;2025-06-30 12:28:07
2135;95;Madagascar;Africa;4;HIV-related Deaths;2000;500.0;count;;200.0;930.0;500.0;good;no_of_deaths_by_country_clean.csv;2025-06-30 12:28:07
1965;95;Madagascar;Africa;4;HIV-related Deaths;2010;1400.0;count;;1000.0;1700.0;1400.0;good;no_of_deaths_by_country_clean.csv;2025-06-30 12:28:07
1795;95;Madagascar;Africa;4;HIV-related Deaths;2018;1700.0;count;;1200.0;2300.0;1700.0;good;no_of_deaths_by_country_clean.csv;2025-06-30 12:28:07
1625;95;Madagascar;Africa;3;People Living with HIV;2000;13000.0;count;;7900.0;20000.0;13000.0;good;no_of_people_living_with_hiv_by_country_clean.csv;2025-06-30 12:28:07
1455;95;Madagascar;Africa;3;People Living with HIV;2005;19000.0;count;;15000.0;23000.0;19000.0;good;no_of_people_living_with_hiv_by_country_clean.csv;2025-06-30 12:28:07
1285;95;Madagascar;Africa;3;People Living with HIV;2010;21000.0;count;;18000.0;24000.0;21000.0;good;no_of_people_living_with_hiv_by_country_clean.csv;2025-06-30 12:28:07
1115;95;Madagascar;Africa;3;People Living with HIV;2018;39000.0;count;;30000.0;55000.0;39000.0;good;no_of_people_living_with_hiv_by_country_clean.csv;2025-06-30 12:28:07
284;95;Madagascar;Africa;1;Prevention of Mother-to-Child Transmission;2023;1100.0;needing_antiretrovirals;;820.0;1600.0;1100.0;good;prevention_of_mother_to_child_transmission_by_country_clean.csv;2025-06-30 12:28:07
285;95;Madagascar;Africa;1;Prevention of Mother-to-Child Transmission;2023;25.0;percentage_received;;19.0;36.0;25.0;good;prevention_of_mother_to_child_transmission_by_country_clean.csv;2025-06-30 12:28:07
283;95;Madagascar;Africa;1;Prevention of Mother-to-Child Transmission;2023;280.0;received_antiretrovirals;;;;;good;prevention_of_mother_to_child_transmission_by_country_clean.csv;2025-06-30 12:28:07
798;96;Malawi;Africa;2;ART Coverage;2023;78.0;estimated_art_coverage_percent;;70.0;84.0;78.0;good;art_coverage_by_country_clean.csv;2025-06-30 12:28:07
797;96;Malawi;Africa;2;ART Coverage;2023;1000000.0;estimated_living_with_hiv;;940000.0;1100000.0;1000000.0;good;art_coverage_by_country_clean.csv;2025-06-30 12:28:07
796;96;Malawi;Africa;2;ART Coverage;2023;814000.0;reported_receiving_art;;;;;good;art_coverage_by_country_clean.csv;2025-06-30 12:28:07
3178;96;Malawi;Africa;6;ART Pediatric Coverage;2023;61.0;estimated_children_art_coverage_percent;;47.0;73.0;61.0;good;art_pediatric_coverage_by_country_clean.csv;2025-06-30 12:28:07
3177;96;Malawi;Africa;6;ART Pediatric Coverage;2023;74000.0;estimated_children_needing_art;;57000.0;89000.0;74000.0;good;art_pediatric_coverage_by_country_clean.csv;2025-06-30 12:28:07
3176;96;Malawi;Africa;6;ART Pediatric Coverage;2023;45100.0;reported_children_receiving_art;;;;;good;art_pediatric_coverage_by_country_clean.csv;2025-06-30 12:28:07
2816;96;Malawi;Africa;5;HIV Cases Adults 15-49;2000;14.4;count;;13.0;15.4;14.4;good;no_of_cases_adults_15_to_49_by_country_clean.csv;2025-06-30 12:28:07
2646;96;Malawi;Africa;5;HIV Cases Adults 15-49;2005;12.2;count;;10.5;13.4;12.2;good;no_of_cases_adults_15_to_49_by_country_clean.csv;2025-06-30 12:28:07
2476;96;Malawi;Africa;5;HIV Cases Adults 15-49;2010;10.6;count;;9.3;11.7;10.6;good;no_of_cases_adults_15_to_49_by_country_clean.csv;2025-06-30 12:28:07
2306;96;Malawi;Africa;5;HIV Cases Adults 15-49;2018;9.2;count;;8.0;10.0;9.2;good;no_of_cases_adults_15_to_49_by_country_clean.csv;2025-06-30 12:28:07
2136;96;Malawi;Africa;4;HIV-related Deaths;2000;57000.0;count;;49000.0;65000.0;57000.0;good;no_of_deaths_by_country_clean.csv;2025-06-30 12:28:07
1966;96;Malawi;Africa;4;HIV-related Deaths;2010;29000.0;count;;25000.0;33000.0;29000.0;good;no_of_deaths_by_country_clean.csv;2025-06-30 12:28:07
1796;96;Malawi;Africa;4;HIV-related Deaths;2018;13000.0;count;;11000.0;16000.0;13000.0;good;no_of_deaths_by_country_clean.csv;2025-06-30 12:28:07
1626;96;Malawi;Africa;3;People Living with HIV;2000;810000.0;count;;740000.0;860000.0;810000.0;good;no_of_people_living_with_hiv_by_country_clean.csv;2025-06-30 12:28:07
1456;96;Malawi;Africa;3;People Living with HIV;2005;820000.0;count;;720000.0;900000.0;820000.0;good;no_of_people_living_with_hiv_by_country_clean.csv;2025-06-30 12:28:07
1286;96;Malawi;Africa;3;People Living with HIV;2010;870000.0;count;;770000.0;960000.0;870000.0;good;no_of_people_living_with_hiv_by_country_clean.csv;2025-06-30 12:28:07
1116;96;Malawi;Africa;3;People Living with HIV;2018;1000000.0;count;;940000.0;1100000.0;1000000.0;good;no_of_people_living_with_hiv_by_country_clean.csv;2025-06-30 12:28:07
287;96;Malawi;Africa;1;Prevention of Mother-to-Child Transmission;2023;45000.0;needing_antiretrovirals;;34000.0;53000.0;45000.0;good;prevention_of_mother_to_child_transmission_by_country_clean.csv;2025-06-30 12:28:07
288;96;Malawi;Africa;1;Prevention of Mother-to-Child Transmission;2023;95.0;percentage_received;;80.0;95.0;95.0;good;prevention_of_mother_to_child_transmission_by_country_clean.csv;2025-06-30 12:28:07
286;96;Malawi;Africa;1;Prevention of Mother-to-Child Transmission;2023;47100.0;received_antiretrovirals;;;;;good;prevention_of_mother_to_child_transmission_by_country_clean.csv;2025-06-30 12:28:07
801;97;Malaysia;Western Pacific;2;ART Coverage;2023;48.0;estimated_art_coverage_percent;;42.0;53.0;48.0;good;art_coverage_by_country_clean.csv;2025-06-30 12:28:07
800;97;Malaysia;Western Pacific;2;ART Coverage;2023;87000.0;estimated_living_with_hiv;;77000.0;98000.0;87000.0;good;art_coverage_by_country_clean.csv;2025-06-30 12:28:07
799;97;Malaysia;Western Pacific;2;ART Coverage;2023;41500.0;reported_receiving_art;;;;;good;art_coverage_by_country_clean.csv;2025-06-30 12:28:07
3181;97;Malaysia;Western Pacific;6;ART Pediatric Coverage;2023;94.0;estimated_children_art_coverage_percent;;77.0;95.0;94.0;good;art_pediatric_coverage_by_country_clean.csv;2025-06-30 12:28:07
3180;97;Malaysia;Western Pacific;6;ART Pediatric Coverage;2023;500.0;estimated_children_needing_art;;500.0;520.0;500.0;good;art_pediatric_coverage_by_country_clean.csv;2025-06-30 12:28:07
3179;97;Malaysia;Western Pacific;6;ART Pediatric Coverage;2023;400.0;reported_children_receiving_art;;;;;good;art_pediatric_coverage_by_country_clean.csv;2025-06-30 12:28:07
2817;97;Malaysia;Western Pacific;5;HIV Cases Adults 15-49;2000;0.4;count;;0.3;0.5;0.4;good;no_of_cases_adults_15_to_49_by_country_clean.csv;2025-06-30 12:28:07
2647;97;Malaysia;Western Pacific;5;HIV Cases Adults 15-49;2005;0.4;count;;0.4;0.5;0.4;good;no_of_cases_adults_15_to_49_by_country_clean.csv;2025-06-30 12:28:07
2477;97;Malaysia;Western Pacific;5;HIV Cases Adults 15-49;2010;0.4;count;;0.4;0.5;0.4;good;no_of_cases_adults_15_to_49_by_country_clean.csv;2025-06-30 12:28:07
2307;97;Malaysia;Western Pacific;5;HIV Cases Adults 15-49;2018;0.4;count;;0.4;0.5;0.4;good;no_of_cases_adults_15_to_49_by_country_clean.csv;2025-06-30 12:28:07
2137;97;Malaysia;Western Pacific;4;HIV-related Deaths;2000;2700.0;count;;2200.0;3200.0;2700.0;good;no_of_deaths_by_country_clean.csv;2025-06-30 12:28:07
1967;97;Malaysia;Western Pacific;4;HIV-related Deaths;2010;2900.0;count;;2400.0;3300.0;2900.0;good;no_of_deaths_by_country_clean.csv;2025-06-30 12:28:07
1797;97;Malaysia;Western Pacific;4;HIV-related Deaths;2018;2600.0;count;;2100.0;3300.0;2600.0;good;no_of_deaths_by_country_clean.csv;2025-06-30 12:28:07
1627;97;Malaysia;Western Pacific;3;People Living with HIV;2000;55000.0;count;;48000.0;65000.0;55000.0;good;no_of_people_living_with_hiv_by_country_clean.csv;2025-06-30 12:28:07
1457;97;Malaysia;Western Pacific;3;People Living with HIV;2005;66000.0;count;;57000.0;77000.0;66000.0;good;no_of_people_living_with_hiv_by_country_clean.csv;2025-06-30 12:28:07
1287;97;Malaysia;Western Pacific;3;People Living with HIV;2010;74000.0;count;;65000.0;86000.0;74000.0;good;no_of_people_living_with_hiv_by_country_clean.csv;2025-06-30 12:28:07
1117;97;Malaysia;Western Pacific;3;People Living with HIV;2018;87000.0;count;;77000.0;98000.0;87000.0;good;no_of_people_living_with_hiv_by_country_clean.csv;2025-06-30 12:28:07
290;97;Malaysia;Western Pacific;1;Prevention of Mother-to-Child Transmission;2023;500.0;needing_antiretrovirals;;500.0;500.0;500.0;good;prevention_of_mother_to_child_transmission_by_country_clean.csv;2025-06-30 12:28:07
291;97;Malaysia;Western Pacific;1;Prevention of Mother-to-Child Transmission;2023;95.0;percentage_received;;86.0;95.0;95.0;good;prevention_of_mother_to_child_transmission_by_country_clean.csv;2025-06-30 12:28:07
289;97;Malaysia;Western Pacific;1;Prevention of Mother-to-Child Transmission;2023;260.0;received_antiretrovirals;;;;;good;prevention_of_mother_to_child_transmission_by_country_clean.csv;2025-06-30 12:28:07
804;98;Maldives;South-East Asia;2;ART Coverage;2023;;estimated_art_coverage_percent;Nodata                                                  ;;;;good;art_coverage_by_country_clean.csv;2025-06-30 12:28:07
803;98;Maldives;South-East Asia;2;ART Coverage;2023;;estimated_living_with_hiv;Nodata                                     ;;;;good;art_coverage_by_country_clean.csv;2025-06-30 12:28:07
802;98;Maldives;South-East Asia;2;ART Coverage;2023;;reported_receiving_art;Nodata                                  ;;;;good;art_coverage_by_country_clean.csv;2025-06-30 12:28:07
3184;98;Maldives;South-East Asia;6;ART Pediatric Coverage;2023;;estimated_children_art_coverage_percent;                                          ;;;;good;art_pediatric_coverage_by_country_clean.csv;2025-06-30 12:28:07
3183;98;Maldives;South-East Asia;6;ART Pediatric Coverage;2023;;estimated_children_needing_art;Nodata                                                        ;;;;good;art_pediatric_coverage_by_country_clean.csv;2025-06-30 12:28:07
3182;98;Maldives;South-East Asia;6;ART Pediatric Coverage;2023;;reported_children_receiving_art;No data                                   ;;;;good;art_pediatric_coverage_by_country_clean.csv;2025-06-30 12:28:07
2818;98;Maldives;South-East Asia;5;HIV Cases Adults 15-49;2000;;count;na              ;;;;good;no_of_cases_adults_15_to_49_by_country_clean.csv;2025-06-30 12:28:07
2648;98;Maldives;South-East Asia;5;HIV Cases Adults 15-49;2005;;count;na              ;;;;good;no_of_cases_adults_15_to_49_by_country_clean.csv;2025-06-30 12:28:07
2478;98;Maldives;South-East Asia;5;HIV Cases Adults 15-49;2010;;count;na              ;;;;good;no_of_cases_adults_15_to_49_by_country_clean.csv;2025-06-30 12:28:07
2308;98;Maldives;South-East Asia;5;HIV Cases Adults 15-49;2018;;count;na              ;;;;good;no_of_cases_adults_15_to_49_by_country_clean.csv;2025-06-30 12:28:07
2138;98;Maldives;South-East Asia;4;HIV-related Deaths;2000;;count;na                    ;;;;good;no_of_deaths_by_country_clean.csv;2025-06-30 12:28:07
1968;98;Maldives;South-East Asia;4;HIV-related Deaths;2010;;count;na                    ;;;;good;no_of_deaths_by_country_clean.csv;2025-06-30 12:28:07
1798;98;Maldives;South-East Asia;4;HIV-related Deaths;2018;;count;na                    ;;;;good;no_of_deaths_by_country_clean.csv;2025-06-30 12:28:07
1628;98;Maldives;South-East Asia;3;People Living with HIV;2000;;count;na                       ;;;;good;no_of_people_living_with_hiv_by_country_clean.csv;2025-06-30 12:28:07
1458;98;Maldives;South-East Asia;3;People Living with HIV;2005;;count;na                       ;;;;good;no_of_people_living_with_hiv_by_country_clean.csv;2025-06-30 12:28:07
1288;98;Maldives;South-East Asia;3;People Living with HIV;2010;;count;na                       ;;;;good;no_of_people_living_with_hiv_by_country_clean.csv;2025-06-30 12:28:07
1118;98;Maldives;South-East Asia;3;People Living with HIV;2018;;count;na                       ;;;;good;no_of_people_living_with_hiv_by_country_clean.csv;2025-06-30 12:28:07
293;98;Maldives;South-East Asia;1;Prevention of Mother-to-Child Transmission;2023;;needing_antiretrovirals;Nodata                  ;;;;good;prevention_of_mother_to_child_transmission_by_country_clean.csv;2025-06-30 12:28:07
294;98;Maldives;South-East Asia;1;Prevention of Mother-to-Child Transmission;2023;;percentage_received;                    ;;;;good;prevention_of_mother_to_child_transmission_by_country_clean.csv;2025-06-30 12:28:07
292;98;Maldives;South-East Asia;1;Prevention of Mother-to-Child Transmission;2023;;received_antiretrovirals;No data                  ;;;;good;prevention_of_mother_to_child_transmission_by_country_clean.csv;2025-06-30 12:28:07
807;99;Mali;Africa;2;ART Coverage;2023;31.0;estimated_art_coverage_percent;;25.0;39.0;31.0;good;art_coverage_by_country_clean.csv;2025-06-30 12:28:07
806;99;Mali;Africa;2;ART Coverage;2023;150000.0;estimated_living_with_hiv;;120000.0;190000.0;150000.0;good;art_coverage_by_country_clean.csv;2025-06-30 12:28:07
805;99;Mali;Africa;2;ART Coverage;2023;47100.0;reported_receiving_art;;;;;good;art_coverage_by_country_clean.csv;2025-06-30 12:28:07
3187;99;Mali;Africa;6;ART Pediatric Coverage;2023;18.0;estimated_children_art_coverage_percent;;14.0;23.0;18.0;good;art_pediatric_coverage_by_country_clean.csv;2025-06-30 12:28:07
3186;99;Mali;Africa;6;ART Pediatric Coverage;2023;19000.0;estimated_children_needing_art;;15000.0;24000.0;19000.0;good;art_pediatric_coverage_by_country_clean.csv;2025-06-30 12:28:07
3185;99;Mali;Africa;6;ART Pediatric Coverage;2023;3400.0;reported_children_receiving_art;;;;;good;art_pediatric_coverage_by_country_clean.csv;2025-06-30 12:28:07
2819;99;Mali;Africa;5;HIV Cases Adults 15-49;2000;1.8;count;;1.5;2.2;1.8;good;no_of_cases_adults_15_to_49_by_country_clean.csv;2025-06-30 12:28:07
2649;99;Mali;Africa;5;HIV Cases Adults 15-49;2005;1.5;count;;1.2;1.8;1.5;good;no_of_cases_adults_15_to_49_by_country_clean.csv;2025-06-30 12:28:07
2479;99;Mali;Africa;5;HIV Cases Adults 15-49;2010;1.4;count;;1.1;1.6;1.4;good;no_of_cases_adults_15_to_49_by_country_clean.csv;2025-06-30 12:28:07
2309;99;Mali;Africa;5;HIV Cases Adults 15-49;2018;1.4;count;;1.1;1.7;1.4;good;no_of_cases_adults_15_to_49_by_country_clean.csv;2025-06-30 12:28:07
2139;99;Mali;Africa;4;HIV-related Deaths;2000;7700.0;count;;5600.0;9800.0;7700.0;good;no_of_deaths_by_country_clean.csv;2025-06-30 12:28:07
1969;99;Mali;Africa;4;HIV-related Deaths;2010;5300.0;count;;4100.0;6700.0;5300.0;good;no_of_deaths_by_country_clean.csv;2025-06-30 12:28:07
1799;99;Mali;Africa;4;HIV-related Deaths;2018;6500.0;count;;5000.0;8700.0;6500.0;good;no_of_deaths_by_country_clean.csv;2025-06-30 12:28:07
1629;99;Mali;Africa;3;People Living with HIV;2000;110000.0;count;;91000.0;130000.0;110000.0;good;no_of_people_living_with_hiv_by_country_clean.csv;2025-06-30 12:28:07
1459;99;Mali;Africa;3;People Living with HIV;2005;110000.0;count;;91000.0;130000.0;110000.0;good;no_of_people_living_with_hiv_by_country_clean.csv;2025-06-30 12:28:07
1289;99;Mali;Africa;3;People Living with HIV;2010;120000.0;count;;94000.0;140000.0;120000.0;good;no_of_people_living_with_hiv_by_country_clean.csv;2025-06-30 12:28:07
1119;99;Mali;Africa;3;People Living with HIV;2018;150000.0;count;;120000.0;190000.0;150000.0;good;no_of_people_living_with_hiv_by_country_clean.csv;2025-06-30 12:28:07
296;99;Mali;Africa;1;Prevention of Mother-to-Child Transmission;2023;10000.0;needing_antiretrovirals;;8300.0;13000.0;10000.0;good;prevention_of_mother_to_child_transmission_by_country_clean.csv;2025-06-30 12:28:07
297;99;Mali;Africa;1;Prevention of Mother-to-Child Transmission;2023;24.0;percentage_received;;19.0;31.0;24.0;good;prevention_of_mother_to_child_transmission_by_country_clean.csv;2025-06-30 12:28:07
295;99;Mali;Africa;1;Prevention of Mother-to-Child Transmission;2023;2400.0;received_antiretrovirals;;;;;good;prevention_of_mother_to_child_transmission_by_country_clean.csv;2025-06-30 12:28:07
810;100;Malta;Europe;2;ART Coverage;2023;;estimated_art_coverage_percent;Nodata                                                  ;;;;good;art_coverage_by_country_clean.csv;2025-06-30 12:28:07
809;100;Malta;Europe;2;ART Coverage;2023;;estimated_living_with_hiv;Nodata                                     ;;;;good;art_coverage_by_country_clean.csv;2025-06-30 12:28:07
808;100;Malta;Europe;2;ART Coverage;2023;;reported_receiving_art;Nodata                                  ;;;;good;art_coverage_by_country_clean.csv;2025-06-30 12:28:07
3190;100;Malta;Europe;6;ART Pediatric Coverage;2023;;estimated_children_art_coverage_percent;Nodata                                    ;;;;good;art_pediatric_coverage_by_country_clean.csv;2025-06-30 12:28:07
3189;100;Malta;Europe;6;ART Pediatric Coverage;2023;;estimated_children_needing_art;Nodata                                                        ;;;;good;art_pediatric_coverage_by_country_clean.csv;2025-06-30 12:28:07
3188;100;Malta;Europe;6;ART Pediatric Coverage;2023;;reported_children_receiving_art;No data                                   ;;;;good;art_pediatric_coverage_by_country_clean.csv;2025-06-30 12:28:07
2820;100;Malta;Europe;5;HIV Cases Adults 15-49;2000;;count;na              ;;;;good;no_of_cases_adults_15_to_49_by_country_clean.csv;2025-06-30 12:28:07
2650;100;Malta;Europe;5;HIV Cases Adults 15-49;2005;;count;na              ;;;;good;no_of_cases_adults_15_to_49_by_country_clean.csv;2025-06-30 12:28:07
2480;100;Malta;Europe;5;HIV Cases Adults 15-49;2010;;count;na              ;;;;good;no_of_cases_adults_15_to_49_by_country_clean.csv;2025-06-30 12:28:07
2310;100;Malta;Europe;5;HIV Cases Adults 15-49;2018;;count;na              ;;;;good;no_of_cases_adults_15_to_49_by_country_clean.csv;2025-06-30 12:28:07
2140;100;Malta;Europe;4;HIV-related Deaths;2000;;count;na                    ;;;;good;no_of_deaths_by_country_clean.csv;2025-06-30 12:28:07
1970;100;Malta;Europe;4;HIV-related Deaths;2010;;count;na                    ;;;;good;no_of_deaths_by_country_clean.csv;2025-06-30 12:28:07
1800;100;Malta;Europe;4;HIV-related Deaths;2018;;count;na                    ;;;;good;no_of_deaths_by_country_clean.csv;2025-06-30 12:28:07
1630;100;Malta;Europe;3;People Living with HIV;2000;;count;na                       ;;;;good;no_of_people_living_with_hiv_by_country_clean.csv;2025-06-30 12:28:07
1460;100;Malta;Europe;3;People Living with HIV;2005;;count;na                       ;;;;good;no_of_people_living_with_hiv_by_country_clean.csv;2025-06-30 12:28:07
1290;100;Malta;Europe;3;People Living with HIV;2010;;count;na                       ;;;;good;no_of_people_living_with_hiv_by_country_clean.csv;2025-06-30 12:28:07
1120;100;Malta;Europe;3;People Living with HIV;2018;;count;na                       ;;;;good;no_of_people_living_with_hiv_by_country_clean.csv;2025-06-30 12:28:07
299;100;Malta;Europe;1;Prevention of Mother-to-Child Transmission;2023;;needing_antiretrovirals;Nodata                  ;;;;good;prevention_of_mother_to_child_transmission_by_country_clean.csv;2025-06-30 12:28:07
300;100;Malta;Europe;1;Prevention of Mother-to-Child Transmission;2023;;percentage_received;Nodata              ;;;;good;prevention_of_mother_to_child_transmission_by_country_clean.csv;2025-06-30 12:28:07
298;100;Malta;Europe;1;Prevention of Mother-to-Child Transmission;2023;;received_antiretrovirals;No data                  ;;;;good;prevention_of_mother_to_child_transmission_by_country_clean.csv;2025-06-30 12:28:07
813;101;Mauritania;Africa;2;ART Coverage;2023;54.0;estimated_art_coverage_percent;;44.0;69.0;54.0;good;art_coverage_by_country_clean.csv;2025-06-30 12:28:07
812;101;Mauritania;Africa;2;ART Coverage;2023;5600.0;estimated_living_with_hiv;;4500.0;7200.0;5600.0;good;art_coverage_by_country_clean.csv;2025-06-30 12:28:07
811;101;Mauritania;Africa;2;ART Coverage;2023;3000.0;reported_receiving_art;;;;;good;art_coverage_by_country_clean.csv;2025-06-30 12:28:07
3193;101;Mauritania;Africa;6;ART Pediatric Coverage;2023;54.0;estimated_children_art_coverage_percent;;46.0;66.0;54.0;good;art_pediatric_coverage_by_country_clean.csv;2025-06-30 12:28:07
3192;101;Mauritania;Africa;6;ART Pediatric Coverage;2023;500.0;estimated_children_needing_art;;500.0;500.0;500.0;good;art_pediatric_coverage_by_country_clean.csv;2025-06-30 12:28:07
3191;101;Mauritania;Africa;6;ART Pediatric Coverage;2023;180.0;reported_children_receiving_art;;;;;good;art_pediatric_coverage_by_country_clean.csv;2025-06-30 12:28:07
2821;101;Mauritania;Africa;5;HIV Cases Adults 15-49;2000;0.4;count;;0.4;0.5;0.4;good;no_of_cases_adults_15_to_49_by_country_clean.csv;2025-06-30 12:28:07
2651;101;Mauritania;Africa;5;HIV Cases Adults 15-49;2005;0.5;count;;0.4;0.6;0.5;good;no_of_cases_adults_15_to_49_by_country_clean.csv;2025-06-30 12:28:07
2481;101;Mauritania;Africa;5;HIV Cases Adults 15-49;2010;0.4;count;;0.3;0.4;0.4;good;no_of_cases_adults_15_to_49_by_country_clean.csv;2025-06-30 12:28:07
2311;101;Mauritania;Africa;5;HIV Cases Adults 15-49;2018;0.2;count;;0.2;0.3;0.2;good;no_of_cases_adults_15_to_49_by_country_clean.csv;2025-06-30 12:28:07
2141;101;Mauritania;Africa;4;HIV-related Deaths;2000;500.0;count;;200.0;500.0;500.0;good;no_of_deaths_by_country_clean.csv;2025-06-30 12:28:07
1971;101;Mauritania;Africa;4;HIV-related Deaths;2010;500.0;count;;500.0;500.0;500.0;good;no_of_deaths_by_country_clean.csv;2025-06-30 12:28:07
1801;101;Mauritania;Africa;4;HIV-related Deaths;2018;500.0;count;;200.0;500.0;500.0;good;no_of_deaths_by_country_clean.csv;2025-06-30 12:28:07
1631;101;Mauritania;Africa;3;People Living with HIV;2000;5500.0;count;;4500.0;6500.0;5500.0;good;no_of_people_living_with_hiv_by_country_clean.csv;2025-06-30 12:28:07
1461;101;Mauritania;Africa;3;People Living with HIV;2005;7500.0;count;;6400.0;8800.0;7500.0;good;no_of_people_living_with_hiv_by_country_clean.csv;2025-06-30 12:28:07
1291;101;Mauritania;Africa;3;People Living with HIV;2010;7100.0;count;;5900.0;8400.0;7100.0;good;no_of_people_living_with_hiv_by_country_clean.csv;2025-06-30 12:28:07
1121;101;Mauritania;Africa;3;People Living with HIV;2018;5600.0;count;;4500.0;7200.0;5600.0;good;no_of_people_living_with_hiv_by_country_clean.csv;2025-06-30 12:28:07
302;101;Mauritania;Africa;1;Prevention of Mother-to-Child Transmission;2023;200.0;needing_antiretrovirals;;200.0;200.0;200.0;good;prevention_of_mother_to_child_transmission_by_country_clean.csv;2025-06-30 12:28:07
303;101;Mauritania;Africa;1;Prevention of Mother-to-Child Transmission;2023;38.0;percentage_received;;31.0;47.0;38.0;good;prevention_of_mother_to_child_transmission_by_country_clean.csv;2025-06-30 12:28:07
301;101;Mauritania;Africa;1;Prevention of Mother-to-Child Transmission;2023;50.0;received_antiretrovirals;;;;;good;prevention_of_mother_to_child_transmission_by_country_clean.csv;2025-06-30 12:28:07
816;102;Mauritius;Africa;2;ART Coverage;2023;22.0;estimated_art_coverage_percent;;18.0;26.0;22.0;good;art_coverage_by_country_clean.csv;2025-06-30 12:28:07
815;102;Mauritius;Africa;2;ART Coverage;2023;13000.0;estimated_living_with_hiv;;10000.0;15000.0;13000.0;good;art_coverage_by_country_clean.csv;2025-06-30 12:28:07
814;102;Mauritius;Africa;2;ART Coverage;2023;2800.0;reported_receiving_art;;;;;good;art_coverage_by_country_clean.csv;2025-06-30 12:28:07
3196;102;Mauritius;Africa;6;ART Pediatric Coverage;2023;45.0;estimated_children_art_coverage_percent;;40.0;50.0;45.0;good;art_pediatric_coverage_by_country_clean.csv;2025-06-30 12:28:07
3195;102;Mauritius;Africa;6;ART Pediatric Coverage;2023;100.0;estimated_children_needing_art;;100.0;200.0;100.0;good;art_pediatric_coverage_by_country_clean.csv;2025-06-30 12:28:07
3194;102;Mauritius;Africa;6;ART Pediatric Coverage;2023;40.0;reported_children_receiving_art;;;;;good;art_pediatric_coverage_by_country_clean.csv;2025-06-30 12:28:07
2822;102;Mauritius;Africa;5;HIV Cases Adults 15-49;2000;0.4;count;;0.2;0.8;0.4;good;no_of_cases_adults_15_to_49_by_country_clean.csv;2025-06-30 12:28:07
2652;102;Mauritius;Africa;5;HIV Cases Adults 15-49;2005;1.0;count;;0.8;1.4;1.0;good;no_of_cases_adults_15_to_49_by_country_clean.csv;2025-06-30 12:28:07
2482;102;Mauritius;Africa;5;HIV Cases Adults 15-49;2010;1.3;count;;1.2;1.4;1.3;good;no_of_cases_adults_15_to_49_by_country_clean.csv;2025-06-30 12:28:07
2312;102;Mauritius;Africa;5;HIV Cases Adults 15-49;2018;1.3;count;;1.1;1.5;1.3;good;no_of_cases_adults_15_to_49_by_country_clean.csv;2025-06-30 12:28:07
2142;102;Mauritius;Africa;4;HIV-related Deaths;2000;100.0;count;;100.0;200.0;100.0;good;no_of_deaths_by_country_clean.csv;2025-06-30 12:28:07
1972;102;Mauritius;Africa;4;HIV-related Deaths;2010;500.0;count;;500.0;680.0;500.0;good;no_of_deaths_by_country_clean.csv;2025-06-30 12:28:07
1802;102;Mauritius;Africa;4;HIV-related Deaths;2018;610.0;count;;500.0;820.0;610.0;good;no_of_deaths_by_country_clean.csv;2025-06-30 12:28:07
1632;102;Mauritius;Africa;3;People Living with HIV;2000;3200.0;count;;1500.0;6000.0;3200.0;good;no_of_people_living_with_hiv_by_country_clean.csv;2025-06-30 12:28:07
1462;102;Mauritius;Africa;3;People Living with HIV;2005;8000.0;count;;6100.0;11000.0;8000.0;good;no_of_people_living_with_hiv_by_country_clean.csv;2025-06-30 12:28:07
1292;102;Mauritius;Africa;3;People Living with HIV;2010;11000.0;count;;9500.0;12000.0;11000.0;good;no_of_people_living_with_hiv_by_country_clean.csv;2025-06-30 12:28:07
1122;102;Mauritius;Africa;3;People Living with HIV;2018;13000.0;count;;10000.0;15000.0;13000.0;good;no_of_people_living_with_hiv_by_country_clean.csv;2025-06-30 12:28:07
305;102;Mauritius;Africa;1;Prevention of Mother-to-Child Transmission;2023;100.0;needing_antiretrovirals;;100.0;100.0;100.0;good;prevention_of_mother_to_child_transmission_by_country_clean.csv;2025-06-30 12:28:07
306;102;Mauritius;Africa;1;Prevention of Mother-to-Child Transmission;2023;95.0;percentage_received;;95.0;95.0;95.0;good;prevention_of_mother_to_child_transmission_by_country_clean.csv;2025-06-30 12:28:07
304;102;Mauritius;Africa;1;Prevention of Mother-to-Child Transmission;2023;110.0;received_antiretrovirals;;;;;good;prevention_of_mother_to_child_transmission_by_country_clean.csv;2025-06-30 12:28:07
819;103;Mexico;Americas;2;ART Coverage;2023;70.0;estimated_art_coverage_percent;;60.0;80.0;70.0;good;art_coverage_by_country_clean.csv;2025-06-30 12:28:07
818;103;Mexico;Americas;2;ART Coverage;2023;230000.0;estimated_living_with_hiv;;200000.0;270000.0;230000.0;good;art_coverage_by_country_clean.csv;2025-06-30 12:28:07
817;103;Mexico;Americas;2;ART Coverage;2023;165000.0;reported_receiving_art;;;;;good;art_coverage_by_country_clean.csv;2025-06-30 12:28:07
3199;103;Mexico;Americas;6;ART Pediatric Coverage;2023;;estimated_children_art_coverage_percent;Nodata                                    ;;;;good;art_pediatric_coverage_by_country_clean.csv;2025-06-30 12:28:07
3198;103;Mexico;Americas;6;ART Pediatric Coverage;2023;2300.0;estimated_children_needing_art;;1900.0;2600.0;2300.0;good;art_pediatric_coverage_by_country_clean.csv;2025-06-30 12:28:07
3197;103;Mexico;Americas;6;ART Pediatric Coverage;2023;;reported_children_receiving_art;No data                                   ;;;;good;art_pediatric_coverage_by_country_clean.csv;2025-06-30 12:28:07
2823;103;Mexico;Americas;5;HIV Cases Adults 15-49;2000;0.2;count;;0.2;0.3;0.2;good;no_of_cases_adults_15_to_49_by_country_clean.csv;2025-06-30 12:28:07
2653;103;Mexico;Americas;5;HIV Cases Adults 15-49;2005;0.2;count;;0.2;0.3;0.2;good;no_of_cases_adults_15_to_49_by_country_clean.csv;2025-06-30 12:28:07
2483;103;Mexico;Americas;5;HIV Cases Adults 15-49;2010;0.2;count;;0.2;0.3;0.2;good;no_of_cases_adults_15_to_49_by_country_clean.csv;2025-06-30 12:28:07
2313;103;Mexico;Americas;5;HIV Cases Adults 15-49;2018;0.2;count;;0.2;0.3;0.2;good;no_of_cases_adults_15_to_49_by_country_clean.csv;2025-06-30 12:28:07
2143;103;Mexico;Americas;4;HIV-related Deaths;2000;;count;na                    ;;;;good;no_of_deaths_by_country_clean.csv;2025-06-30 12:28:07
1973;103;Mexico;Americas;4;HIV-related Deaths;2010;;count;na                    ;;;;good;no_of_deaths_by_country_clean.csv;2025-06-30 12:28:07
1803;103;Mexico;Americas;4;HIV-related Deaths;2018;;count;na                    ;;;;good;no_of_deaths_by_country_clean.csv;2025-06-30 12:28:07
1633;103;Mexico;Americas;3;People Living with HIV;2000;130000.0;count;;94000.0;190000.0;130000.0;good;no_of_people_living_with_hiv_by_country_clean.csv;2025-06-30 12:28:07
1463;103;Mexico;Americas;3;People Living with HIV;2005;150000.0;count;;120000.0;200000.0;150000.0;good;no_of_people_living_with_hiv_by_country_clean.csv;2025-06-30 12:28:07
1293;103;Mexico;Americas;3;People Living with HIV;2010;180000.0;count;;150000.0;210000.0;180000.0;good;no_of_people_living_with_hiv_by_country_clean.csv;2025-06-30 12:28:07
1123;103;Mexico;Americas;3;People Living with HIV;2018;230000.0;count;;200000.0;270000.0;230000.0;good;no_of_people_living_with_hiv_by_country_clean.csv;2025-06-30 12:28:07
308;103;Mexico;Americas;1;Prevention of Mother-to-Child Transmission;2023;;needing_antiretrovirals;Nodata                  ;;;;good;prevention_of_mother_to_child_transmission_by_country_clean.csv;2025-06-30 12:28:07
309;103;Mexico;Americas;1;Prevention of Mother-to-Child Transmission;2023;;percentage_received;Nodata              ;;;;good;prevention_of_mother_to_child_transmission_by_country_clean.csv;2025-06-30 12:28:07
307;103;Mexico;Americas;1;Prevention of Mother-to-Child Transmission;2023;;received_antiretrovirals;No data                  ;;;;good;prevention_of_mother_to_child_transmission_by_country_clean.csv;2025-06-30 12:28:07
894;128;Moldova;Europe;2;ART Coverage;2023;34.0;estimated_art_coverage_percent;;27.0;45.0;34.0;good;art_coverage_by_country_clean.csv;2025-06-30 12:28:07
893;128;Moldova;Europe;2;ART Coverage;2023;17000.0;estimated_living_with_hiv;;14000.0;23000.0;17000.0;good;art_coverage_by_country_clean.csv;2025-06-30 12:28:07
892;128;Moldova;Europe;2;ART Coverage;2023;6000.0;reported_receiving_art;;;;;good;art_coverage_by_country_clean.csv;2025-06-30 12:28:07
3274;128;Moldova;Europe;6;ART Pediatric Coverage;2023;40.0;estimated_children_art_coverage_percent;;30.0;55.0;40.0;good;art_pediatric_coverage_by_country_clean.csv;2025-06-30 12:28:07
3273;128;Moldova;Europe;6;ART Pediatric Coverage;2023;500.0;estimated_children_needing_art;;500.0;500.0;500.0;good;art_pediatric_coverage_by_country_clean.csv;2025-06-30 12:28:07
3272;128;Moldova;Europe;6;ART Pediatric Coverage;2023;130.0;reported_children_receiving_art;;;;;good;art_pediatric_coverage_by_country_clean.csv;2025-06-30 12:28:07
2848;128;Moldova;Europe;5;HIV Cases Adults 15-49;2000;0.3;count;;0.3;0.4;0.3;good;no_of_cases_adults_15_to_49_by_country_clean.csv;2025-06-30 12:28:07
2678;128;Moldova;Europe;5;HIV Cases Adults 15-49;2005;0.4;count;;0.3;0.5;0.4;good;no_of_cases_adults_15_to_49_by_country_clean.csv;2025-06-30 12:28:07
2508;128;Moldova;Europe;5;HIV Cases Adults 15-49;2010;0.5;count;;0.4;0.7;0.5;good;no_of_cases_adults_15_to_49_by_country_clean.csv;2025-06-30 12:28:07
2338;128;Moldova;Europe;5;HIV Cases Adults 15-49;2018;0.6;count;;0.5;0.8;0.6;good;no_of_cases_adults_15_to_49_by_country_clean.csv;2025-06-30 12:28:07
2168;128;Moldova;Europe;4;HIV-related Deaths;2000;500.0;count;;500.0;500.0;500.0;good;no_of_deaths_by_country_clean.csv;2025-06-30 12:28:07
1998;128;Moldova;Europe;4;HIV-related Deaths;2010;740.0;count;;510.0;1100.0;740.0;good;no_of_deaths_by_country_clean.csv;2025-06-30 12:28:07
1828;128;Moldova;Europe;4;HIV-related Deaths;2018;570.0;count;;500.0;860.0;570.0;good;no_of_deaths_by_country_clean.csv;2025-06-30 12:28:07
1658;128;Moldova;Europe;3;People Living with HIV;2000;10000.0;count;;8000.0;13000.0;10000.0;good;no_of_people_living_with_hiv_by_country_clean.csv;2025-06-30 12:28:07
1488;128;Moldova;Europe;3;People Living with HIV;2005;12000.0;count;;9600.0;16000.0;12000.0;good;no_of_people_living_with_hiv_by_country_clean.csv;2025-06-30 12:28:07
1318;128;Moldova;Europe;3;People Living with HIV;2010;16000.0;count;;12000.0;20000.0;16000.0;good;no_of_people_living_with_hiv_by_country_clean.csv;2025-06-30 12:28:07
1148;128;Moldova;Europe;3;People Living with HIV;2018;17000.0;count;;14000.0;23000.0;17000.0;good;no_of_people_living_with_hiv_by_country_clean.csv;2025-06-30 12:28:07
383;128;Moldova;Europe;1;Prevention of Mother-to-Child Transmission;2023;500.0;needing_antiretrovirals;;200.0;500.0;500.0;good;prevention_of_mother_to_child_transmission_by_country_clean.csv;2025-06-30 12:28:07
384;128;Moldova;Europe;1;Prevention of Mother-to-Child Transmission;2023;73.0;percentage_received;;54.0;95.0;73.0;good;prevention_of_mother_to_child_transmission_by_country_clean.csv;2025-06-30 12:28:07
382;128;Moldova;Europe;1;Prevention of Mother-to-Child Transmission;2023;180.0;received_antiretrovirals;;;;;good;prevention_of_mother_to_child_transmission_by_country_clean.csv;2025-06-30 12:28:07
822;104;Mongolia;Western Pacific;2;ART Coverage;2023;32.0;estimated_art_coverage_percent;;29.0;36.0;32.0;good;art_coverage_by_country_clean.csv;2025-06-30 12:28:07
821;104;Mongolia;Western Pacific;2;ART Coverage;2023;600.0;estimated_living_with_hiv;;530.0;670.0;600.0;good;art_coverage_by_country_clean.csv;2025-06-30 12:28:07
820;104;Mongolia;Western Pacific;2;ART Coverage;2023;200.0;reported_receiving_art;;;;;good;art_coverage_by_country_clean.csv;2025-06-30 12:28:07
3202;104;Mongolia;Western Pacific;6;ART Pediatric Coverage;2023;;estimated_children_art_coverage_percent;Nodata                                    ;;;;good;art_pediatric_coverage_by_country_clean.csv;2025-06-30 12:28:07
3201;104;Mongolia;Western Pacific;6;ART Pediatric Coverage;2023;;estimated_children_needing_art;Nodata                                                        ;;;;good;art_pediatric_coverage_by_country_clean.csv;2025-06-30 12:28:07
3200;104;Mongolia;Western Pacific;6;ART Pediatric Coverage;2023;;reported_children_receiving_art;No data                                   ;;;;good;art_pediatric_coverage_by_country_clean.csv;2025-06-30 12:28:07
2824;104;Mongolia;Western Pacific;5;HIV Cases Adults 15-49;2000;0.1;count;;0.1;0.1;0.1;good;no_of_cases_adults_15_to_49_by_country_clean.csv;2025-06-30 12:28:07
2654;104;Mongolia;Western Pacific;5;HIV Cases Adults 15-49;2005;0.1;count;;0.1;0.1;0.1;good;no_of_cases_adults_15_to_49_by_country_clean.csv;2025-06-30 12:28:07
2484;104;Mongolia;Western Pacific;5;HIV Cases Adults 15-49;2010;0.1;count;;0.1;0.1;0.1;good;no_of_cases_adults_15_to_49_by_country_clean.csv;2025-06-30 12:28:07
2314;104;Mongolia;Western Pacific;5;HIV Cases Adults 15-49;2018;0.1;count;;0.1;0.1;0.1;good;no_of_cases_adults_15_to_49_by_country_clean.csv;2025-06-30 12:28:07
2144;104;Mongolia;Western Pacific;4;HIV-related Deaths;2000;100.0;count;;100.0;100.0;100.0;good;no_of_deaths_by_country_clean.csv;2025-06-30 12:28:07
1974;104;Mongolia;Western Pacific;4;HIV-related Deaths;2010;100.0;count;;100.0;100.0;100.0;good;no_of_deaths_by_country_clean.csv;2025-06-30 12:28:07
1804;104;Mongolia;Western Pacific;4;HIV-related Deaths;2018;100.0;count;;100.0;100.0;100.0;good;no_of_deaths_by_country_clean.csv;2025-06-30 12:28:07
1634;104;Mongolia;Western Pacific;3;People Living with HIV;2000;100.0;count;;100.0;100.0;100.0;good;no_of_people_living_with_hiv_by_country_clean.csv;2025-06-30 12:28:07
1464;104;Mongolia;Western Pacific;3;People Living with HIV;2005;500.0;count;;200.0;500.0;500.0;good;no_of_people_living_with_hiv_by_country_clean.csv;2025-06-30 12:28:07
1294;104;Mongolia;Western Pacific;3;People Living with HIV;2010;500.0;count;;500.0;500.0;500.0;good;no_of_people_living_with_hiv_by_country_clean.csv;2025-06-30 12:28:07
1124;104;Mongolia;Western Pacific;3;People Living with HIV;2018;600.0;count;;530.0;670.0;600.0;good;no_of_people_living_with_hiv_by_country_clean.csv;2025-06-30 12:28:07
311;104;Mongolia;Western Pacific;1;Prevention of Mother-to-Child Transmission;2023;;needing_antiretrovirals;Nodata                  ;;;;good;prevention_of_mother_to_child_transmission_by_country_clean.csv;2025-06-30 12:28:07
312;104;Mongolia;Western Pacific;1;Prevention of Mother-to-Child Transmission;2023;;percentage_received;Nodata              ;;;;good;prevention_of_mother_to_child_transmission_by_country_clean.csv;2025-06-30 12:28:07
310;104;Mongolia;Western Pacific;1;Prevention of Mother-to-Child Transmission;2023;;received_antiretrovirals;No data                  ;;;;good;prevention_of_mother_to_child_transmission_by_country_clean.csv;2025-06-30 12:28:07
825;105;Montenegro;Europe;2;ART Coverage;2023;40.0;estimated_art_coverage_percent;;34.0;46.0;40.0;good;art_coverage_by_country_clean.csv;2025-06-30 12:28:07
824;105;Montenegro;Europe;2;ART Coverage;2023;500.0;estimated_living_with_hiv;;500.0;500.0;500.0;good;art_coverage_by_country_clean.csv;2025-06-30 12:28:07
823;105;Montenegro;Europe;2;ART Coverage;2023;160.0;reported_receiving_art;;;;;good;art_coverage_by_country_clean.csv;2025-06-30 12:28:07
3205;105;Montenegro;Europe;6;ART Pediatric Coverage;2023;;estimated_children_art_coverage_percent;Nodata                                    ;;;;good;art_pediatric_coverage_by_country_clean.csv;2025-06-30 12:28:07
3204;105;Montenegro;Europe;6;ART Pediatric Coverage;2023;;estimated_children_needing_art;Nodata                                                        ;;;;good;art_pediatric_coverage_by_country_clean.csv;2025-06-30 12:28:07
3203;105;Montenegro;Europe;6;ART Pediatric Coverage;2023;;reported_children_receiving_art;No data                                   ;;;;good;art_pediatric_coverage_by_country_clean.csv;2025-06-30 12:28:07
2825;105;Montenegro;Europe;5;HIV Cases Adults 15-49;2000;0.1;count;;0.1;0.1;0.1;good;no_of_cases_adults_15_to_49_by_country_clean.csv;2025-06-30 12:28:07
2655;105;Montenegro;Europe;5;HIV Cases Adults 15-49;2005;0.1;count;;0.1;0.1;0.1;good;no_of_cases_adults_15_to_49_by_country_clean.csv;2025-06-30 12:28:07
2485;105;Montenegro;Europe;5;HIV Cases Adults 15-49;2010;0.1;count;;0.1;0.1;0.1;good;no_of_cases_adults_15_to_49_by_country_clean.csv;2025-06-30 12:28:07
2315;105;Montenegro;Europe;5;HIV Cases Adults 15-49;2018;0.1;count;;0.1;0.1;0.1;good;no_of_cases_adults_15_to_49_by_country_clean.csv;2025-06-30 12:28:07
2145;105;Montenegro;Europe;4;HIV-related Deaths;2000;100.0;count;;100.0;100.0;100.0;good;no_of_deaths_by_country_clean.csv;2025-06-30 12:28:07
1975;105;Montenegro;Europe;4;HIV-related Deaths;2010;100.0;count;;100.0;100.0;100.0;good;no_of_deaths_by_country_clean.csv;2025-06-30 12:28:07
1805;105;Montenegro;Europe;4;HIV-related Deaths;2018;100.0;count;;100.0;100.0;100.0;good;no_of_deaths_by_country_clean.csv;2025-06-30 12:28:07
1635;105;Montenegro;Europe;3;People Living with HIV;2000;100.0;count;;100.0;100.0;100.0;good;no_of_people_living_with_hiv_by_country_clean.csv;2025-06-30 12:28:07
1465;105;Montenegro;Europe;3;People Living with HIV;2005;100.0;count;;100.0;100.0;100.0;good;no_of_people_living_with_hiv_by_country_clean.csv;2025-06-30 12:28:07
1295;105;Montenegro;Europe;3;People Living with HIV;2010;200.0;count;;200.0;200.0;200.0;good;no_of_people_living_with_hiv_by_country_clean.csv;2025-06-30 12:28:07
1125;105;Montenegro;Europe;3;People Living with HIV;2018;500.0;count;;500.0;500.0;500.0;good;no_of_people_living_with_hiv_by_country_clean.csv;2025-06-30 12:28:07
314;105;Montenegro;Europe;1;Prevention of Mother-to-Child Transmission;2023;;needing_antiretrovirals;Nodata                  ;;;;good;prevention_of_mother_to_child_transmission_by_country_clean.csv;2025-06-30 12:28:07
315;105;Montenegro;Europe;1;Prevention of Mother-to-Child Transmission;2023;;percentage_received;Nodata              ;;;;good;prevention_of_mother_to_child_transmission_by_country_clean.csv;2025-06-30 12:28:07
313;105;Montenegro;Europe;1;Prevention of Mother-to-Child Transmission;2023;;received_antiretrovirals;No data                  ;;;;good;prevention_of_mother_to_child_transmission_by_country_clean.csv;2025-06-30 12:28:07
828;106;Morocco;Eastern Mediterranean;2;ART Coverage;2023;65.0;estimated_art_coverage_percent;;52.0;86.0;65.0;good;art_coverage_by_country_clean.csv;2025-06-30 12:28:07
827;106;Morocco;Eastern Mediterranean;2;ART Coverage;2023;21000.0;estimated_living_with_hiv;;17000.0;28000.0;21000.0;good;art_coverage_by_country_clean.csv;2025-06-30 12:28:07
826;106;Morocco;Eastern Mediterranean;2;ART Coverage;2023;13600.0;reported_receiving_art;;;;;good;art_coverage_by_country_clean.csv;2025-06-30 12:28:07
3208;106;Morocco;Eastern Mediterranean;6;ART Pediatric Coverage;2023;95.0;estimated_children_art_coverage_percent;;88.0;95.0;95.0;good;art_pediatric_coverage_by_country_clean.csv;2025-06-30 12:28:07
3207;106;Morocco;Eastern Mediterranean;6;ART Pediatric Coverage;2023;560.0;estimated_children_needing_art;;500.0;770.0;560.0;good;art_pediatric_coverage_by_country_clean.csv;2025-06-30 12:28:07
3206;106;Morocco;Eastern Mediterranean;6;ART Pediatric Coverage;2023;670.0;reported_children_receiving_art;;;;;good;art_pediatric_coverage_by_country_clean.csv;2025-06-30 12:28:07
2826;106;Morocco;Eastern Mediterranean;5;HIV Cases Adults 15-49;2000;0.1;count;;0.1;0.1;0.1;good;no_of_cases_adults_15_to_49_by_country_clean.csv;2025-06-30 12:28:07
2656;106;Morocco;Eastern Mediterranean;5;HIV Cases Adults 15-49;2005;0.1;count;;0.1;0.1;0.1;good;no_of_cases_adults_15_to_49_by_country_clean.csv;2025-06-30 12:28:07
2486;106;Morocco;Eastern Mediterranean;5;HIV Cases Adults 15-49;2010;0.1;count;;0.1;0.1;0.1;good;no_of_cases_adults_15_to_49_by_country_clean.csv;2025-06-30 12:28:07
2316;106;Morocco;Eastern Mediterranean;5;HIV Cases Adults 15-49;2018;0.1;count;;0.1;0.1;0.1;good;no_of_cases_adults_15_to_49_by_country_clean.csv;2025-06-30 12:28:07
2146;106;Morocco;Eastern Mediterranean;4;HIV-related Deaths;2000;500.0;count;;500.0;680.0;500.0;good;no_of_deaths_by_country_clean.csv;2025-06-30 12:28:07
1976;106;Morocco;Eastern Mediterranean;4;HIV-related Deaths;2010;550.0;count;;500.0;840.0;550.0;good;no_of_deaths_by_country_clean.csv;2025-06-30 12:28:07
1806;106;Morocco;Eastern Mediterranean;4;HIV-related Deaths;2018;500.0;count;;500.0;600.0;500.0;good;no_of_deaths_by_country_clean.csv;2025-06-30 12:28:07
1636;106;Morocco;Eastern Mediterranean;3;People Living with HIV;2000;9700.0;count;;7800.0;13000.0;9700.0;good;no_of_people_living_with_hiv_by_country_clean.csv;2025-06-30 12:28:07
1466;106;Morocco;Eastern Mediterranean;3;People Living with HIV;2005;13000.0;count;;11000.0;18000.0;13000.0;good;no_of_people_living_with_hiv_by_country_clean.csv;2025-06-30 12:28:07
1296;106;Morocco;Eastern Mediterranean;3;People Living with HIV;2010;17000.0;count;;13000.0;22000.0;17000.0;good;no_of_people_living_with_hiv_by_country_clean.csv;2025-06-30 12:28:07
1126;106;Morocco;Eastern Mediterranean;3;People Living with HIV;2018;21000.0;count;;17000.0;28000.0;21000.0;good;no_of_people_living_with_hiv_by_country_clean.csv;2025-06-30 12:28:07
317;106;Morocco;Eastern Mediterranean;1;Prevention of Mother-to-Child Transmission;2023;500.0;needing_antiretrovirals;;500.0;500.0;500.0;good;prevention_of_mother_to_child_transmission_by_country_clean.csv;2025-06-30 12:28:07
318;106;Morocco;Eastern Mediterranean;1;Prevention of Mother-to-Child Transmission;2023;61.0;percentage_received;;50.0;78.0;61.0;good;prevention_of_mother_to_child_transmission_by_country_clean.csv;2025-06-30 12:28:07
316;106;Morocco;Eastern Mediterranean;1;Prevention of Mother-to-Child Transmission;2023;220.0;received_antiretrovirals;;;;;good;prevention_of_mother_to_child_transmission_by_country_clean.csv;2025-06-30 12:28:07
831;107;Mozambique;Africa;2;ART Coverage;2023;56.0;estimated_art_coverage_percent;;44.0;68.0;56.0;good;art_coverage_by_country_clean.csv;2025-06-30 12:28:07
830;107;Mozambique;Africa;2;ART Coverage;2023;2200000.0;estimated_living_with_hiv;;1700000.0;2700000.0;2200000.0;good;art_coverage_by_country_clean.csv;2025-06-30 12:28:07
829;107;Mozambique;Africa;2;ART Coverage;2023;1213000.0;reported_receiving_art;;;;;good;art_coverage_by_country_clean.csv;2025-06-30 12:28:07
3211;107;Mozambique;Africa;6;ART Pediatric Coverage;2023;60.0;estimated_children_art_coverage_percent;;45.0;81.0;60.0;good;art_pediatric_coverage_by_country_clean.csv;2025-06-30 12:28:07
3210;107;Mozambique;Africa;6;ART Pediatric Coverage;2023;140000.0;estimated_children_needing_art;;110000.0;190000.0;140000.0;good;art_pediatric_coverage_by_country_clean.csv;2025-06-30 12:28:07
3209;107;Mozambique;Africa;6;ART Pediatric Coverage;2023;86900.0;reported_children_receiving_art;;;;;good;art_pediatric_coverage_by_country_clean.csv;2025-06-30 12:28:07
2827;107;Mozambique;Africa;5;HIV Cases Adults 15-49;2000;8.8;count;;7.0;11.0;8.8;good;no_of_cases_adults_15_to_49_by_country_clean.csv;2025-06-30 12:28:07
2657;107;Mozambique;Africa;5;HIV Cases Adults 15-49;2005;11.1;count;;8.9;13.8;11.1;good;no_of_cases_adults_15_to_49_by_country_clean.csv;2025-06-30 12:28:07
2487;107;Mozambique;Africa;5;HIV Cases Adults 15-49;2010;12.0;count;;9.5;14.9;12.0;good;no_of_cases_adults_15_to_49_by_country_clean.csv;2025-06-30 12:28:07
2317;107;Mozambique;Africa;5;HIV Cases Adults 15-49;2018;12.6;count;;10.0;15.7;12.6;good;no_of_cases_adults_15_to_49_by_country_clean.csv;2025-06-30 12:28:07
2147;107;Mozambique;Africa;4;HIV-related Deaths;2000;40000.0;count;;29000.0;54000.0;40000.0;good;no_of_deaths_by_country_clean.csv;2025-06-30 12:28:07
1977;107;Mozambique;Africa;4;HIV-related Deaths;2010;64000.0;count;;46000.0;87000.0;64000.0;good;no_of_deaths_by_country_clean.csv;2025-06-30 12:28:07
1807;107;Mozambique;Africa;4;HIV-related Deaths;2018;54000.0;count;;39000.0;73000.0;54000.0;good;no_of_deaths_by_country_clean.csv;2025-06-30 12:28:07
1637;107;Mozambique;Africa;3;People Living with HIV;2000;840000.0;count;;670000.0;1000000.0;840000.0;good;no_of_people_living_with_hiv_by_country_clean.csv;2025-06-30 12:28:07
1467;107;Mozambique;Africa;3;People Living with HIV;2005;1200000.0;count;;980000.0;1500000.0;1200000.0;good;no_of_people_living_with_hiv_by_country_clean.csv;2025-06-30 12:28:07
1297;107;Mozambique;Africa;3;People Living with HIV;2010;1600000.0;count;;1300000.0;1900000.0;1600000.0;good;no_of_people_living_with_hiv_by_country_clean.csv;2025-06-30 12:28:07
1127;107;Mozambique;Africa;3;People Living with HIV;2018;2200000.0;count;;1700000.0;2700000.0;2200000.0;good;no_of_people_living_with_hiv_by_country_clean.csv;2025-06-30 12:28:07
320;107;Mozambique;Africa;1;Prevention of Mother-to-Child Transmission;2023;110000.0;needing_antiretrovirals;;78000.0;140000.0;110000.0;good;prevention_of_mother_to_child_transmission_by_country_clean.csv;2025-06-30 12:28:07
321;107;Mozambique;Africa;1;Prevention of Mother-to-Child Transmission;2023;95.0;percentage_received;;73.0;95.0;95.0;good;prevention_of_mother_to_child_transmission_by_country_clean.csv;2025-06-30 12:28:07
319;107;Mozambique;Africa;1;Prevention of Mother-to-Child Transmission;2023;109000.0;received_antiretrovirals;;;;;good;prevention_of_mother_to_child_transmission_by_country_clean.csv;2025-06-30 12:28:07
834;108;Myanmar;South-East Asia;2;ART Coverage;2023;70.0;estimated_art_coverage_percent;;63.0;79.0;70.0;good;art_coverage_by_country_clean.csv;2025-06-30 12:28:07
833;108;Myanmar;South-East Asia;2;ART Coverage;2023;240000.0;estimated_living_with_hiv;;210000.0;270000.0;240000.0;good;art_coverage_by_country_clean.csv;2025-06-30 12:28:07
832;108;Myanmar;South-East Asia;2;ART Coverage;2023;167000.0;reported_receiving_art;;;;;good;art_coverage_by_country_clean.csv;2025-06-30 12:28:07
3214;108;Myanmar;South-East Asia;6;ART Pediatric Coverage;2023;80.0;estimated_children_art_coverage_percent;;69.0;93.0;80.0;good;art_pediatric_coverage_by_country_clean.csv;2025-06-30 12:28:07
3213;108;Myanmar;South-East Asia;6;ART Pediatric Coverage;2023;9800.0;estimated_children_needing_art;;8400.0;11000.0;9800.0;good;art_pediatric_coverage_by_country_clean.csv;2025-06-30 12:28:07
3212;108;Myanmar;South-East Asia;6;ART Pediatric Coverage;2023;7900.0;reported_children_receiving_art;;;;;good;art_pediatric_coverage_by_country_clean.csv;2025-06-30 12:28:07
2828;108;Myanmar;South-East Asia;5;HIV Cases Adults 15-49;2000;0.6;count;;0.5;0.7;0.6;good;no_of_cases_adults_15_to_49_by_country_clean.csv;2025-06-30 12:28:07
2658;108;Myanmar;South-East Asia;5;HIV Cases Adults 15-49;2005;0.8;count;;0.6;0.9;0.8;good;no_of_cases_adults_15_to_49_by_country_clean.csv;2025-06-30 12:28:07
2488;108;Myanmar;South-East Asia;5;HIV Cases Adults 15-49;2010;0.8;count;;0.6;0.9;0.8;good;no_of_cases_adults_15_to_49_by_country_clean.csv;2025-06-30 12:28:07
2318;108;Myanmar;South-East Asia;5;HIV Cases Adults 15-49;2018;0.8;count;;0.6;0.9;0.8;good;no_of_cases_adults_15_to_49_by_country_clean.csv;2025-06-30 12:28:07
2148;108;Myanmar;South-East Asia;4;HIV-related Deaths;2000;5800.0;count;;4600.0;6800.0;5800.0;good;no_of_deaths_by_country_clean.csv;2025-06-30 12:28:07
1978;108;Myanmar;South-East Asia;4;HIV-related Deaths;2010;11000.0;count;;9600.0;13000.0;11000.0;good;no_of_deaths_by_country_clean.csv;2025-06-30 12:28:07
1808;108;Myanmar;South-East Asia;4;HIV-related Deaths;2018;7800.0;count;;5900.0;11000.0;7800.0;good;no_of_deaths_by_country_clean.csv;2025-06-30 12:28:07
1638;108;Myanmar;South-East Asia;3;People Living with HIV;2000;150000.0;count;;130000.0;170000.0;150000.0;good;no_of_people_living_with_hiv_by_country_clean.csv;2025-06-30 12:28:07
1468;108;Myanmar;South-East Asia;3;People Living with HIV;2005;210000.0;count;;180000.0;240000.0;210000.0;good;no_of_people_living_with_hiv_by_country_clean.csv;2025-06-30 12:28:07
1298;108;Myanmar;South-East Asia;3;People Living with HIV;2010;220000.0;count;;190000.0;260000.0;220000.0;good;no_of_people_living_with_hiv_by_country_clean.csv;2025-06-30 12:28:07
1128;108;Myanmar;South-East Asia;3;People Living with HIV;2018;240000.0;count;;210000.0;270000.0;240000.0;good;no_of_people_living_with_hiv_by_country_clean.csv;2025-06-30 12:28:07
323;108;Myanmar;South-East Asia;1;Prevention of Mother-to-Child Transmission;2023;5400.0;needing_antiretrovirals;;4700.0;6100.0;5400.0;good;prevention_of_mother_to_child_transmission_by_country_clean.csv;2025-06-30 12:28:07
324;108;Myanmar;South-East Asia;1;Prevention of Mother-to-Child Transmission;2023;80.0;percentage_received;;69.0;89.0;80.0;good;prevention_of_mother_to_child_transmission_by_country_clean.csv;2025-06-30 12:28:07
322;108;Myanmar;South-East Asia;1;Prevention of Mother-to-Child Transmission;2023;4300.0;received_antiretrovirals;;;;;good;prevention_of_mother_to_child_transmission_by_country_clean.csv;2025-06-30 12:28:07
837;109;Namibia;Africa;2;ART Coverage;2023;92.0;estimated_art_coverage_percent;;84.0;95.0;92.0;good;art_coverage_by_country_clean.csv;2025-06-30 12:28:07
836;109;Namibia;Africa;2;ART Coverage;2023;200000.0;estimated_living_with_hiv;;190000.0;220000.0;200000.0;good;art_coverage_by_country_clean.csv;2025-06-30 12:28:07
835;109;Namibia;Africa;2;ART Coverage;2023;184000.0;reported_receiving_art;;;;;good;art_coverage_by_country_clean.csv;2025-06-30 12:28:07
3217;109;Namibia;Africa;6;ART Pediatric Coverage;2023;78.0;estimated_children_art_coverage_percent;;61.0;89.0;78.0;good;art_pediatric_coverage_by_country_clean.csv;2025-06-30 12:28:07
3216;109;Namibia;Africa;6;ART Pediatric Coverage;2023;11000.0;estimated_children_needing_art;;8700.0;13000.0;11000.0;good;art_pediatric_coverage_by_country_clean.csv;2025-06-30 12:28:07
3215;109;Namibia;Africa;6;ART Pediatric Coverage;2023;8600.0;reported_children_receiving_art;;;;;good;art_pediatric_coverage_by_country_clean.csv;2025-06-30 12:28:07
2829;109;Namibia;Africa;5;HIV Cases Adults 15-49;2000;14.0;count;;13.1;15.1;14.0;good;no_of_cases_adults_15_to_49_by_country_clean.csv;2025-06-30 12:28:07
2659;109;Namibia;Africa;5;HIV Cases Adults 15-49;2005;13.8;count;;12.6;14.7;13.8;good;no_of_cases_adults_15_to_49_by_country_clean.csv;2025-06-30 12:28:07
2489;109;Namibia;Africa;5;HIV Cases Adults 15-49;2010;13.4;count;;12.2;14.2;13.4;good;no_of_cases_adults_15_to_49_by_country_clean.csv;2025-06-30 12:28:07
2319;109;Namibia;Africa;5;HIV Cases Adults 15-49;2018;11.8;count;;10.6;12.7;11.8;good;no_of_cases_adults_15_to_49_by_country_clean.csv;2025-06-30 12:28:07
2149;109;Namibia;Africa;4;HIV-related Deaths;2000;7300.0;count;;5700.0;9100.0;7300.0;good;no_of_deaths_by_country_clean.csv;2025-06-30 12:28:07
1979;109;Namibia;Africa;4;HIV-related Deaths;2010;3500.0;count;;3000.0;3900.0;3500.0;good;no_of_deaths_by_country_clean.csv;2025-06-30 12:28:07
1809;109;Namibia;Africa;4;HIV-related Deaths;2018;2700.0;count;;2300.0;3200.0;2700.0;good;no_of_deaths_by_country_clean.csv;2025-06-30 12:28:07
1639;109;Namibia;Africa;3;People Living with HIV;2000;140000.0;count;;130000.0;160000.0;140000.0;good;no_of_people_living_with_hiv_by_country_clean.csv;2025-06-30 12:28:07
1469;109;Namibia;Africa;3;People Living with HIV;2005;160000.0;count;;140000.0;170000.0;160000.0;good;no_of_people_living_with_hiv_by_country_clean.csv;2025-06-30 12:28:07
1299;109;Namibia;Africa;3;People Living with HIV;2010;170000.0;count;;160000.0;180000.0;170000.0;good;no_of_people_living_with_hiv_by_country_clean.csv;2025-06-30 12:28:07
1129;109;Namibia;Africa;3;People Living with HIV;2018;200000.0;count;;190000.0;220000.0;200000.0;good;no_of_people_living_with_hiv_by_country_clean.csv;2025-06-30 12:28:07
326;109;Namibia;Africa;1;Prevention of Mother-to-Child Transmission;2023;10000.0;needing_antiretrovirals;;8200.0;12000.0;10000.0;good;prevention_of_mother_to_child_transmission_by_country_clean.csv;2025-06-30 12:28:07
327;109;Namibia;Africa;1;Prevention of Mother-to-Child Transmission;2023;95.0;percentage_received;;92.0;95.0;95.0;good;prevention_of_mother_to_child_transmission_by_country_clean.csv;2025-06-30 12:28:07
325;109;Namibia;Africa;1;Prevention of Mother-to-Child Transmission;2023;12100.0;received_antiretrovirals;;;;;good;prevention_of_mother_to_child_transmission_by_country_clean.csv;2025-06-30 12:28:07
840;110;Nepal;South-East Asia;2;ART Coverage;2023;56.0;estimated_art_coverage_percent;;50.0;65.0;56.0;good;art_coverage_by_country_clean.csv;2025-06-30 12:28:07
839;110;Nepal;South-East Asia;2;ART Coverage;2023;30000.0;estimated_living_with_hiv;;26000.0;34000.0;30000.0;good;art_coverage_by_country_clean.csv;2025-06-30 12:28:07
838;110;Nepal;South-East Asia;2;ART Coverage;2023;16900.0;reported_receiving_art;;;;;good;art_coverage_by_country_clean.csv;2025-06-30 12:28:07
3220;110;Nepal;South-East Asia;6;ART Pediatric Coverage;2023;91.0;estimated_children_art_coverage_percent;;80.0;95.0;91.0;good;art_pediatric_coverage_by_country_clean.csv;2025-06-30 12:28:07
3219;110;Nepal;South-East Asia;6;ART Pediatric Coverage;2023;1400.0;estimated_children_needing_art;;1200.0;1600.0;1400.0;good;art_pediatric_coverage_by_country_clean.csv;2025-06-30 12:28:07
3218;110;Nepal;South-East Asia;6;ART Pediatric Coverage;2023;1300.0;reported_children_receiving_art;;;;;good;art_pediatric_coverage_by_country_clean.csv;2025-06-30 12:28:07
2830;110;Nepal;South-East Asia;5;HIV Cases Adults 15-49;2000;0.1;count;;0.1;0.1;0.1;good;no_of_cases_adults_15_to_49_by_country_clean.csv;2025-06-30 12:28:07
2660;110;Nepal;South-East Asia;5;HIV Cases Adults 15-49;2005;0.2;count;;0.2;0.2;0.2;good;no_of_cases_adults_15_to_49_by_country_clean.csv;2025-06-30 12:28:07
2490;110;Nepal;South-East Asia;5;HIV Cases Adults 15-49;2010;0.2;count;;0.2;0.2;0.2;good;no_of_cases_adults_15_to_49_by_country_clean.csv;2025-06-30 12:28:07
2320;110;Nepal;South-East Asia;5;HIV Cases Adults 15-49;2018;0.1;count;;0.1;0.2;0.1;good;no_of_cases_adults_15_to_49_by_country_clean.csv;2025-06-30 12:28:07
2150;110;Nepal;South-East Asia;4;HIV-related Deaths;2000;500.0;count;;500.0;500.0;500.0;good;no_of_deaths_by_country_clean.csv;2025-06-30 12:28:07
1980;110;Nepal;South-East Asia;4;HIV-related Deaths;2010;1400.0;count;;1200.0;1700.0;1400.0;good;no_of_deaths_by_country_clean.csv;2025-06-30 12:28:07
1810;110;Nepal;South-East Asia;4;HIV-related Deaths;2018;910.0;count;;700.0;1200.0;910.0;good;no_of_deaths_by_country_clean.csv;2025-06-30 12:28:07
1640;110;Nepal;South-East Asia;3;People Living with HIV;2000;16000.0;count;;14000.0;17000.0;16000.0;good;no_of_people_living_with_hiv_by_country_clean.csv;2025-06-30 12:28:07
1470;110;Nepal;South-East Asia;3;People Living with HIV;2005;29000.0;count;;25000.0;33000.0;29000.0;good;no_of_people_living_with_hiv_by_country_clean.csv;2025-06-30 12:28:07
1300;110;Nepal;South-East Asia;3;People Living with HIV;2010;31000.0;count;;27000.0;36000.0;31000.0;good;no_of_people_living_with_hiv_by_country_clean.csv;2025-06-30 12:28:07
1130;110;Nepal;South-East Asia;3;People Living with HIV;2018;30000.0;count;;26000.0;34000.0;30000.0;good;no_of_people_living_with_hiv_by_country_clean.csv;2025-06-30 12:28:07
329;110;Nepal;South-East Asia;1;Prevention of Mother-to-Child Transmission;2023;500.0;needing_antiretrovirals;;500.0;500.0;500.0;good;prevention_of_mother_to_child_transmission_by_country_clean.csv;2025-06-30 12:28:07
330;110;Nepal;South-East Asia;1;Prevention of Mother-to-Child Transmission;2023;51.0;percentage_received;;43.0;60.0;51.0;good;prevention_of_mother_to_child_transmission_by_country_clean.csv;2025-06-30 12:28:07
328;110;Nepal;South-East Asia;1;Prevention of Mother-to-Child Transmission;2023;150.0;received_antiretrovirals;;;;;good;prevention_of_mother_to_child_transmission_by_country_clean.csv;2025-06-30 12:28:07
843;111;Netherlands;Europe;2;ART Coverage;2023;;estimated_art_coverage_percent;Nodata                                                  ;;;;good;art_coverage_by_country_clean.csv;2025-06-30 12:28:07
842;111;Netherlands;Europe;2;ART Coverage;2023;;estimated_living_with_hiv;Nodata                                     ;;;;good;art_coverage_by_country_clean.csv;2025-06-30 12:28:07
841;111;Netherlands;Europe;2;ART Coverage;2023;;reported_receiving_art;Nodata                                  ;;;;good;art_coverage_by_country_clean.csv;2025-06-30 12:28:07
3223;111;Netherlands;Europe;6;ART Pediatric Coverage;2023;;estimated_children_art_coverage_percent;Nodata                                    ;;;;good;art_pediatric_coverage_by_country_clean.csv;2025-06-30 12:28:07
3222;111;Netherlands;Europe;6;ART Pediatric Coverage;2023;;estimated_children_needing_art;Nodata                                                        ;;;;good;art_pediatric_coverage_by_country_clean.csv;2025-06-30 12:28:07
3221;111;Netherlands;Europe;6;ART Pediatric Coverage;2023;;reported_children_receiving_art;No data                                   ;;;;good;art_pediatric_coverage_by_country_clean.csv;2025-06-30 12:28:07
2831;111;Netherlands;Europe;5;HIV Cases Adults 15-49;2000;0.1;count;;0.1;0.1;0.1;good;no_of_cases_adults_15_to_49_by_country_clean.csv;2025-06-30 12:28:07
2661;111;Netherlands;Europe;5;HIV Cases Adults 15-49;2005;0.2;count;;0.1;0.2;0.2;good;no_of_cases_adults_15_to_49_by_country_clean.csv;2025-06-30 12:28:07
2491;111;Netherlands;Europe;5;HIV Cases Adults 15-49;2010;0.2;count;;0.1;0.2;0.2;good;no_of_cases_adults_15_to_49_by_country_clean.csv;2025-06-30 12:28:07
2321;111;Netherlands;Europe;5;HIV Cases Adults 15-49;2018;;count;na              ;;;;good;no_of_cases_adults_15_to_49_by_country_clean.csv;2025-06-30 12:28:07
2151;111;Netherlands;Europe;4;HIV-related Deaths;2000;200.0;count;;200.0;200.0;200.0;good;no_of_deaths_by_country_clean.csv;2025-06-30 12:28:07
1981;111;Netherlands;Europe;4;HIV-related Deaths;2010;200.0;count;;200.0;500.0;200.0;good;no_of_deaths_by_country_clean.csv;2025-06-30 12:28:07
1811;111;Netherlands;Europe;4;HIV-related Deaths;2018;;count;na                    ;;;;good;no_of_deaths_by_country_clean.csv;2025-06-30 12:28:07
1641;111;Netherlands;Europe;3;People Living with HIV;2000;11000.0;count;;11000.0;12000.0;11000.0;good;no_of_people_living_with_hiv_by_country_clean.csv;2025-06-30 12:28:07
1471;111;Netherlands;Europe;3;People Living with HIV;2005;16000.0;count;;15000.0;17000.0;16000.0;good;no_of_people_living_with_hiv_by_country_clean.csv;2025-06-30 12:28:07
1301;111;Netherlands;Europe;3;People Living with HIV;2010;20000.0;count;;19000.0;21000.0;20000.0;good;no_of_people_living_with_hiv_by_country_clean.csv;2025-06-30 12:28:07
1131;111;Netherlands;Europe;3;People Living with HIV;2018;;count;na                       ;;;;good;no_of_people_living_with_hiv_by_country_clean.csv;2025-06-30 12:28:07
332;111;Netherlands;Europe;1;Prevention of Mother-to-Child Transmission;2023;;needing_antiretrovirals;Nodata                  ;;;;good;prevention_of_mother_to_child_transmission_by_country_clean.csv;2025-06-30 12:28:07
333;111;Netherlands;Europe;1;Prevention of Mother-to-Child Transmission;2023;;percentage_received;Nodata              ;;;;good;prevention_of_mother_to_child_transmission_by_country_clean.csv;2025-06-30 12:28:07
331;111;Netherlands;Europe;1;Prevention of Mother-to-Child Transmission;2023;;received_antiretrovirals;No data                  ;;;;good;prevention_of_mother_to_child_transmission_by_country_clean.csv;2025-06-30 12:28:07
846;112;New Zealand;Western Pacific;2;ART Coverage;2023;73.0;estimated_art_coverage_percent;;62.0;84.0;73.0;good;art_coverage_by_country_clean.csv;2025-06-30 12:28:07
845;112;New Zealand;Western Pacific;2;ART Coverage;2023;3600.0;estimated_living_with_hiv;;3100.0;4200.0;3600.0;good;art_coverage_by_country_clean.csv;2025-06-30 12:28:07
844;112;New Zealand;Western Pacific;2;ART Coverage;2023;2700.0;reported_receiving_art;;;;;good;art_coverage_by_country_clean.csv;2025-06-30 12:28:07
3226;112;New Zealand;Western Pacific;6;ART Pediatric Coverage;2023;;estimated_children_art_coverage_percent;Nodata                                    ;;;;good;art_pediatric_coverage_by_country_clean.csv;2025-06-30 12:28:07
3225;112;New Zealand;Western Pacific;6;ART Pediatric Coverage;2023;;estimated_children_needing_art;Nodata                                                        ;;;;good;art_pediatric_coverage_by_country_clean.csv;2025-06-30 12:28:07
3224;112;New Zealand;Western Pacific;6;ART Pediatric Coverage;2023;;reported_children_receiving_art;No data                                   ;;;;good;art_pediatric_coverage_by_country_clean.csv;2025-06-30 12:28:07
2832;112;New Zealand;Western Pacific;5;HIV Cases Adults 15-49;2000;0.1;count;;0.1;0.1;0.1;good;no_of_cases_adults_15_to_49_by_country_clean.csv;2025-06-30 12:28:07
2662;112;New Zealand;Western Pacific;5;HIV Cases Adults 15-49;2005;0.1;count;;0.1;0.1;0.1;good;no_of_cases_adults_15_to_49_by_country_clean.csv;2025-06-30 12:28:07
2492;112;New Zealand;Western Pacific;5;HIV Cases Adults 15-49;2010;0.1;count;;0.1;0.1;0.1;good;no_of_cases_adults_15_to_49_by_country_clean.csv;2025-06-30 12:28:07
2322;112;New Zealand;Western Pacific;5;HIV Cases Adults 15-49;2018;0.1;count;;0.1;0.1;0.1;good;no_of_cases_adults_15_to_49_by_country_clean.csv;2025-06-30 12:28:07
2152;112;New Zealand;Western Pacific;4;HIV-related Deaths;2000;100.0;count;;100.0;100.0;100.0;good;no_of_deaths_by_country_clean.csv;2025-06-30 12:28:07
1982;112;New Zealand;Western Pacific;4;HIV-related Deaths;2010;100.0;count;;100.0;100.0;100.0;good;no_of_deaths_by_country_clean.csv;2025-06-30 12:28:07
1812;112;New Zealand;Western Pacific;4;HIV-related Deaths;2018;100.0;count;;100.0;100.0;100.0;good;no_of_deaths_by_country_clean.csv;2025-06-30 12:28:07
1642;112;New Zealand;Western Pacific;3;People Living with HIV;2000;1300.0;count;;1100.0;1500.0;1300.0;good;no_of_people_living_with_hiv_by_country_clean.csv;2025-06-30 12:28:07
1472;112;New Zealand;Western Pacific;3;People Living with HIV;2005;1800.0;count;;1600.0;2100.0;1800.0;good;no_of_people_living_with_hiv_by_country_clean.csv;2025-06-30 12:28:07
1302;112;New Zealand;Western Pacific;3;People Living with HIV;2010;2500.0;count;;2100.0;2800.0;2500.0;good;no_of_people_living_with_hiv_by_country_clean.csv;2025-06-30 12:28:07
1132;112;New Zealand;Western Pacific;3;People Living with HIV;2018;3600.0;count;;3100.0;4200.0;3600.0;good;no_of_people_living_with_hiv_by_country_clean.csv;2025-06-30 12:28:07
335;112;New Zealand;Western Pacific;1;Prevention of Mother-to-Child Transmission;2023;;needing_antiretrovirals;Nodata                  ;;;;good;prevention_of_mother_to_child_transmission_by_country_clean.csv;2025-06-30 12:28:07
336;112;New Zealand;Western Pacific;1;Prevention of Mother-to-Child Transmission;2023;;percentage_received;Nodata              ;;;;good;prevention_of_mother_to_child_transmission_by_country_clean.csv;2025-06-30 12:28:07
334;112;New Zealand;Western Pacific;1;Prevention of Mother-to-Child Transmission;2023;0.0;received_antiretrovirals;;;;;good;prevention_of_mother_to_child_transmission_by_country_clean.csv;2025-06-30 12:28:07
849;113;Nicaragua;Americas;2;ART Coverage;2023;53.0;estimated_art_coverage_percent;;43.0;68.0;53.0;good;art_coverage_by_country_clean.csv;2025-06-30 12:28:07
848;113;Nicaragua;Americas;2;ART Coverage;2023;9400.0;estimated_living_with_hiv;;7600.0;12000.0;9400.0;good;art_coverage_by_country_clean.csv;2025-06-30 12:28:07
847;113;Nicaragua;Americas;2;ART Coverage;2023;5000.0;reported_receiving_art;;;;;good;art_coverage_by_country_clean.csv;2025-06-30 12:28:07
3229;113;Nicaragua;Americas;6;ART Pediatric Coverage;2023;55.0;estimated_children_art_coverage_percent;;41.0;76.0;55.0;good;art_pediatric_coverage_by_country_clean.csv;2025-06-30 12:28:07
3228;113;Nicaragua;Americas;6;ART Pediatric Coverage;2023;500.0;estimated_children_needing_art;;200.0;500.0;500.0;good;art_pediatric_coverage_by_country_clean.csv;2025-06-30 12:28:07
3227;113;Nicaragua;Americas;6;ART Pediatric Coverage;2023;120.0;reported_children_receiving_art;;;;;good;art_pediatric_coverage_by_country_clean.csv;2025-06-30 12:28:07
2833;113;Nicaragua;Americas;5;HIV Cases Adults 15-49;2000;0.1;count;;0.1;0.2;0.1;good;no_of_cases_adults_15_to_49_by_country_clean.csv;2025-06-30 12:28:07
2663;113;Nicaragua;Americas;5;HIV Cases Adults 15-49;2005;0.2;count;;0.1;0.3;0.2;good;no_of_cases_adults_15_to_49_by_country_clean.csv;2025-06-30 12:28:07
2493;113;Nicaragua;Americas;5;HIV Cases Adults 15-49;2010;0.2;count;;0.2;0.3;0.2;good;no_of_cases_adults_15_to_49_by_country_clean.csv;2025-06-30 12:28:07
2323;113;Nicaragua;Americas;5;HIV Cases Adults 15-49;2018;0.2;count;;0.2;0.3;0.2;good;no_of_cases_adults_15_to_49_by_country_clean.csv;2025-06-30 12:28:07
2153;113;Nicaragua;Americas;4;HIV-related Deaths;2000;100.0;count;;100.0;500.0;100.0;good;no_of_deaths_by_country_clean.csv;2025-06-30 12:28:07
1983;113;Nicaragua;Americas;4;HIV-related Deaths;2010;500.0;count;;200.0;500.0;500.0;good;no_of_deaths_by_country_clean.csv;2025-06-30 12:28:07
1813;113;Nicaragua;Americas;4;HIV-related Deaths;2018;200.0;count;;200.0;500.0;200.0;good;no_of_deaths_by_country_clean.csv;2025-06-30 12:28:07
1643;113;Nicaragua;Americas;3;People Living with HIV;2000;3600.0;count;;2100.0;5300.0;3600.0;good;no_of_people_living_with_hiv_by_country_clean.csv;2025-06-30 12:28:07
1473;113;Nicaragua;Americas;3;People Living with HIV;2005;6100.0;count;;4600.0;8300.0;6100.0;good;no_of_people_living_with_hiv_by_country_clean.csv;2025-06-30 12:28:07
1303;113;Nicaragua;Americas;3;People Living with HIV;2010;7900.0;count;;6500.0;10000.0;7900.0;good;no_of_people_living_with_hiv_by_country_clean.csv;2025-06-30 12:28:07
1133;113;Nicaragua;Americas;3;People Living with HIV;2018;9400.0;count;;7600.0;12000.0;9400.0;good;no_of_people_living_with_hiv_by_country_clean.csv;2025-06-30 12:28:07
338;113;Nicaragua;Americas;1;Prevention of Mother-to-Child Transmission;2023;200.0;needing_antiretrovirals;;200.0;200.0;200.0;good;prevention_of_mother_to_child_transmission_by_country_clean.csv;2025-06-30 12:28:07
339;113;Nicaragua;Americas;1;Prevention of Mother-to-Child Transmission;2023;90.0;percentage_received;;73.0;95.0;90.0;good;prevention_of_mother_to_child_transmission_by_country_clean.csv;2025-06-30 12:28:07
337;113;Nicaragua;Americas;1;Prevention of Mother-to-Child Transmission;2023;120.0;received_antiretrovirals;;;;;good;prevention_of_mother_to_child_transmission_by_country_clean.csv;2025-06-30 12:28:07
852;114;Niger;Africa;2;ART Coverage;2023;54.0;estimated_art_coverage_percent;;45.0;65.0;54.0;good;art_coverage_by_country_clean.csv;2025-06-30 12:28:07
851;114;Niger;Africa;2;ART Coverage;2023;36000.0;estimated_living_with_hiv;;30000.0;43000.0;36000.0;good;art_coverage_by_country_clean.csv;2025-06-30 12:28:07
850;114;Niger;Africa;2;ART Coverage;2023;19800.0;reported_receiving_art;;;;;good;art_coverage_by_country_clean.csv;2025-06-30 12:28:07
3232;114;Niger;Africa;6;ART Pediatric Coverage;2023;52.0;estimated_children_art_coverage_percent;;42.0;66.0;52.0;good;art_pediatric_coverage_by_country_clean.csv;2025-06-30 12:28:07
3231;114;Niger;Africa;6;ART Pediatric Coverage;2023;2500.0;estimated_children_needing_art;;2100.0;3200.0;2500.0;good;art_pediatric_coverage_by_country_clean.csv;2025-06-30 12:28:07
3230;114;Niger;Africa;6;ART Pediatric Coverage;2023;1300.0;reported_children_receiving_art;;;;;good;art_pediatric_coverage_by_country_clean.csv;2025-06-30 12:28:07
2834;114;Niger;Africa;5;HIV Cases Adults 15-49;2000;0.6;count;;0.5;0.7;0.6;good;no_of_cases_adults_15_to_49_by_country_clean.csv;2025-06-30 12:28:07
2664;114;Niger;Africa;5;HIV Cases Adults 15-49;2005;0.6;count;;0.5;0.6;0.6;good;no_of_cases_adults_15_to_49_by_country_clean.csv;2025-06-30 12:28:07
2494;114;Niger;Africa;5;HIV Cases Adults 15-49;2010;0.4;count;;0.4;0.5;0.4;good;no_of_cases_adults_15_to_49_by_country_clean.csv;2025-06-30 12:28:07
2324;114;Niger;Africa;5;HIV Cases Adults 15-49;2018;0.3;count;;0.2;0.3;0.3;good;no_of_cases_adults_15_to_49_by_country_clean.csv;2025-06-30 12:28:07
2154;114;Niger;Africa;4;HIV-related Deaths;2000;2300.0;count;;1700.0;3000.0;2300.0;good;no_of_deaths_by_country_clean.csv;2025-06-30 12:28:07
1984;114;Niger;Africa;4;HIV-related Deaths;2010;1700.0;count;;1300.0;2100.0;1700.0;good;no_of_deaths_by_country_clean.csv;2025-06-30 12:28:07
1814;114;Niger;Africa;4;HIV-related Deaths;2018;1200.0;count;;970.0;1700.0;1200.0;good;no_of_deaths_by_country_clean.csv;2025-06-30 12:28:07
1644;114;Niger;Africa;3;People Living with HIV;2000;37000.0;count;;31000.0;44000.0;37000.0;good;no_of_people_living_with_hiv_by_country_clean.csv;2025-06-30 12:28:07
1474;114;Niger;Africa;3;People Living with HIV;2005;40000.0;count;;34000.0;46000.0;40000.0;good;no_of_people_living_with_hiv_by_country_clean.csv;2025-06-30 12:28:07
1304;114;Niger;Africa;3;People Living with HIV;2010;37000.0;count;;32000.0;42000.0;37000.0;good;no_of_people_living_with_hiv_by_country_clean.csv;2025-06-30 12:28:07
1134;114;Niger;Africa;3;People Living with HIV;2018;36000.0;count;;30000.0;43000.0;36000.0;good;no_of_people_living_with_hiv_by_country_clean.csv;2025-06-30 12:28:07
341;114;Niger;Africa;1;Prevention of Mother-to-Child Transmission;2023;1600.0;needing_antiretrovirals;;1400.0;2000.0;1600.0;good;prevention_of_mother_to_child_transmission_by_country_clean.csv;2025-06-30 12:28:07
342;114;Niger;Africa;1;Prevention of Mother-to-Child Transmission;2023;58.0;percentage_received;;48.0;70.0;58.0;good;prevention_of_mother_to_child_transmission_by_country_clean.csv;2025-06-30 12:28:07
340;114;Niger;Africa;1;Prevention of Mother-to-Child Transmission;2023;940.0;received_antiretrovirals;;;;;good;prevention_of_mother_to_child_transmission_by_country_clean.csv;2025-06-30 12:28:07
855;115;Nigeria;Africa;2;ART Coverage;2023;53.0;estimated_art_coverage_percent;;40.0;71.0;53.0;good;art_coverage_by_country_clean.csv;2025-06-30 12:28:07
854;115;Nigeria;Africa;2;ART Coverage;2023;1900000.0;estimated_living_with_hiv;;1400000.0;2600000.0;1900000.0;good;art_coverage_by_country_clean.csv;2025-06-30 12:28:07
853;115;Nigeria;Africa;2;ART Coverage;2023;1016000.0;reported_receiving_art;;;;;good;art_coverage_by_country_clean.csv;2025-06-30 12:28:07
3235;115;Nigeria;Africa;6;ART Pediatric Coverage;2023;35.0;estimated_children_art_coverage_percent;;22.0;53.0;35.0;good;art_pediatric_coverage_by_country_clean.csv;2025-06-30 12:28:07
3234;115;Nigeria;Africa;6;ART Pediatric Coverage;2023;140000.0;estimated_children_needing_art;;91000.0;220000.0;140000.0;good;art_pediatric_coverage_by_country_clean.csv;2025-06-30 12:28:07
3233;115;Nigeria;Africa;6;ART Pediatric Coverage;2023;50200.0;reported_children_receiving_art;;;;;good;art_pediatric_coverage_by_country_clean.csv;2025-06-30 12:28:07
2835;115;Nigeria;Africa;5;HIV Cases Adults 15-49;2000;1.8;count;;1.3;2.4;1.8;good;no_of_cases_adults_15_to_49_by_country_clean.csv;2025-06-30 12:28:07
2665;115;Nigeria;Africa;5;HIV Cases Adults 15-49;2005;1.7;count;;1.2;2.2;1.7;good;no_of_cases_adults_15_to_49_by_country_clean.csv;2025-06-30 12:28:07
2495;115;Nigeria;Africa;5;HIV Cases Adults 15-49;2010;1.6;count;;1.2;2.1;1.6;good;no_of_cases_adults_15_to_49_by_country_clean.csv;2025-06-30 12:28:07
2325;115;Nigeria;Africa;5;HIV Cases Adults 15-49;2018;1.5;count;;1.1;2.1;1.5;good;no_of_cases_adults_15_to_49_by_country_clean.csv;2025-06-30 12:28:07
2155;115;Nigeria;Africa;4;HIV-related Deaths;2000;78000.0;count;;45000.0;130000.0;78000.0;good;no_of_deaths_by_country_clean.csv;2025-06-30 12:28:07
1985;115;Nigeria;Africa;4;HIV-related Deaths;2010;72000.0;count;;42000.0;120000.0;72000.0;good;no_of_deaths_by_country_clean.csv;2025-06-30 12:28:07
1815;115;Nigeria;Africa;4;HIV-related Deaths;2018;53000.0;count;;31000.0;89000.0;53000.0;good;no_of_deaths_by_country_clean.csv;2025-06-30 12:28:07
1645;115;Nigeria;Africa;3;People Living with HIV;2000;1300000.0;count;;940000.0;1700000.0;1300000.0;good;no_of_people_living_with_hiv_by_country_clean.csv;2025-06-30 12:28:07
1475;115;Nigeria;Africa;3;People Living with HIV;2005;1400000.0;count;;1000000.0;1900000.0;1400000.0;good;no_of_people_living_with_hiv_by_country_clean.csv;2025-06-30 12:28:07
1305;115;Nigeria;Africa;3;People Living with HIV;2010;1500000.0;count;;1100000.0;2100000.0;1500000.0;good;no_of_people_living_with_hiv_by_country_clean.csv;2025-06-30 12:28:07
1135;115;Nigeria;Africa;3;People Living with HIV;2018;1900000.0;count;;1400000.0;2600000.0;1900000.0;good;no_of_people_living_with_hiv_by_country_clean.csv;2025-06-30 12:28:07
344;115;Nigeria;Africa;1;Prevention of Mother-to-Child Transmission;2023;100000.0;needing_antiretrovirals;;65000.0;140000.0;100000.0;good;prevention_of_mother_to_child_transmission_by_country_clean.csv;2025-06-30 12:28:07
345;115;Nigeria;Africa;1;Prevention of Mother-to-Child Transmission;2023;44.0;percentage_received;;28.0;62.0;44.0;good;prevention_of_mother_to_child_transmission_by_country_clean.csv;2025-06-30 12:28:07
343;115;Nigeria;Africa;1;Prevention of Mother-to-Child Transmission;2023;43700.0;received_antiretrovirals;;;;;good;prevention_of_mother_to_child_transmission_by_country_clean.csv;2025-06-30 12:28:07
642;44;North Korea;Western Pacific;2;ART Coverage;2023;;estimated_art_coverage_percent;Nodata                                                  ;;;;good;art_coverage_by_country_clean.csv;2025-06-30 12:28:07
641;44;North Korea;Western Pacific;2;ART Coverage;2023;;estimated_living_with_hiv;Nodata                                     ;;;;good;art_coverage_by_country_clean.csv;2025-06-30 12:28:07
640;44;North Korea;Western Pacific;2;ART Coverage;2023;;reported_receiving_art;Nodata                                  ;;;;good;art_coverage_by_country_clean.csv;2025-06-30 12:28:07
3022;44;North Korea;Western Pacific;6;ART Pediatric Coverage;2023;;estimated_children_art_coverage_percent;Nodata                                    ;;;;good;art_pediatric_coverage_by_country_clean.csv;2025-06-30 12:28:07
3021;44;North Korea;Western Pacific;6;ART Pediatric Coverage;2023;;estimated_children_needing_art;Nodata                                                        ;;;;good;art_pediatric_coverage_by_country_clean.csv;2025-06-30 12:28:07
3020;44;North Korea;Western Pacific;6;ART Pediatric Coverage;2023;;reported_children_receiving_art;No data                                   ;;;;good;art_pediatric_coverage_by_country_clean.csv;2025-06-30 12:28:07
2764;44;North Korea;Western Pacific;5;HIV Cases Adults 15-49;2000;;count;na              ;;;;good;no_of_cases_adults_15_to_49_by_country_clean.csv;2025-06-30 12:28:07
2594;44;North Korea;Western Pacific;5;HIV Cases Adults 15-49;2005;;count;na              ;;;;good;no_of_cases_adults_15_to_49_by_country_clean.csv;2025-06-30 12:28:07
2424;44;North Korea;Western Pacific;5;HIV Cases Adults 15-49;2010;;count;na              ;;;;good;no_of_cases_adults_15_to_49_by_country_clean.csv;2025-06-30 12:28:07
2254;44;North Korea;Western Pacific;5;HIV Cases Adults 15-49;2018;;count;na              ;;;;good;no_of_cases_adults_15_to_49_by_country_clean.csv;2025-06-30 12:28:07
2084;44;North Korea;Western Pacific;4;HIV-related Deaths;2000;;count;na                    ;;;;good;no_of_deaths_by_country_clean.csv;2025-06-30 12:28:07
1914;44;North Korea;Western Pacific;4;HIV-related Deaths;2010;;count;na                    ;;;;good;no_of_deaths_by_country_clean.csv;2025-06-30 12:28:07
1744;44;North Korea;Western Pacific;4;HIV-related Deaths;2018;;count;na                    ;;;;good;no_of_deaths_by_country_clean.csv;2025-06-30 12:28:07
1574;44;North Korea;Western Pacific;3;People Living with HIV;2000;;count;na                       ;;;;good;no_of_people_living_with_hiv_by_country_clean.csv;2025-06-30 12:28:07
1404;44;North Korea;Western Pacific;3;People Living with HIV;2005;;count;na                       ;;;;good;no_of_people_living_with_hiv_by_country_clean.csv;2025-06-30 12:28:07
1234;44;North Korea;Western Pacific;3;People Living with HIV;2010;;count;na                       ;;;;good;no_of_people_living_with_hiv_by_country_clean.csv;2025-06-30 12:28:07
1064;44;North Korea;Western Pacific;3;People Living with HIV;2018;;count;na                       ;;;;good;no_of_people_living_with_hiv_by_country_clean.csv;2025-06-30 12:28:07
131;44;North Korea;Western Pacific;1;Prevention of Mother-to-Child Transmission;2023;;needing_antiretrovirals;Nodata                  ;;;;good;prevention_of_mother_to_child_transmission_by_country_clean.csv;2025-06-30 12:28:07
132;44;North Korea;Western Pacific;1;Prevention of Mother-to-Child Transmission;2023;;percentage_received;                    ;;;;good;prevention_of_mother_to_child_transmission_by_country_clean.csv;2025-06-30 12:28:07
130;44;North Korea;Western Pacific;1;Prevention of Mother-to-Child Transmission;2023;;received_antiretrovirals;No data                  ;;;;good;prevention_of_mother_to_child_transmission_by_country_clean.csv;2025-06-30 12:28:07
897;129;North Macedonia;Europe;2;ART Coverage;2023;54.0;estimated_art_coverage_percent;;47.0;63.0;54.0;good;art_coverage_by_country_clean.csv;2025-06-30 12:28:07
896;129;North Macedonia;Europe;2;ART Coverage;2023;500.0;estimated_living_with_hiv;;500.0;520.0;500.0;good;art_coverage_by_country_clean.csv;2025-06-30 12:28:07
895;129;North Macedonia;Europe;2;ART Coverage;2023;240.0;reported_receiving_art;;;;;good;art_coverage_by_country_clean.csv;2025-06-30 12:28:07
3277;129;North Macedonia;Europe;6;ART Pediatric Coverage;2023;;estimated_children_art_coverage_percent;                                          ;;;;good;art_pediatric_coverage_by_country_clean.csv;2025-06-30 12:28:07
3276;129;North Macedonia;Europe;6;ART Pediatric Coverage;2023;;estimated_children_needing_art;Nodata                                                        ;;;;good;art_pediatric_coverage_by_country_clean.csv;2025-06-30 12:28:07
3275;129;North Macedonia;Europe;6;ART Pediatric Coverage;2023;;reported_children_receiving_art;No data                                   ;;;;good;art_pediatric_coverage_by_country_clean.csv;2025-06-30 12:28:07
2849;129;North Macedonia;Europe;5;HIV Cases Adults 15-49;2000;0.1;count;;0.1;0.1;0.1;good;no_of_cases_adults_15_to_49_by_country_clean.csv;2025-06-30 12:28:07
2679;129;North Macedonia;Europe;5;HIV Cases Adults 15-49;2005;0.1;count;;0.1;0.1;0.1;good;no_of_cases_adults_15_to_49_by_country_clean.csv;2025-06-30 12:28:07
2509;129;North Macedonia;Europe;5;HIV Cases Adults 15-49;2010;0.1;count;;0.1;0.1;0.1;good;no_of_cases_adults_15_to_49_by_country_clean.csv;2025-06-30 12:28:07
2339;129;North Macedonia;Europe;5;HIV Cases Adults 15-49;2018;0.1;count;;0.1;0.1;0.1;good;no_of_cases_adults_15_to_49_by_country_clean.csv;2025-06-30 12:28:07
2169;129;North Macedonia;Europe;4;HIV-related Deaths;2000;100.0;count;;100.0;100.0;100.0;good;no_of_deaths_by_country_clean.csv;2025-06-30 12:28:07
1999;129;North Macedonia;Europe;4;HIV-related Deaths;2010;100.0;count;;100.0;100.0;100.0;good;no_of_deaths_by_country_clean.csv;2025-06-30 12:28:07
1829;129;North Macedonia;Europe;4;HIV-related Deaths;2018;100.0;count;;100.0;100.0;100.0;good;no_of_deaths_by_country_clean.csv;2025-06-30 12:28:07
1659;129;North Macedonia;Europe;3;People Living with HIV;2000;100.0;count;;100.0;100.0;100.0;good;no_of_people_living_with_hiv_by_country_clean.csv;2025-06-30 12:28:07
1489;129;North Macedonia;Europe;3;People Living with HIV;2005;100.0;count;;100.0;200.0;100.0;good;no_of_people_living_with_hiv_by_country_clean.csv;2025-06-30 12:28:07
1319;129;North Macedonia;Europe;3;People Living with HIV;2010;200.0;count;;200.0;200.0;200.0;good;no_of_people_living_with_hiv_by_country_clean.csv;2025-06-30 12:28:07
1149;129;North Macedonia;Europe;3;People Living with HIV;2018;500.0;count;;500.0;520.0;500.0;good;no_of_people_living_with_hiv_by_country_clean.csv;2025-06-30 12:28:07
386;129;North Macedonia;Europe;1;Prevention of Mother-to-Child Transmission;2023;;needing_antiretrovirals;Nodata                  ;;;;good;prevention_of_mother_to_child_transmission_by_country_clean.csv;2025-06-30 12:28:07
387;129;North Macedonia;Europe;1;Prevention of Mother-to-Child Transmission;2023;;percentage_received;Nodata              ;;;;good;prevention_of_mother_to_child_transmission_by_country_clean.csv;2025-06-30 12:28:07
385;129;North Macedonia;Europe;1;Prevention of Mother-to-Child Transmission;2023;;received_antiretrovirals;No data                  ;;;;good;prevention_of_mother_to_child_transmission_by_country_clean.csv;2025-06-30 12:28:07
858;116;Norway;Europe;2;ART Coverage;2023;82.0;estimated_art_coverage_percent;;74.0;90.0;82.0;good;art_coverage_by_country_clean.csv;2025-06-30 12:28:07
857;116;Norway;Europe;2;ART Coverage;2023;5800.0;estimated_living_with_hiv;;5200.0;6300.0;5800.0;good;art_coverage_by_country_clean.csv;2025-06-30 12:28:07
856;116;Norway;Europe;2;ART Coverage;2023;4700.0;reported_receiving_art;;;;;good;art_coverage_by_country_clean.csv;2025-06-30 12:28:07
3238;116;Norway;Europe;6;ART Pediatric Coverage;2023;;estimated_children_art_coverage_percent;Nodata                                    ;;;;good;art_pediatric_coverage_by_country_clean.csv;2025-06-30 12:28:07
3237;116;Norway;Europe;6;ART Pediatric Coverage;2023;;estimated_children_needing_art;Nodata                                                        ;;;;good;art_pediatric_coverage_by_country_clean.csv;2025-06-30 12:28:07
3236;116;Norway;Europe;6;ART Pediatric Coverage;2023;;reported_children_receiving_art;No data                                   ;;;;good;art_pediatric_coverage_by_country_clean.csv;2025-06-30 12:28:07
2836;116;Norway;Europe;5;HIV Cases Adults 15-49;2000;0.1;count;;0.1;0.1;0.1;good;no_of_cases_adults_15_to_49_by_country_clean.csv;2025-06-30 12:28:07
2666;116;Norway;Europe;5;HIV Cases Adults 15-49;2005;0.1;count;;0.1;0.1;0.1;good;no_of_cases_adults_15_to_49_by_country_clean.csv;2025-06-30 12:28:07
2496;116;Norway;Europe;5;HIV Cases Adults 15-49;2010;0.1;count;;0.1;0.2;0.1;good;no_of_cases_adults_15_to_49_by_country_clean.csv;2025-06-30 12:28:07
2326;116;Norway;Europe;5;HIV Cases Adults 15-49;2018;0.1;count;;0.1;0.2;0.1;good;no_of_cases_adults_15_to_49_by_country_clean.csv;2025-06-30 12:28:07
2156;116;Norway;Europe;4;HIV-related Deaths;2000;100.0;count;;100.0;100.0;100.0;good;no_of_deaths_by_country_clean.csv;2025-06-30 12:28:07
1986;116;Norway;Europe;4;HIV-related Deaths;2010;100.0;count;;100.0;100.0;100.0;good;no_of_deaths_by_country_clean.csv;2025-06-30 12:28:07
1816;116;Norway;Europe;4;HIV-related Deaths;2018;100.0;count;;100.0;100.0;100.0;good;no_of_deaths_by_country_clean.csv;2025-06-30 12:28:07
1646;116;Norway;Europe;3;People Living with HIV;2000;1900.0;count;;1700.0;2100.0;1900.0;good;no_of_people_living_with_hiv_by_country_clean.csv;2025-06-30 12:28:07
1476;116;Norway;Europe;3;People Living with HIV;2005;3000.0;count;;2700.0;3300.0;3000.0;good;no_of_people_living_with_hiv_by_country_clean.csv;2025-06-30 12:28:07
1306;116;Norway;Europe;3;People Living with HIV;2010;4200.0;count;;3800.0;4600.0;4200.0;good;no_of_people_living_with_hiv_by_country_clean.csv;2025-06-30 12:28:07
1136;116;Norway;Europe;3;People Living with HIV;2018;5800.0;count;;5200.0;6300.0;5800.0;good;no_of_people_living_with_hiv_by_country_clean.csv;2025-06-30 12:28:07
347;116;Norway;Europe;1;Prevention of Mother-to-Child Transmission;2023;;needing_antiretrovirals;Nodata                  ;;;;good;prevention_of_mother_to_child_transmission_by_country_clean.csv;2025-06-30 12:28:07
348;116;Norway;Europe;1;Prevention of Mother-to-Child Transmission;2023;;percentage_received;Nodata              ;;;;good;prevention_of_mother_to_child_transmission_by_country_clean.csv;2025-06-30 12:28:07
346;116;Norway;Europe;1;Prevention of Mother-to-Child Transmission;2023;;received_antiretrovirals;No data                  ;;;;good;prevention_of_mother_to_child_transmission_by_country_clean.csv;2025-06-30 12:28:07
861;117;Oman;Eastern Mediterranean;2;ART Coverage;2023;41.0;estimated_art_coverage_percent;;37.0;45.0;41.0;good;art_coverage_by_country_clean.csv;2025-06-30 12:28:07
860;117;Oman;Eastern Mediterranean;2;ART Coverage;2023;3200.0;estimated_living_with_hiv;;2900.0;3600.0;3200.0;good;art_coverage_by_country_clean.csv;2025-06-30 12:28:07
859;117;Oman;Eastern Mediterranean;2;ART Coverage;2023;1300.0;reported_receiving_art;;;;;good;art_coverage_by_country_clean.csv;2025-06-30 12:28:07
3241;117;Oman;Eastern Mediterranean;6;ART Pediatric Coverage;2023;;estimated_children_art_coverage_percent;Nodata                                    ;;;;good;art_pediatric_coverage_by_country_clean.csv;2025-06-30 12:28:07
3240;117;Oman;Eastern Mediterranean;6;ART Pediatric Coverage;2023;;estimated_children_needing_art;Nodata                                                        ;;;;good;art_pediatric_coverage_by_country_clean.csv;2025-06-30 12:28:07
3239;117;Oman;Eastern Mediterranean;6;ART Pediatric Coverage;2023;;reported_children_receiving_art;No data                                   ;;;;good;art_pediatric_coverage_by_country_clean.csv;2025-06-30 12:28:07
2837;117;Oman;Eastern Mediterranean;5;HIV Cases Adults 15-49;2000;0.1;count;;0.1;0.1;0.1;good;no_of_cases_adults_15_to_49_by_country_clean.csv;2025-06-30 12:28:07
2667;117;Oman;Eastern Mediterranean;5;HIV Cases Adults 15-49;2005;0.1;count;;0.1;0.1;0.1;good;no_of_cases_adults_15_to_49_by_country_clean.csv;2025-06-30 12:28:07
2497;117;Oman;Eastern Mediterranean;5;HIV Cases Adults 15-49;2010;0.1;count;;0.1;0.1;0.1;good;no_of_cases_adults_15_to_49_by_country_clean.csv;2025-06-30 12:28:07
2327;117;Oman;Eastern Mediterranean;5;HIV Cases Adults 15-49;2018;0.2;count;;0.1;0.2;0.2;good;no_of_cases_adults_15_to_49_by_country_clean.csv;2025-06-30 12:28:07
2157;117;Oman;Eastern Mediterranean;4;HIV-related Deaths;2000;100.0;count;;100.0;100.0;100.0;good;no_of_deaths_by_country_clean.csv;2025-06-30 12:28:07
1987;117;Oman;Eastern Mediterranean;4;HIV-related Deaths;2010;100.0;count;;100.0;100.0;100.0;good;no_of_deaths_by_country_clean.csv;2025-06-30 12:28:07
1817;117;Oman;Eastern Mediterranean;4;HIV-related Deaths;2018;100.0;count;;100.0;100.0;100.0;good;no_of_deaths_by_country_clean.csv;2025-06-30 12:28:07
1647;117;Oman;Eastern Mediterranean;3;People Living with HIV;2000;1300.0;count;;1100.0;1400.0;1300.0;good;no_of_people_living_with_hiv_by_country_clean.csv;2025-06-30 12:28:07
1477;117;Oman;Eastern Mediterranean;3;People Living with HIV;2005;1700.0;count;;1600.0;1900.0;1700.0;good;no_of_people_living_with_hiv_by_country_clean.csv;2025-06-30 12:28:07
1307;117;Oman;Eastern Mediterranean;3;People Living with HIV;2010;2200.0;count;;2000.0;2500.0;2200.0;good;no_of_people_living_with_hiv_by_country_clean.csv;2025-06-30 12:28:07
1137;117;Oman;Eastern Mediterranean;3;People Living with HIV;2018;3200.0;count;;2900.0;3600.0;3200.0;good;no_of_people_living_with_hiv_by_country_clean.csv;2025-06-30 12:28:07
350;117;Oman;Eastern Mediterranean;1;Prevention of Mother-to-Child Transmission;2023;;needing_antiretrovirals;Nodata                  ;;;;good;prevention_of_mother_to_child_transmission_by_country_clean.csv;2025-06-30 12:28:07
351;117;Oman;Eastern Mediterranean;1;Prevention of Mother-to-Child Transmission;2023;;percentage_received;Nodata              ;;;;good;prevention_of_mother_to_child_transmission_by_country_clean.csv;2025-06-30 12:28:07
349;117;Oman;Eastern Mediterranean;1;Prevention of Mother-to-Child Transmission;2023;40.0;received_antiretrovirals;;;;;good;prevention_of_mother_to_child_transmission_by_country_clean.csv;2025-06-30 12:28:07
864;118;Pakistan;Eastern Mediterranean;2;ART Coverage;2023;10.0;estimated_art_coverage_percent;;9.0;11.0;10.0;good;art_coverage_by_country_clean.csv;2025-06-30 12:28:07
863;118;Pakistan;Eastern Mediterranean;2;ART Coverage;2023;160000.0;estimated_living_with_hiv;;140000.0;190000.0;160000.0;good;art_coverage_by_country_clean.csv;2025-06-30 12:28:07
862;118;Pakistan;Eastern Mediterranean;2;ART Coverage;2023;15800.0;reported_receiving_art;;;;;good;art_coverage_by_country_clean.csv;2025-06-30 12:28:07
3244;118;Pakistan;Eastern Mediterranean;6;ART Pediatric Coverage;2023;11.0;estimated_children_art_coverage_percent;;10.0;13.0;11.0;good;art_pediatric_coverage_by_country_clean.csv;2025-06-30 12:28:07
3243;118;Pakistan;Eastern Mediterranean;6;ART Pediatric Coverage;2023;5500.0;estimated_children_needing_art;;4700.0;6300.0;5500.0;good;art_pediatric_coverage_by_country_clean.csv;2025-06-30 12:28:07
3242;118;Pakistan;Eastern Mediterranean;6;ART Pediatric Coverage;2023;610.0;reported_children_receiving_art;;;;;good;art_pediatric_coverage_by_country_clean.csv;2025-06-30 12:28:07
2838;118;Pakistan;Eastern Mediterranean;5;HIV Cases Adults 15-49;2000;0.1;count;;0.1;0.1;0.1;good;no_of_cases_adults_15_to_49_by_country_clean.csv;2025-06-30 12:28:07
2668;118;Pakistan;Eastern Mediterranean;5;HIV Cases Adults 15-49;2005;0.1;count;;0.1;0.1;0.1;good;no_of_cases_adults_15_to_49_by_country_clean.csv;2025-06-30 12:28:07
2498;118;Pakistan;Eastern Mediterranean;5;HIV Cases Adults 15-49;2010;0.1;count;;0.1;0.1;0.1;good;no_of_cases_adults_15_to_49_by_country_clean.csv;2025-06-30 12:28:07
2328;118;Pakistan;Eastern Mediterranean;5;HIV Cases Adults 15-49;2018;0.1;count;;0.1;0.2;0.1;good;no_of_cases_adults_15_to_49_by_country_clean.csv;2025-06-30 12:28:07
2158;118;Pakistan;Eastern Mediterranean;4;HIV-related Deaths;2000;100.0;count;;100.0;100.0;100.0;good;no_of_deaths_by_country_clean.csv;2025-06-30 12:28:07
1988;118;Pakistan;Eastern Mediterranean;4;HIV-related Deaths;2010;1400.0;count;;870.0;1900.0;1400.0;good;no_of_deaths_by_country_clean.csv;2025-06-30 12:28:07
1818;118;Pakistan;Eastern Mediterranean;4;HIV-related Deaths;2018;6400.0;count;;5200.0;7600.0;6400.0;good;no_of_deaths_by_country_clean.csv;2025-06-30 12:28:07
1648;118;Pakistan;Eastern Mediterranean;3;People Living with HIV;2000;500.0;count;;500.0;520.0;500.0;good;no_of_people_living_with_hiv_by_country_clean.csv;2025-06-30 12:28:07
1478;118;Pakistan;Eastern Mediterranean;3;People Living with HIV;2005;12000.0;count;;10000.0;14000.0;12000.0;good;no_of_people_living_with_hiv_by_country_clean.csv;2025-06-30 12:28:07
1308;118;Pakistan;Eastern Mediterranean;3;People Living with HIV;2010;67000.0;count;;57000.0;76000.0;67000.0;good;no_of_people_living_with_hiv_by_country_clean.csv;2025-06-30 12:28:07
1138;118;Pakistan;Eastern Mediterranean;3;People Living with HIV;2018;160000.0;count;;140000.0;190000.0;160000.0;good;no_of_people_living_with_hiv_by_country_clean.csv;2025-06-30 12:28:07
353;118;Pakistan;Eastern Mediterranean;1;Prevention of Mother-to-Child Transmission;2023;3200.0;needing_antiretrovirals;;2700.0;3800.0;3200.0;good;prevention_of_mother_to_child_transmission_by_country_clean.csv;2025-06-30 12:28:07
354;118;Pakistan;Eastern Mediterranean;1;Prevention of Mother-to-Child Transmission;2023;10.0;percentage_received;;8.0;12.0;10.0;good;prevention_of_mother_to_child_transmission_by_country_clean.csv;2025-06-30 12:28:07
352;118;Pakistan;Eastern Mediterranean;1;Prevention of Mother-to-Child Transmission;2023;320.0;received_antiretrovirals;;;;;good;prevention_of_mother_to_child_transmission_by_country_clean.csv;2025-06-30 12:28:07
867;119;Panama;Americas;2;ART Coverage;2023;54.0;estimated_art_coverage_percent;;48.0;59.0;54.0;good;art_coverage_by_country_clean.csv;2025-06-30 12:28:07
866;119;Panama;Americas;2;ART Coverage;2023;26000.0;estimated_living_with_hiv;;24000.0;29000.0;26000.0;good;art_coverage_by_country_clean.csv;2025-06-30 12:28:07
865;119;Panama;Americas;2;ART Coverage;2023;14200.0;reported_receiving_art;;;;;good;art_coverage_by_country_clean.csv;2025-06-30 12:28:07
3247;119;Panama;Americas;6;ART Pediatric Coverage;2023;76.0;estimated_children_art_coverage_percent;;69.0;84.0;76.0;good;art_pediatric_coverage_by_country_clean.csv;2025-06-30 12:28:07
3246;119;Panama;Americas;6;ART Pediatric Coverage;2023;500.0;estimated_children_needing_art;;500.0;500.0;500.0;good;art_pediatric_coverage_by_country_clean.csv;2025-06-30 12:28:07
3245;119;Panama;Americas;6;ART Pediatric Coverage;2023;200.0;reported_children_receiving_art;;;;;good;art_pediatric_coverage_by_country_clean.csv;2025-06-30 12:28:07
2839;119;Panama;Americas;5;HIV Cases Adults 15-49;2000;0.6;count;;0.6;0.7;0.6;good;no_of_cases_adults_15_to_49_by_country_clean.csv;2025-06-30 12:28:07
2669;119;Panama;Americas;5;HIV Cases Adults 15-49;2005;0.8;count;;0.7;0.8;0.8;good;no_of_cases_adults_15_to_49_by_country_clean.csv;2025-06-30 12:28:07
2499;119;Panama;Americas;5;HIV Cases Adults 15-49;2010;0.8;count;;0.8;0.9;0.8;good;no_of_cases_adults_15_to_49_by_country_clean.csv;2025-06-30 12:28:07
2329;119;Panama;Americas;5;HIV Cases Adults 15-49;2018;0.9;count;;0.8;1.0;0.9;good;no_of_cases_adults_15_to_49_by_country_clean.csv;2025-06-30 12:28:07
2159;119;Panama;Americas;4;HIV-related Deaths;2000;500.0;count;;500.0;500.0;500.0;good;no_of_deaths_by_country_clean.csv;2025-06-30 12:28:07
1989;119;Panama;Americas;4;HIV-related Deaths;2010;500.0;count;;500.0;570.0;500.0;good;no_of_deaths_by_country_clean.csv;2025-06-30 12:28:07
1819;119;Panama;Americas;4;HIV-related Deaths;2018;500.0;count;;500.0;530.0;500.0;good;no_of_deaths_by_country_clean.csv;2025-06-30 12:28:07
1649;119;Panama;Americas;3;People Living with HIV;2000;11000.0;count;;10000.0;12000.0;11000.0;good;no_of_people_living_with_hiv_by_country_clean.csv;2025-06-30 12:28:07
1479;119;Panama;Americas;3;People Living with HIV;2005;16000.0;count;;14000.0;17000.0;16000.0;good;no_of_people_living_with_hiv_by_country_clean.csv;2025-06-30 12:28:07
1309;119;Panama;Americas;3;People Living with HIV;2010;20000.0;count;;18000.0;22000.0;20000.0;good;no_of_people_living_with_hiv_by_country_clean.csv;2025-06-30 12:28:07
1139;119;Panama;Americas;3;People Living with HIV;2018;26000.0;count;;24000.0;29000.0;26000.0;good;no_of_people_living_with_hiv_by_country_clean.csv;2025-06-30 12:28:07
356;119;Panama;Americas;1;Prevention of Mother-to-Child Transmission;2023;500.0;needing_antiretrovirals;;200.0;500.0;500.0;good;prevention_of_mother_to_child_transmission_by_country_clean.csv;2025-06-30 12:28:07
357;119;Panama;Americas;1;Prevention of Mother-to-Child Transmission;2023;92.0;percentage_received;;83.0;95.0;92.0;good;prevention_of_mother_to_child_transmission_by_country_clean.csv;2025-06-30 12:28:07
355;119;Panama;Americas;1;Prevention of Mother-to-Child Transmission;2023;190.0;received_antiretrovirals;;;;;good;prevention_of_mother_to_child_transmission_by_country_clean.csv;2025-06-30 12:28:07
870;120;Papua New Guinea;Western Pacific;2;ART Coverage;2023;65.0;estimated_art_coverage_percent;;58.0;71.0;65.0;good;art_coverage_by_country_clean.csv;2025-06-30 12:28:07
869;120;Papua New Guinea;Western Pacific;2;ART Coverage;2023;45000.0;estimated_living_with_hiv;;41000.0;50000.0;45000.0;good;art_coverage_by_country_clean.csv;2025-06-30 12:28:07
868;120;Papua New Guinea;Western Pacific;2;ART Coverage;2023;29400.0;reported_receiving_art;;;;;good;art_coverage_by_country_clean.csv;2025-06-30 12:28:07
3250;120;Papua New Guinea;Western Pacific;6;ART Pediatric Coverage;2023;49.0;estimated_children_art_coverage_percent;;39.0;58.0;49.0;good;art_pediatric_coverage_by_country_clean.csv;2025-06-30 12:28:07
3249;120;Papua New Guinea;Western Pacific;6;ART Pediatric Coverage;2023;2900.0;estimated_children_needing_art;;2300.0;3500.0;2900.0;good;art_pediatric_coverage_by_country_clean.csv;2025-06-30 12:28:07
3248;120;Papua New Guinea;Western Pacific;6;ART Pediatric Coverage;2023;1400.0;reported_children_receiving_art;;;;;good;art_pediatric_coverage_by_country_clean.csv;2025-06-30 12:28:07
2840;120;Papua New Guinea;Western Pacific;5;HIV Cases Adults 15-49;2000;0.6;count;;0.5;0.8;0.6;good;no_of_cases_adults_15_to_49_by_country_clean.csv;2025-06-30 12:28:07
2670;120;Papua New Guinea;Western Pacific;5;HIV Cases Adults 15-49;2005;1.0;count;;0.9;1.1;1.0;good;no_of_cases_adults_15_to_49_by_country_clean.csv;2025-06-30 12:28:07
2500;120;Papua New Guinea;Western Pacific;5;HIV Cases Adults 15-49;2010;0.8;count;;0.7;1.0;0.8;good;no_of_cases_adults_15_to_49_by_country_clean.csv;2025-06-30 12:28:07
2330;120;Papua New Guinea;Western Pacific;5;HIV Cases Adults 15-49;2018;0.8;count;;0.7;0.9;0.8;good;no_of_cases_adults_15_to_49_by_country_clean.csv;2025-06-30 12:28:07
2160;120;Papua New Guinea;Western Pacific;4;HIV-related Deaths;2000;;count;na                    ;;;;good;no_of_deaths_by_country_clean.csv;2025-06-30 12:28:07
1990;120;Papua New Guinea;Western Pacific;4;HIV-related Deaths;2010;;count;na                    ;;;;good;no_of_deaths_by_country_clean.csv;2025-06-30 12:28:07
1820;120;Papua New Guinea;Western Pacific;4;HIV-related Deaths;2018;;count;na                    ;;;;good;no_of_deaths_by_country_clean.csv;2025-06-30 12:28:07
1650;120;Papua New Guinea;Western Pacific;3;People Living with HIV;2000;20000.0;count;;17000.0;25000.0;20000.0;good;no_of_people_living_with_hiv_by_country_clean.csv;2025-06-30 12:28:07
1480;120;Papua New Guinea;Western Pacific;3;People Living with HIV;2005;38000.0;count;;34000.0;42000.0;38000.0;good;no_of_people_living_with_hiv_by_country_clean.csv;2025-06-30 12:28:07
1310;120;Papua New Guinea;Western Pacific;3;People Living with HIV;2010;38000.0;count;;34000.0;42000.0;38000.0;good;no_of_people_living_with_hiv_by_country_clean.csv;2025-06-30 12:28:07
1140;120;Papua New Guinea;Western Pacific;3;People Living with HIV;2018;45000.0;count;;41000.0;50000.0;45000.0;good;no_of_people_living_with_hiv_by_country_clean.csv;2025-06-30 12:28:07
359;120;Papua New Guinea;Western Pacific;1;Prevention of Mother-to-Child Transmission;2023;1200.0;needing_antiretrovirals;;910.0;1500.0;1200.0;good;prevention_of_mother_to_child_transmission_by_country_clean.csv;2025-06-30 12:28:07
360;120;Papua New Guinea;Western Pacific;1;Prevention of Mother-to-Child Transmission;2023;79.0;percentage_received;;59.0;95.0;79.0;good;prevention_of_mother_to_child_transmission_by_country_clean.csv;2025-06-30 12:28:07
358;120;Papua New Guinea;Western Pacific;1;Prevention of Mother-to-Child Transmission;2023;960.0;received_antiretrovirals;;;;;good;prevention_of_mother_to_child_transmission_by_country_clean.csv;2025-06-30 12:28:07
873;121;Paraguay;Americas;2;ART Coverage;2023;40.0;estimated_art_coverage_percent;;31.0;58.0;40.0;good;art_coverage_by_country_clean.csv;2025-06-30 12:28:07
872;121;Paraguay;Americas;2;ART Coverage;2023;21000.0;estimated_living_with_hiv;;16000.0;31000.0;21000.0;good;art_coverage_by_country_clean.csv;2025-06-30 12:28:07
871;121;Paraguay;Americas;2;ART Coverage;2023;8500.0;reported_receiving_art;;;;;good;art_coverage_by_country_clean.csv;2025-06-30 12:28:07
3253;121;Paraguay;Americas;6;ART Pediatric Coverage;2023;43.0;estimated_children_art_coverage_percent;;28.0;68.0;43.0;good;art_pediatric_coverage_by_country_clean.csv;2025-06-30 12:28:07
3252;121;Paraguay;Americas;6;ART Pediatric Coverage;2023;500.0;estimated_children_needing_art;;500.0;640.0;500.0;good;art_pediatric_coverage_by_country_clean.csv;2025-06-30 12:28:07
3251;121;Paraguay;Americas;6;ART Pediatric Coverage;2023;170.0;reported_children_receiving_art;;;;;good;art_pediatric_coverage_by_country_clean.csv;2025-06-30 12:28:07
2841;121;Paraguay;Americas;5;HIV Cases Adults 15-49;2000;0.5;count;;0.3;0.7;0.5;good;no_of_cases_adults_15_to_49_by_country_clean.csv;2025-06-30 12:28:07
2671;121;Paraguay;Americas;5;HIV Cases Adults 15-49;2005;0.6;count;;0.4;0.8;0.6;good;no_of_cases_adults_15_to_49_by_country_clean.csv;2025-06-30 12:28:07
2501;121;Paraguay;Americas;5;HIV Cases Adults 15-49;2010;0.5;count;;0.4;0.8;0.5;good;no_of_cases_adults_15_to_49_by_country_clean.csv;2025-06-30 12:28:07
2331;121;Paraguay;Americas;5;HIV Cases Adults 15-49;2018;0.5;count;;0.3;0.7;0.5;good;no_of_cases_adults_15_to_49_by_country_clean.csv;2025-06-30 12:28:07
2161;121;Paraguay;Americas;4;HIV-related Deaths;2000;500.0;count;;200.0;920.0;500.0;good;no_of_deaths_by_country_clean.csv;2025-06-30 12:28:07
1991;121;Paraguay;Americas;4;HIV-related Deaths;2010;790.0;count;;540.0;1200.0;790.0;good;no_of_deaths_by_country_clean.csv;2025-06-30 12:28:07
1821;121;Paraguay;Americas;4;HIV-related Deaths;2018;720.0;count;;500.0;1200.0;720.0;good;no_of_deaths_by_country_clean.csv;2025-06-30 12:28:07
1651;121;Paraguay;Americas;3;People Living with HIV;2000;14000.0;count;;7100.0;21000.0;14000.0;good;no_of_people_living_with_hiv_by_country_clean.csv;2025-06-30 12:28:07
1481;121;Paraguay;Americas;3;People Living with HIV;2005;19000.0;count;;14000.0;25000.0;19000.0;good;no_of_people_living_with_hiv_by_country_clean.csv;2025-06-30 12:28:07
1311;121;Paraguay;Americas;3;People Living with HIV;2010;20000.0;count;;14000.0;27000.0;20000.0;good;no_of_people_living_with_hiv_by_country_clean.csv;2025-06-30 12:28:07
1141;121;Paraguay;Americas;3;People Living with HIV;2018;21000.0;count;;16000.0;31000.0;21000.0;good;no_of_people_living_with_hiv_by_country_clean.csv;2025-06-30 12:28:07
362;121;Paraguay;Americas;1;Prevention of Mother-to-Child Transmission;2023;500.0;needing_antiretrovirals;;200.0;500.0;500.0;good;prevention_of_mother_to_child_transmission_by_country_clean.csv;2025-06-30 12:28:07
363;121;Paraguay;Americas;1;Prevention of Mother-to-Child Transmission;2023;88.0;percentage_received;;60.0;95.0;88.0;good;prevention_of_mother_to_child_transmission_by_country_clean.csv;2025-06-30 12:28:07
361;121;Paraguay;Americas;1;Prevention of Mother-to-Child Transmission;2023;250.0;received_antiretrovirals;;;;;good;prevention_of_mother_to_child_transmission_by_country_clean.csv;2025-06-30 12:28:07
876;122;Peru;Americas;2;ART Coverage;2023;73.0;estimated_art_coverage_percent;;54.0;95.0;73.0;good;art_coverage_by_country_clean.csv;2025-06-30 12:28:07
875;122;Peru;Americas;2;ART Coverage;2023;79000.0;estimated_living_with_hiv;;58000.0;110000.0;79000.0;good;art_coverage_by_country_clean.csv;2025-06-30 12:28:07
874;122;Peru;Americas;2;ART Coverage;2023;57800.0;reported_receiving_art;;;;;good;art_coverage_by_country_clean.csv;2025-06-30 12:28:07
3256;122;Peru;Americas;6;ART Pediatric Coverage;2023;48.0;estimated_children_art_coverage_percent;;34.0;70.0;48.0;good;art_pediatric_coverage_by_country_clean.csv;2025-06-30 12:28:07
3255;122;Peru;Americas;6;ART Pediatric Coverage;2023;1600.0;estimated_children_needing_art;;1100.0;2300.0;1600.0;good;art_pediatric_coverage_by_country_clean.csv;2025-06-30 12:28:07
3254;122;Peru;Americas;6;ART Pediatric Coverage;2023;740.0;reported_children_receiving_art;;;;;good;art_pediatric_coverage_by_country_clean.csv;2025-06-30 12:28:07
2842;122;Peru;Americas;5;HIV Cases Adults 15-49;2000;0.5;count;;0.4;0.6;0.5;good;no_of_cases_adults_15_to_49_by_country_clean.csv;2025-06-30 12:28:07
2672;122;Peru;Americas;5;HIV Cases Adults 15-49;2005;0.4;count;;0.3;0.5;0.4;good;no_of_cases_adults_15_to_49_by_country_clean.csv;2025-06-30 12:28:07
2502;122;Peru;Americas;5;HIV Cases Adults 15-49;2010;0.3;count;;0.3;0.5;0.3;good;no_of_cases_adults_15_to_49_by_country_clean.csv;2025-06-30 12:28:07
2332;122;Peru;Americas;5;HIV Cases Adults 15-49;2018;0.3;count;;0.2;0.4;0.3;good;no_of_cases_adults_15_to_49_by_country_clean.csv;2025-06-30 12:28:07
2162;122;Peru;Americas;4;HIV-related Deaths;2000;5100.0;count;;3800.0;7000.0;5100.0;good;no_of_deaths_by_country_clean.csv;2025-06-30 12:28:07
1992;122;Peru;Americas;4;HIV-related Deaths;2010;2100.0;count;;1400.0;3300.0;2100.0;good;no_of_deaths_by_country_clean.csv;2025-06-30 12:28:07
1822;122;Peru;Americas;4;HIV-related Deaths;2018;1000.0;count;;650.0;1900.0;1000.0;good;no_of_deaths_by_country_clean.csv;2025-06-30 12:28:07
1652;122;Peru;Americas;3;People Living with HIV;2000;71000.0;count;;56000.0;94000.0;71000.0;good;no_of_people_living_with_hiv_by_country_clean.csv;2025-06-30 12:28:07
1482;122;Peru;Americas;3;People Living with HIV;2005;65000.0;count;;50000.0;91000.0;65000.0;good;no_of_people_living_with_hiv_by_country_clean.csv;2025-06-30 12:28:07
1312;122;Peru;Americas;3;People Living with HIV;2010;65000.0;count;;49000.0;91000.0;65000.0;good;no_of_people_living_with_hiv_by_country_clean.csv;2025-06-30 12:28:07
1142;122;Peru;Americas;3;People Living with HIV;2018;79000.0;count;;58000.0;110000.0;79000.0;good;no_of_people_living_with_hiv_by_country_clean.csv;2025-06-30 12:28:07
365;122;Peru;Americas;1;Prevention of Mother-to-Child Transmission;2023;1100.0;needing_antiretrovirals;;880.0;1500.0;1100.0;good;prevention_of_mother_to_child_transmission_by_country_clean.csv;2025-06-30 12:28:07
366;122;Peru;Americas;1;Prevention of Mother-to-Child Transmission;2023;85.0;percentage_received;;67.0;95.0;85.0;good;prevention_of_mother_to_child_transmission_by_country_clean.csv;2025-06-30 12:28:07
364;122;Peru;Americas;1;Prevention of Mother-to-Child Transmission;2023;930.0;received_antiretrovirals;;;;;good;prevention_of_mother_to_child_transmission_by_country_clean.csv;2025-06-30 12:28:07
879;123;Philippines;Western Pacific;2;ART Coverage;2023;44.0;estimated_art_coverage_percent;;37.0;51.0;44.0;good;art_coverage_by_country_clean.csv;2025-06-30 12:28:07
878;123;Philippines;Western Pacific;2;ART Coverage;2023;77000.0;estimated_living_with_hiv;;65000.0;90000.0;77000.0;good;art_coverage_by_country_clean.csv;2025-06-30 12:28:07
877;123;Philippines;Western Pacific;2;ART Coverage;2023;33600.0;reported_receiving_art;;;;;good;art_coverage_by_country_clean.csv;2025-06-30 12:28:07
3259;123;Philippines;Western Pacific;6;ART Pediatric Coverage;2023;20.0;estimated_children_art_coverage_percent;;16.0;25.0;20.0;good;art_pediatric_coverage_by_country_clean.csv;2025-06-30 12:28:07
3258;123;Philippines;Western Pacific;6;ART Pediatric Coverage;2023;500.0;estimated_children_needing_art;;500.0;510.0;500.0;good;art_pediatric_coverage_by_country_clean.csv;2025-06-30 12:28:07
3257;123;Philippines;Western Pacific;6;ART Pediatric Coverage;2023;90.0;reported_children_receiving_art;;;;;good;art_pediatric_coverage_by_country_clean.csv;2025-06-30 12:28:07
2843;123;Philippines;Western Pacific;5;HIV Cases Adults 15-49;2000;0.1;count;;0.1;0.1;0.1;good;no_of_cases_adults_15_to_49_by_country_clean.csv;2025-06-30 12:28:07
2673;123;Philippines;Western Pacific;5;HIV Cases Adults 15-49;2005;0.1;count;;0.1;0.1;0.1;good;no_of_cases_adults_15_to_49_by_country_clean.csv;2025-06-30 12:28:07
2503;123;Philippines;Western Pacific;5;HIV Cases Adults 15-49;2010;0.1;count;;0.1;0.1;0.1;good;no_of_cases_adults_15_to_49_by_country_clean.csv;2025-06-30 12:28:07
2333;123;Philippines;Western Pacific;5;HIV Cases Adults 15-49;2018;0.1;count;;0.1;0.2;0.1;good;no_of_cases_adults_15_to_49_by_country_clean.csv;2025-06-30 12:28:07
2163;123;Philippines;Western Pacific;4;HIV-related Deaths;2000;100.0;count;;100.0;100.0;100.0;good;no_of_deaths_by_country_clean.csv;2025-06-30 12:28:07
1993;123;Philippines;Western Pacific;4;HIV-related Deaths;2010;500.0;count;;200.0;500.0;500.0;good;no_of_deaths_by_country_clean.csv;2025-06-30 12:28:07
1823;123;Philippines;Western Pacific;4;HIV-related Deaths;2018;1200.0;count;;800.0;1700.0;1200.0;good;no_of_deaths_by_country_clean.csv;2025-06-30 12:28:07
1653;123;Philippines;Western Pacific;3;People Living with HIV;2000;1000.0;count;;910.0;1200.0;1000.0;good;no_of_people_living_with_hiv_by_country_clean.csv;2025-06-30 12:28:07
1483;123;Philippines;Western Pacific;3;People Living with HIV;2005;3700.0;count;;3100.0;4300.0;3700.0;good;no_of_people_living_with_hiv_by_country_clean.csv;2025-06-30 12:28:07
1313;123;Philippines;Western Pacific;3;People Living with HIV;2010;15000.0;count;;13000.0;18000.0;15000.0;good;no_of_people_living_with_hiv_by_country_clean.csv;2025-06-30 12:28:07
1143;123;Philippines;Western Pacific;3;People Living with HIV;2018;77000.0;count;;65000.0;90000.0;77000.0;good;no_of_people_living_with_hiv_by_country_clean.csv;2025-06-30 12:28:07
368;123;Philippines;Western Pacific;1;Prevention of Mother-to-Child Transmission;2023;500.0;needing_antiretrovirals;;500.0;500.0;500.0;good;prevention_of_mother_to_child_transmission_by_country_clean.csv;2025-06-30 12:28:07
369;123;Philippines;Western Pacific;1;Prevention of Mother-to-Child Transmission;2023;18.0;percentage_received;;15.0;22.0;18.0;good;prevention_of_mother_to_child_transmission_by_country_clean.csv;2025-06-30 12:28:07
367;123;Philippines;Western Pacific;1;Prevention of Mother-to-Child Transmission;2023;70.0;received_antiretrovirals;;;;;good;prevention_of_mother_to_child_transmission_by_country_clean.csv;2025-06-30 12:28:07
882;124;Poland;Europe;2;ART Coverage;2023;;estimated_art_coverage_percent;Nodata                                                  ;;;;good;art_coverage_by_country_clean.csv;2025-06-30 12:28:07
881;124;Poland;Europe;2;ART Coverage;2023;;estimated_living_with_hiv;Nodata                                     ;;;;good;art_coverage_by_country_clean.csv;2025-06-30 12:28:07
880;124;Poland;Europe;2;ART Coverage;2023;;reported_receiving_art;Nodata                                  ;;;;good;art_coverage_by_country_clean.csv;2025-06-30 12:28:07
3262;124;Poland;Europe;6;ART Pediatric Coverage;2023;;estimated_children_art_coverage_percent;Nodata                                    ;;;;good;art_pediatric_coverage_by_country_clean.csv;2025-06-30 12:28:07
3261;124;Poland;Europe;6;ART Pediatric Coverage;2023;;estimated_children_needing_art;Nodata                                                        ;;;;good;art_pediatric_coverage_by_country_clean.csv;2025-06-30 12:28:07
3260;124;Poland;Europe;6;ART Pediatric Coverage;2023;;reported_children_receiving_art;No data                                   ;;;;good;art_pediatric_coverage_by_country_clean.csv;2025-06-30 12:28:07
2844;124;Poland;Europe;5;HIV Cases Adults 15-49;2000;;count;na              ;;;;good;no_of_cases_adults_15_to_49_by_country_clean.csv;2025-06-30 12:28:07
2674;124;Poland;Europe;5;HIV Cases Adults 15-49;2005;;count;na              ;;;;good;no_of_cases_adults_15_to_49_by_country_clean.csv;2025-06-30 12:28:07
2504;124;Poland;Europe;5;HIV Cases Adults 15-49;2010;;count;na              ;;;;good;no_of_cases_adults_15_to_49_by_country_clean.csv;2025-06-30 12:28:07
2334;124;Poland;Europe;5;HIV Cases Adults 15-49;2018;;count;na              ;;;;good;no_of_cases_adults_15_to_49_by_country_clean.csv;2025-06-30 12:28:07
2164;124;Poland;Europe;4;HIV-related Deaths;2000;;count;na                    ;;;;good;no_of_deaths_by_country_clean.csv;2025-06-30 12:28:07
1994;124;Poland;Europe;4;HIV-related Deaths;2010;;count;na                    ;;;;good;no_of_deaths_by_country_clean.csv;2025-06-30 12:28:07
1824;124;Poland;Europe;4;HIV-related Deaths;2018;;count;na                    ;;;;good;no_of_deaths_by_country_clean.csv;2025-06-30 12:28:07
1654;124;Poland;Europe;3;People Living with HIV;2000;;count;na                       ;;;;good;no_of_people_living_with_hiv_by_country_clean.csv;2025-06-30 12:28:07
1484;124;Poland;Europe;3;People Living with HIV;2005;;count;na                       ;;;;good;no_of_people_living_with_hiv_by_country_clean.csv;2025-06-30 12:28:07
1314;124;Poland;Europe;3;People Living with HIV;2010;;count;na                       ;;;;good;no_of_people_living_with_hiv_by_country_clean.csv;2025-06-30 12:28:07
1144;124;Poland;Europe;3;People Living with HIV;2018;;count;na                       ;;;;good;no_of_people_living_with_hiv_by_country_clean.csv;2025-06-30 12:28:07
371;124;Poland;Europe;1;Prevention of Mother-to-Child Transmission;2023;;needing_antiretrovirals;Nodata                  ;;;;good;prevention_of_mother_to_child_transmission_by_country_clean.csv;2025-06-30 12:28:07
372;124;Poland;Europe;1;Prevention of Mother-to-Child Transmission;2023;;percentage_received;Nodata              ;;;;good;prevention_of_mother_to_child_transmission_by_country_clean.csv;2025-06-30 12:28:07
370;124;Poland;Europe;1;Prevention of Mother-to-Child Transmission;2023;;received_antiretrovirals;No data                  ;;;;good;prevention_of_mother_to_child_transmission_by_country_clean.csv;2025-06-30 12:28:07
885;125;Portugal;Europe;2;ART Coverage;2023;90.0;estimated_art_coverage_percent;;78.0;95.0;90.0;good;art_coverage_by_country_clean.csv;2025-06-30 12:28:07
884;125;Portugal;Europe;2;ART Coverage;2023;41000.0;estimated_living_with_hiv;;36000.0;46000.0;41000.0;good;art_coverage_by_country_clean.csv;2025-06-30 12:28:07
883;125;Portugal;Europe;2;ART Coverage;2023;37200.0;reported_receiving_art;;;;;good;art_coverage_by_country_clean.csv;2025-06-30 12:28:07
3265;125;Portugal;Europe;6;ART Pediatric Coverage;2023;;estimated_children_art_coverage_percent;Nodata                                    ;;;;good;art_pediatric_coverage_by_country_clean.csv;2025-06-30 12:28:07
3264;125;Portugal;Europe;6;ART Pediatric Coverage;2023;100.0;estimated_children_needing_art;;100.0;100.0;100.0;good;art_pediatric_coverage_by_country_clean.csv;2025-06-30 12:28:07
3263;125;Portugal;Europe;6;ART Pediatric Coverage;2023;;reported_children_receiving_art;No data                                   ;;;;good;art_pediatric_coverage_by_country_clean.csv;2025-06-30 12:28:07
2845;125;Portugal;Europe;5;HIV Cases Adults 15-49;2000;0.5;count;;0.5;0.6;0.5;good;no_of_cases_adults_15_to_49_by_country_clean.csv;2025-06-30 12:28:07
2675;125;Portugal;Europe;5;HIV Cases Adults 15-49;2005;0.6;count;;0.5;0.6;0.6;good;no_of_cases_adults_15_to_49_by_country_clean.csv;2025-06-30 12:28:07
2505;125;Portugal;Europe;5;HIV Cases Adults 15-49;2010;0.6;count;;0.5;0.6;0.6;good;no_of_cases_adults_15_to_49_by_country_clean.csv;2025-06-30 12:28:07
2335;125;Portugal;Europe;5;HIV Cases Adults 15-49;2018;0.5;count;;0.4;0.5;0.5;good;no_of_cases_adults_15_to_49_by_country_clean.csv;2025-06-30 12:28:07
2165;125;Portugal;Europe;4;HIV-related Deaths;2000;1100.0;count;;890.0;1400.0;1100.0;good;no_of_deaths_by_country_clean.csv;2025-06-30 12:28:07
1995;125;Portugal;Europe;4;HIV-related Deaths;2010;930.0;count;;730.0;1200.0;930.0;good;no_of_deaths_by_country_clean.csv;2025-06-30 12:28:07
1825;125;Portugal;Europe;4;HIV-related Deaths;2018;500.0;count;;500.0;500.0;500.0;good;no_of_deaths_by_country_clean.csv;2025-06-30 12:28:07
1655;125;Portugal;Europe;3;People Living with HIV;2000;32000.0;count;;27000.0;37000.0;32000.0;good;no_of_people_living_with_hiv_by_country_clean.csv;2025-06-30 12:28:07
1485;125;Portugal;Europe;3;People Living with HIV;2005;37000.0;count;;33000.0;42000.0;37000.0;good;no_of_people_living_with_hiv_by_country_clean.csv;2025-06-30 12:28:07
1315;125;Portugal;Europe;3;People Living with HIV;2010;40000.0;count;;35000.0;45000.0;40000.0;good;no_of_people_living_with_hiv_by_country_clean.csv;2025-06-30 12:28:07
1145;125;Portugal;Europe;3;People Living with HIV;2018;41000.0;count;;36000.0;46000.0;41000.0;good;no_of_people_living_with_hiv_by_country_clean.csv;2025-06-30 12:28:07
374;125;Portugal;Europe;1;Prevention of Mother-to-Child Transmission;2023;200.0;needing_antiretrovirals;;100.0;200.0;200.0;good;prevention_of_mother_to_child_transmission_by_country_clean.csv;2025-06-30 12:28:07
375;125;Portugal;Europe;1;Prevention of Mother-to-Child Transmission;2023;;percentage_received;Nodata              ;;;;good;prevention_of_mother_to_child_transmission_by_country_clean.csv;2025-06-30 12:28:07
373;125;Portugal;Europe;1;Prevention of Mother-to-Child Transmission;2023;;received_antiretrovirals;No data                  ;;;;good;prevention_of_mother_to_child_transmission_by_country_clean.csv;2025-06-30 12:28:07
888;126;Qatar;Eastern Mediterranean;2;ART Coverage;2023;;estimated_art_coverage_percent;Nodata                                                  ;;;;good;art_coverage_by_country_clean.csv;2025-06-30 12:28:07
887;126;Qatar;Eastern Mediterranean;2;ART Coverage;2023;;estimated_living_with_hiv;Nodata                                     ;;;;good;art_coverage_by_country_clean.csv;2025-06-30 12:28:07
886;126;Qatar;Eastern Mediterranean;2;ART Coverage;2023;150.0;reported_receiving_art;;;;;good;art_coverage_by_country_clean.csv;2025-06-30 12:28:07
3268;126;Qatar;Eastern Mediterranean;6;ART Pediatric Coverage;2023;;estimated_children_art_coverage_percent;Nodata                                    ;;;;good;art_pediatric_coverage_by_country_clean.csv;2025-06-30 12:28:07
3267;126;Qatar;Eastern Mediterranean;6;ART Pediatric Coverage;2023;;estimated_children_needing_art;Nodata                                                        ;;;;good;art_pediatric_coverage_by_country_clean.csv;2025-06-30 12:28:07
3266;126;Qatar;Eastern Mediterranean;6;ART Pediatric Coverage;2023;0.0;reported_children_receiving_art;;;;;good;art_pediatric_coverage_by_country_clean.csv;2025-06-30 12:28:07
2846;126;Qatar;Eastern Mediterranean;5;HIV Cases Adults 15-49;2000;;count;na              ;;;;good;no_of_cases_adults_15_to_49_by_country_clean.csv;2025-06-30 12:28:07
2676;126;Qatar;Eastern Mediterranean;5;HIV Cases Adults 15-49;2005;;count;na              ;;;;good;no_of_cases_adults_15_to_49_by_country_clean.csv;2025-06-30 12:28:07
2506;126;Qatar;Eastern Mediterranean;5;HIV Cases Adults 15-49;2010;;count;na              ;;;;good;no_of_cases_adults_15_to_49_by_country_clean.csv;2025-06-30 12:28:07
2336;126;Qatar;Eastern Mediterranean;5;HIV Cases Adults 15-49;2018;;count;na              ;;;;good;no_of_cases_adults_15_to_49_by_country_clean.csv;2025-06-30 12:28:07
2166;126;Qatar;Eastern Mediterranean;4;HIV-related Deaths;2000;;count;na                    ;;;;good;no_of_deaths_by_country_clean.csv;2025-06-30 12:28:07
1996;126;Qatar;Eastern Mediterranean;4;HIV-related Deaths;2010;;count;na                    ;;;;good;no_of_deaths_by_country_clean.csv;2025-06-30 12:28:07
1826;126;Qatar;Eastern Mediterranean;4;HIV-related Deaths;2018;;count;na                    ;;;;good;no_of_deaths_by_country_clean.csv;2025-06-30 12:28:07
1656;126;Qatar;Eastern Mediterranean;3;People Living with HIV;2000;;count;na                       ;;;;good;no_of_people_living_with_hiv_by_country_clean.csv;2025-06-30 12:28:07
1486;126;Qatar;Eastern Mediterranean;3;People Living with HIV;2005;;count;na                       ;;;;good;no_of_people_living_with_hiv_by_country_clean.csv;2025-06-30 12:28:07
1316;126;Qatar;Eastern Mediterranean;3;People Living with HIV;2010;;count;na                       ;;;;good;no_of_people_living_with_hiv_by_country_clean.csv;2025-06-30 12:28:07
1146;126;Qatar;Eastern Mediterranean;3;People Living with HIV;2018;;count;na                       ;;;;good;no_of_people_living_with_hiv_by_country_clean.csv;2025-06-30 12:28:07
377;126;Qatar;Eastern Mediterranean;1;Prevention of Mother-to-Child Transmission;2023;;needing_antiretrovirals;Nodata                  ;;;;good;prevention_of_mother_to_child_transmission_by_country_clean.csv;2025-06-30 12:28:07
378;126;Qatar;Eastern Mediterranean;1;Prevention of Mother-to-Child Transmission;2023;;percentage_received;Nodata              ;;;;good;prevention_of_mother_to_child_transmission_by_country_clean.csv;2025-06-30 12:28:07
376;126;Qatar;Eastern Mediterranean;1;Prevention of Mother-to-Child Transmission;2023;;received_antiretrovirals;No data                  ;;;;good;prevention_of_mother_to_child_transmission_by_country_clean.csv;2025-06-30 12:28:07
900;130;Romania;Europe;2;ART Coverage;2023;67.0;estimated_art_coverage_percent;;60.0;73.0;67.0;good;art_coverage_by_country_clean.csv;2025-06-30 12:28:07
899;130;Romania;Europe;2;ART Coverage;2023;18000.0;estimated_living_with_hiv;;16000.0;20000.0;18000.0;good;art_coverage_by_country_clean.csv;2025-06-30 12:28:07
898;130;Romania;Europe;2;ART Coverage;2023;12100.0;reported_receiving_art;;;;;good;art_coverage_by_country_clean.csv;2025-06-30 12:28:07
3280;130;Romania;Europe;6;ART Pediatric Coverage;2023;95.0;estimated_children_art_coverage_percent;;95.0;95.0;95.0;good;art_pediatric_coverage_by_country_clean.csv;2025-06-30 12:28:07
3279;130;Romania;Europe;6;ART Pediatric Coverage;2023;100.0;estimated_children_needing_art;;100.0;100.0;100.0;good;art_pediatric_coverage_by_country_clean.csv;2025-06-30 12:28:07
3278;130;Romania;Europe;6;ART Pediatric Coverage;2023;170.0;reported_children_receiving_art;;;;;good;art_pediatric_coverage_by_country_clean.csv;2025-06-30 12:28:07
2850;130;Romania;Europe;5;HIV Cases Adults 15-49;2000;0.1;count;;0.1;0.1;0.1;good;no_of_cases_adults_15_to_49_by_country_clean.csv;2025-06-30 12:28:07
2680;130;Romania;Europe;5;HIV Cases Adults 15-49;2005;0.1;count;;0.1;0.1;0.1;good;no_of_cases_adults_15_to_49_by_country_clean.csv;2025-06-30 12:28:07
2510;130;Romania;Europe;5;HIV Cases Adults 15-49;2010;0.1;count;;0.1;0.1;0.1;good;no_of_cases_adults_15_to_49_by_country_clean.csv;2025-06-30 12:28:07
2340;130;Romania;Europe;5;HIV Cases Adults 15-49;2018;0.1;count;;0.1;0.2;0.1;good;no_of_cases_adults_15_to_49_by_country_clean.csv;2025-06-30 12:28:07
2170;130;Romania;Europe;4;HIV-related Deaths;2000;500.0;count;;500.0;500.0;500.0;good;no_of_deaths_by_country_clean.csv;2025-06-30 12:28:07
2000;130;Romania;Europe;4;HIV-related Deaths;2010;200.0;count;;100.0;200.0;200.0;good;no_of_deaths_by_country_clean.csv;2025-06-30 12:28:07
1830;130;Romania;Europe;4;HIV-related Deaths;2018;200.0;count;;100.0;200.0;200.0;good;no_of_deaths_by_country_clean.csv;2025-06-30 12:28:07
1660;130;Romania;Europe;3;People Living with HIV;2000;7500.0;count;;6900.0;8100.0;7500.0;good;no_of_people_living_with_hiv_by_country_clean.csv;2025-06-30 12:28:07
1490;130;Romania;Europe;3;People Living with HIV;2005;11000.0;count;;9800.0;12000.0;11000.0;good;no_of_people_living_with_hiv_by_country_clean.csv;2025-06-30 12:28:07
1320;130;Romania;Europe;3;People Living with HIV;2010;14000.0;count;;12000.0;15000.0;14000.0;good;no_of_people_living_with_hiv_by_country_clean.csv;2025-06-30 12:28:07
1150;130;Romania;Europe;3;People Living with HIV;2018;18000.0;count;;16000.0;20000.0;18000.0;good;no_of_people_living_with_hiv_by_country_clean.csv;2025-06-30 12:28:07
389;130;Romania;Europe;1;Prevention of Mother-to-Child Transmission;2023;200.0;needing_antiretrovirals;;200.0;200.0;200.0;good;prevention_of_mother_to_child_transmission_by_country_clean.csv;2025-06-30 12:28:07
390;130;Romania;Europe;1;Prevention of Mother-to-Child Transmission;2023;95.0;percentage_received;;95.0;95.0;95.0;good;prevention_of_mother_to_child_transmission_by_country_clean.csv;2025-06-30 12:28:07
388;130;Romania;Europe;1;Prevention of Mother-to-Child Transmission;2023;230.0;received_antiretrovirals;;;;;good;prevention_of_mother_to_child_transmission_by_country_clean.csv;2025-06-30 12:28:07
903;131;Russia;Europe;2;ART Coverage;2023;;estimated_art_coverage_percent;Nodata                                                  ;;;;good;art_coverage_by_country_clean.csv;2025-06-30 12:28:07
902;131;Russia;Europe;2;ART Coverage;2023;;estimated_living_with_hiv;Nodata                                     ;;;;good;art_coverage_by_country_clean.csv;2025-06-30 12:28:07
901;131;Russia;Europe;2;ART Coverage;2023;;reported_receiving_art;Nodata                                  ;;;;good;art_coverage_by_country_clean.csv;2025-06-30 12:28:07
3283;131;Russia;Europe;6;ART Pediatric Coverage;2023;;estimated_children_art_coverage_percent;Nodata                                    ;;;;good;art_pediatric_coverage_by_country_clean.csv;2025-06-30 12:28:07
3282;131;Russia;Europe;6;ART Pediatric Coverage;2023;;estimated_children_needing_art;Nodata                                                        ;;;;good;art_pediatric_coverage_by_country_clean.csv;2025-06-30 12:28:07
3281;131;Russia;Europe;6;ART Pediatric Coverage;2023;;reported_children_receiving_art;No data                                   ;;;;good;art_pediatric_coverage_by_country_clean.csv;2025-06-30 12:28:07
2851;131;Russia;Europe;5;HIV Cases Adults 15-49;2000;;count;na              ;;;;good;no_of_cases_adults_15_to_49_by_country_clean.csv;2025-06-30 12:28:07
2681;131;Russia;Europe;5;HIV Cases Adults 15-49;2005;;count;na              ;;;;good;no_of_cases_adults_15_to_49_by_country_clean.csv;2025-06-30 12:28:07
2511;131;Russia;Europe;5;HIV Cases Adults 15-49;2010;;count;na              ;;;;good;no_of_cases_adults_15_to_49_by_country_clean.csv;2025-06-30 12:28:07
2341;131;Russia;Europe;5;HIV Cases Adults 15-49;2018;;count;na              ;;;;good;no_of_cases_adults_15_to_49_by_country_clean.csv;2025-06-30 12:28:07
2171;131;Russia;Europe;4;HIV-related Deaths;2000;;count;na                    ;;;;good;no_of_deaths_by_country_clean.csv;2025-06-30 12:28:07
2001;131;Russia;Europe;4;HIV-related Deaths;2010;;count;na                    ;;;;good;no_of_deaths_by_country_clean.csv;2025-06-30 12:28:07
1831;131;Russia;Europe;4;HIV-related Deaths;2018;;count;na                    ;;;;good;no_of_deaths_by_country_clean.csv;2025-06-30 12:28:07
1661;131;Russia;Europe;3;People Living with HIV;2000;;count;na                       ;;;;good;no_of_people_living_with_hiv_by_country_clean.csv;2025-06-30 12:28:07
1491;131;Russia;Europe;3;People Living with HIV;2005;;count;na                       ;;;;good;no_of_people_living_with_hiv_by_country_clean.csv;2025-06-30 12:28:07
1321;131;Russia;Europe;3;People Living with HIV;2010;;count;na                       ;;;;good;no_of_people_living_with_hiv_by_country_clean.csv;2025-06-30 12:28:07
1151;131;Russia;Europe;3;People Living with HIV;2018;;count;na                       ;;;;good;no_of_people_living_with_hiv_by_country_clean.csv;2025-06-30 12:28:07
392;131;Russia;Europe;1;Prevention of Mother-to-Child Transmission;2023;;needing_antiretrovirals;Nodata                  ;;;;good;prevention_of_mother_to_child_transmission_by_country_clean.csv;2025-06-30 12:28:07
393;131;Russia;Europe;1;Prevention of Mother-to-Child Transmission;2023;;percentage_received;Nodata              ;;;;good;prevention_of_mother_to_child_transmission_by_country_clean.csv;2025-06-30 12:28:07
391;131;Russia;Europe;1;Prevention of Mother-to-Child Transmission;2023;13600.0;received_antiretrovirals;;;;;good;prevention_of_mother_to_child_transmission_by_country_clean.csv;2025-06-30 12:28:07
906;132;Rwanda;Africa;2;ART Coverage;2023;87.0;estimated_art_coverage_percent;;76.0;95.0;87.0;good;art_coverage_by_country_clean.csv;2025-06-30 12:28:07
905;132;Rwanda;Africa;2;ART Coverage;2023;220000.0;estimated_living_with_hiv;;200000.0;250000.0;220000.0;good;art_coverage_by_country_clean.csv;2025-06-30 12:28:07
904;132;Rwanda;Africa;2;ART Coverage;2023;194000.0;reported_receiving_art;;;;;good;art_coverage_by_country_clean.csv;2025-06-30 12:28:07
3286;132;Rwanda;Africa;6;ART Pediatric Coverage;2023;63.0;estimated_children_art_coverage_percent;;47.0;80.0;63.0;good;art_pediatric_coverage_by_country_clean.csv;2025-06-30 12:28:07
3285;132;Rwanda;Africa;6;ART Pediatric Coverage;2023;12000.0;estimated_children_needing_art;;8900.0;15000.0;12000.0;good;art_pediatric_coverage_by_country_clean.csv;2025-06-30 12:28:07
3284;132;Rwanda;Africa;6;ART Pediatric Coverage;2023;7500.0;reported_children_receiving_art;;;;;good;art_pediatric_coverage_by_country_clean.csv;2025-06-30 12:28:07
2852;132;Rwanda;Africa;5;HIV Cases Adults 15-49;2000;5.2;count;;4.6;5.9;5.2;good;no_of_cases_adults_15_to_49_by_country_clean.csv;2025-06-30 12:28:07
2682;132;Rwanda;Africa;5;HIV Cases Adults 15-49;2005;3.8;count;;3.2;4.3;3.8;good;no_of_cases_adults_15_to_49_by_country_clean.csv;2025-06-30 12:28:07
2512;132;Rwanda;Africa;5;HIV Cases Adults 15-49;2010;3.3;count;;2.8;3.7;3.3;good;no_of_cases_adults_15_to_49_by_country_clean.csv;2025-06-30 12:28:07
2342;132;Rwanda;Africa;5;HIV Cases Adults 15-49;2018;2.5;count;;2.1;2.8;2.5;good;no_of_cases_adults_15_to_49_by_country_clean.csv;2025-06-30 12:28:07
2172;132;Rwanda;Africa;4;HIV-related Deaths;2000;18000.0;count;;14000.0;22000.0;18000.0;good;no_of_deaths_by_country_clean.csv;2025-06-30 12:28:07
2002;132;Rwanda;Africa;4;HIV-related Deaths;2010;5700.0;count;;4700.0;7100.0;5700.0;good;no_of_deaths_by_country_clean.csv;2025-06-30 12:28:07
1832;132;Rwanda;Africa;4;HIV-related Deaths;2018;2900.0;count;;2400.0;3500.0;2900.0;good;no_of_deaths_by_country_clean.csv;2025-06-30 12:28:07
1662;132;Rwanda;Africa;3;People Living with HIV;2000;240000.0;count;;220000.0;280000.0;240000.0;good;no_of_people_living_with_hiv_by_country_clean.csv;2025-06-30 12:28:07
1492;132;Rwanda;Africa;3;People Living with HIV;2005;220000.0;count;;190000.0;250000.0;220000.0;good;no_of_people_living_with_hiv_by_country_clean.csv;2025-06-30 12:28:07
1322;132;Rwanda;Africa;3;People Living with HIV;2010;220000.0;count;;200000.0;250000.0;220000.0;good;no_of_people_living_with_hiv_by_country_clean.csv;2025-06-30 12:28:07
1152;132;Rwanda;Africa;3;People Living with HIV;2018;220000.0;count;;200000.0;250000.0;220000.0;good;no_of_people_living_with_hiv_by_country_clean.csv;2025-06-30 12:28:07
395;132;Rwanda;Africa;1;Prevention of Mother-to-Child Transmission;2023;8100.0;needing_antiretrovirals;;6000.0;9400.0;8100.0;good;prevention_of_mother_to_child_transmission_by_country_clean.csv;2025-06-30 12:28:07
396;132;Rwanda;Africa;1;Prevention of Mother-to-Child Transmission;2023;95.0;percentage_received;;79.0;95.0;95.0;good;prevention_of_mother_to_child_transmission_by_country_clean.csv;2025-06-30 12:28:07
394;132;Rwanda;Africa;1;Prevention of Mother-to-Child Transmission;2023;8600.0;received_antiretrovirals;;;;;good;prevention_of_mother_to_child_transmission_by_country_clean.csv;2025-06-30 12:28:07
909;133;Saudi Arabia;Eastern Mediterranean;2;ART Coverage;2023;;estimated_art_coverage_percent;Nodata                                                  ;;;;good;art_coverage_by_country_clean.csv;2025-06-30 12:28:07
908;133;Saudi Arabia;Eastern Mediterranean;2;ART Coverage;2023;;estimated_living_with_hiv;Nodata                                     ;;;;good;art_coverage_by_country_clean.csv;2025-06-30 12:28:07
907;133;Saudi Arabia;Eastern Mediterranean;2;ART Coverage;2023;6300.0;reported_receiving_art;;;;;good;art_coverage_by_country_clean.csv;2025-06-30 12:28:07
3289;133;Saudi Arabia;Eastern Mediterranean;6;ART Pediatric Coverage;2023;;estimated_children_art_coverage_percent;Nodata                                    ;;;;good;art_pediatric_coverage_by_country_clean.csv;2025-06-30 12:28:07
3288;133;Saudi Arabia;Eastern Mediterranean;6;ART Pediatric Coverage;2023;;estimated_children_needing_art;Nodata                                                        ;;;;good;art_pediatric_coverage_by_country_clean.csv;2025-06-30 12:28:07
3287;133;Saudi Arabia;Eastern Mediterranean;6;ART Pediatric Coverage;2023;120.0;reported_children_receiving_art;;;;;good;art_pediatric_coverage_by_country_clean.csv;2025-06-30 12:28:07
2853;133;Saudi Arabia;Eastern Mediterranean;5;HIV Cases Adults 15-49;2000;;count;na              ;;;;good;no_of_cases_adults_15_to_49_by_country_clean.csv;2025-06-30 12:28:07
2683;133;Saudi Arabia;Eastern Mediterranean;5;HIV Cases Adults 15-49;2005;;count;na              ;;;;good;no_of_cases_adults_15_to_49_by_country_clean.csv;2025-06-30 12:28:07
2513;133;Saudi Arabia;Eastern Mediterranean;5;HIV Cases Adults 15-49;2010;;count;na              ;;;;good;no_of_cases_adults_15_to_49_by_country_clean.csv;2025-06-30 12:28:07
2343;133;Saudi Arabia;Eastern Mediterranean;5;HIV Cases Adults 15-49;2018;;count;na              ;;;;good;no_of_cases_adults_15_to_49_by_country_clean.csv;2025-06-30 12:28:07
2173;133;Saudi Arabia;Eastern Mediterranean;4;HIV-related Deaths;2000;;count;na                    ;;;;good;no_of_deaths_by_country_clean.csv;2025-06-30 12:28:07
2003;133;Saudi Arabia;Eastern Mediterranean;4;HIV-related Deaths;2010;;count;na                    ;;;;good;no_of_deaths_by_country_clean.csv;2025-06-30 12:28:07
1833;133;Saudi Arabia;Eastern Mediterranean;4;HIV-related Deaths;2018;;count;na                    ;;;;good;no_of_deaths_by_country_clean.csv;2025-06-30 12:28:07
1663;133;Saudi Arabia;Eastern Mediterranean;3;People Living with HIV;2000;;count;na                       ;;;;good;no_of_people_living_with_hiv_by_country_clean.csv;2025-06-30 12:28:07
1493;133;Saudi Arabia;Eastern Mediterranean;3;People Living with HIV;2005;;count;na                       ;;;;good;no_of_people_living_with_hiv_by_country_clean.csv;2025-06-30 12:28:07
1323;133;Saudi Arabia;Eastern Mediterranean;3;People Living with HIV;2010;;count;na                       ;;;;good;no_of_people_living_with_hiv_by_country_clean.csv;2025-06-30 12:28:07
1153;133;Saudi Arabia;Eastern Mediterranean;3;People Living with HIV;2018;;count;na                       ;;;;good;no_of_people_living_with_hiv_by_country_clean.csv;2025-06-30 12:28:07
398;133;Saudi Arabia;Eastern Mediterranean;1;Prevention of Mother-to-Child Transmission;2023;;needing_antiretrovirals;Nodata                  ;;;;good;prevention_of_mother_to_child_transmission_by_country_clean.csv;2025-06-30 12:28:07
399;133;Saudi Arabia;Eastern Mediterranean;1;Prevention of Mother-to-Child Transmission;2023;;percentage_received;Nodata              ;;;;good;prevention_of_mother_to_child_transmission_by_country_clean.csv;2025-06-30 12:28:07
397;133;Saudi Arabia;Eastern Mediterranean;1;Prevention of Mother-to-Child Transmission;2023;40.0;received_antiretrovirals;;;;;good;prevention_of_mother_to_child_transmission_by_country_clean.csv;2025-06-30 12:28:07
912;134;Senegal;Africa;2;ART Coverage;2023;63.0;estimated_art_coverage_percent;;55.0;71.0;63.0;good;art_coverage_by_country_clean.csv;2025-06-30 12:28:07
911;134;Senegal;Africa;2;ART Coverage;2023;42000.0;estimated_living_with_hiv;;37000.0;47000.0;42000.0;good;art_coverage_by_country_clean.csv;2025-06-30 12:28:07
910;134;Senegal;Africa;2;ART Coverage;2023;26600.0;reported_receiving_art;;;;;good;art_coverage_by_country_clean.csv;2025-06-30 12:28:07
3292;134;Senegal;Africa;6;ART Pediatric Coverage;2023;31.0;estimated_children_art_coverage_percent;;26.0;35.0;31.0;good;art_pediatric_coverage_by_country_clean.csv;2025-06-30 12:28:07
3291;134;Senegal;Africa;6;ART Pediatric Coverage;2023;4500.0;estimated_children_needing_art;;3700.0;5100.0;4500.0;good;art_pediatric_coverage_by_country_clean.csv;2025-06-30 12:28:07
3290;134;Senegal;Africa;6;ART Pediatric Coverage;2023;1400.0;reported_children_receiving_art;;;;;good;art_pediatric_coverage_by_country_clean.csv;2025-06-30 12:28:07
2854;134;Senegal;Africa;5;HIV Cases Adults 15-49;2000;0.6;count;;0.5;0.7;0.6;good;no_of_cases_adults_15_to_49_by_country_clean.csv;2025-06-30 12:28:07
2684;134;Senegal;Africa;5;HIV Cases Adults 15-49;2005;0.7;count;;0.6;0.7;0.7;good;no_of_cases_adults_15_to_49_by_country_clean.csv;2025-06-30 12:28:07
2514;134;Senegal;Africa;5;HIV Cases Adults 15-49;2010;0.6;count;;0.5;0.6;0.6;good;no_of_cases_adults_15_to_49_by_country_clean.csv;2025-06-30 12:28:07
2344;134;Senegal;Africa;5;HIV Cases Adults 15-49;2018;0.4;count;;0.4;0.5;0.4;good;no_of_cases_adults_15_to_49_by_country_clean.csv;2025-06-30 12:28:07
2174;134;Senegal;Africa;4;HIV-related Deaths;2000;1700.0;count;;1300.0;2300.0;1700.0;good;no_of_deaths_by_country_clean.csv;2025-06-30 12:28:07
2004;134;Senegal;Africa;4;HIV-related Deaths;2010;1300.0;count;;1000.0;1800.0;1300.0;good;no_of_deaths_by_country_clean.csv;2025-06-30 12:28:07
1834;134;Senegal;Africa;4;HIV-related Deaths;2018;1300.0;count;;1000.0;1600.0;1300.0;good;no_of_deaths_by_country_clean.csv;2025-06-30 12:28:07
1664;134;Senegal;Africa;3;People Living with HIV;2000;33000.0;count;;29000.0;39000.0;33000.0;good;no_of_people_living_with_hiv_by_country_clean.csv;2025-06-30 12:28:07
1494;134;Senegal;Africa;3;People Living with HIV;2005;42000.0;count;;38000.0;48000.0;42000.0;good;no_of_people_living_with_hiv_by_country_clean.csv;2025-06-30 12:28:07
1324;134;Senegal;Africa;3;People Living with HIV;2010;44000.0;count;;39000.0;50000.0;44000.0;good;no_of_people_living_with_hiv_by_country_clean.csv;2025-06-30 12:28:07
1154;134;Senegal;Africa;3;People Living with HIV;2018;42000.0;count;;37000.0;47000.0;42000.0;good;no_of_people_living_with_hiv_by_country_clean.csv;2025-06-30 12:28:07
401;134;Senegal;Africa;1;Prevention of Mother-to-Child Transmission;2023;2200.0;needing_antiretrovirals;;1800.0;2500.0;2200.0;good;prevention_of_mother_to_child_transmission_by_country_clean.csv;2025-06-30 12:28:07
402;134;Senegal;Africa;1;Prevention of Mother-to-Child Transmission;2023;65.0;percentage_received;;56.0;75.0;65.0;good;prevention_of_mother_to_child_transmission_by_country_clean.csv;2025-06-30 12:28:07
400;134;Senegal;Africa;1;Prevention of Mother-to-Child Transmission;2023;1400.0;received_antiretrovirals;;;;;good;prevention_of_mother_to_child_transmission_by_country_clean.csv;2025-06-30 12:28:07
915;135;Serbia;Europe;2;ART Coverage;2023;65.0;estimated_art_coverage_percent;;47.0;83.0;65.0;good;art_coverage_by_country_clean.csv;2025-06-30 12:28:07
914;135;Serbia;Europe;2;ART Coverage;2023;3000.0;estimated_living_with_hiv;;2200.0;3800.0;3000.0;good;art_coverage_by_country_clean.csv;2025-06-30 12:28:07
913;135;Serbia;Europe;2;ART Coverage;2023;2000.0;reported_receiving_art;;;;;good;art_coverage_by_country_clean.csv;2025-06-30 12:28:07
3295;135;Serbia;Europe;6;ART Pediatric Coverage;2023;;estimated_children_art_coverage_percent;Nodata                                    ;;;;good;art_pediatric_coverage_by_country_clean.csv;2025-06-30 12:28:07
3294;135;Serbia;Europe;6;ART Pediatric Coverage;2023;;estimated_children_needing_art;Nodata                                                        ;;;;good;art_pediatric_coverage_by_country_clean.csv;2025-06-30 12:28:07
3293;135;Serbia;Europe;6;ART Pediatric Coverage;2023;;reported_children_receiving_art;No data                                   ;;;;good;art_pediatric_coverage_by_country_clean.csv;2025-06-30 12:28:07
2855;135;Serbia;Europe;5;HIV Cases Adults 15-49;2000;0.1;count;;0.1;0.1;0.1;good;no_of_cases_adults_15_to_49_by_country_clean.csv;2025-06-30 12:28:07
2685;135;Serbia;Europe;5;HIV Cases Adults 15-49;2005;0.1;count;;0.1;0.1;0.1;good;no_of_cases_adults_15_to_49_by_country_clean.csv;2025-06-30 12:28:07
2515;135;Serbia;Europe;5;HIV Cases Adults 15-49;2010;0.1;count;;0.1;0.1;0.1;good;no_of_cases_adults_15_to_49_by_country_clean.csv;2025-06-30 12:28:07
2345;135;Serbia;Europe;5;HIV Cases Adults 15-49;2018;0.1;count;;0.1;0.1;0.1;good;no_of_cases_adults_15_to_49_by_country_clean.csv;2025-06-30 12:28:07
2175;135;Serbia;Europe;4;HIV-related Deaths;2000;200.0;count;;100.0;200.0;200.0;good;no_of_deaths_by_country_clean.csv;2025-06-30 12:28:07
2005;135;Serbia;Europe;4;HIV-related Deaths;2010;100.0;count;;100.0;100.0;100.0;good;no_of_deaths_by_country_clean.csv;2025-06-30 12:28:07
1835;135;Serbia;Europe;4;HIV-related Deaths;2018;100.0;count;;100.0;100.0;100.0;good;no_of_deaths_by_country_clean.csv;2025-06-30 12:28:07
1665;135;Serbia;Europe;3;People Living with HIV;2000;1000.0;count;;660.0;1400.0;1000.0;good;no_of_people_living_with_hiv_by_country_clean.csv;2025-06-30 12:28:07
1495;135;Serbia;Europe;3;People Living with HIV;2005;1100.0;count;;750.0;1500.0;1100.0;good;no_of_people_living_with_hiv_by_country_clean.csv;2025-06-30 12:28:07
1325;135;Serbia;Europe;3;People Living with HIV;2010;1800.0;count;;1300.0;2200.0;1800.0;good;no_of_people_living_with_hiv_by_country_clean.csv;2025-06-30 12:28:07
1155;135;Serbia;Europe;3;People Living with HIV;2018;3000.0;count;;2200.0;3800.0;3000.0;good;no_of_people_living_with_hiv_by_country_clean.csv;2025-06-30 12:28:07
404;135;Serbia;Europe;1;Prevention of Mother-to-Child Transmission;2023;;needing_antiretrovirals;Nodata                  ;;;;good;prevention_of_mother_to_child_transmission_by_country_clean.csv;2025-06-30 12:28:07
405;135;Serbia;Europe;1;Prevention of Mother-to-Child Transmission;2023;;percentage_received;Nodata              ;;;;good;prevention_of_mother_to_child_transmission_by_country_clean.csv;2025-06-30 12:28:07
403;135;Serbia;Europe;1;Prevention of Mother-to-Child Transmission;2023;;received_antiretrovirals;No data                  ;;;;good;prevention_of_mother_to_child_transmission_by_country_clean.csv;2025-06-30 12:28:07
918;136;Sierra Leone;Africa;2;ART Coverage;2023;41.0;estimated_art_coverage_percent;;33.0;50.0;41.0;good;art_coverage_by_country_clean.csv;2025-06-30 12:28:07
917;136;Sierra Leone;Africa;2;ART Coverage;2023;70000.0;estimated_living_with_hiv;;56000.0;86000.0;70000.0;good;art_coverage_by_country_clean.csv;2025-06-30 12:28:07
916;136;Sierra Leone;Africa;2;ART Coverage;2023;28400.0;reported_receiving_art;;;;;good;art_coverage_by_country_clean.csv;2025-06-30 12:28:07
3298;136;Sierra Leone;Africa;6;ART Pediatric Coverage;2023;17.0;estimated_children_art_coverage_percent;;13.0;22.0;17.0;good;art_pediatric_coverage_by_country_clean.csv;2025-06-30 12:28:07
3297;136;Sierra Leone;Africa;6;ART Pediatric Coverage;2023;6600.0;estimated_children_needing_art;;5100.0;8500.0;6600.0;good;art_pediatric_coverage_by_country_clean.csv;2025-06-30 12:28:07
3296;136;Sierra Leone;Africa;6;ART Pediatric Coverage;2023;1100.0;reported_children_receiving_art;;;;;good;art_pediatric_coverage_by_country_clean.csv;2025-06-30 12:28:07
2856;136;Sierra Leone;Africa;5;HIV Cases Adults 15-49;2000;1.5;count;;1.2;1.9;1.5;good;no_of_cases_adults_15_to_49_by_country_clean.csv;2025-06-30 12:28:07
2686;136;Sierra Leone;Africa;5;HIV Cases Adults 15-49;2005;1.5;count;;1.3;1.9;1.5;good;no_of_cases_adults_15_to_49_by_country_clean.csv;2025-06-30 12:28:07
2516;136;Sierra Leone;Africa;5;HIV Cases Adults 15-49;2010;1.5;count;;1.2;1.9;1.5;good;no_of_cases_adults_15_to_49_by_country_clean.csv;2025-06-30 12:28:07
2346;136;Sierra Leone;Africa;5;HIV Cases Adults 15-49;2018;1.5;count;;1.2;1.9;1.5;good;no_of_cases_adults_15_to_49_by_country_clean.csv;2025-06-30 12:28:07
2176;136;Sierra Leone;Africa;4;HIV-related Deaths;2000;2400.0;count;;1600.0;3300.0;2400.0;good;no_of_deaths_by_country_clean.csv;2025-06-30 12:28:07
2006;136;Sierra Leone;Africa;4;HIV-related Deaths;2010;2900.0;count;;2400.0;3600.0;2900.0;good;no_of_deaths_by_country_clean.csv;2025-06-30 12:28:07
1836;136;Sierra Leone;Africa;4;HIV-related Deaths;2018;2100.0;count;;1600.0;2800.0;2100.0;good;no_of_deaths_by_country_clean.csv;2025-06-30 12:28:07
1666;136;Sierra Leone;Africa;3;People Living with HIV;2000;40000.0;count;;31000.0;50000.0;40000.0;good;no_of_people_living_with_hiv_by_country_clean.csv;2025-06-30 12:28:07
1496;136;Sierra Leone;Africa;3;People Living with HIV;2005;51000.0;count;;42000.0;61000.0;51000.0;good;no_of_people_living_with_hiv_by_country_clean.csv;2025-06-30 12:28:07
1326;136;Sierra Leone;Africa;3;People Living with HIV;2010;58000.0;count;;48000.0;70000.0;58000.0;good;no_of_people_living_with_hiv_by_country_clean.csv;2025-06-30 12:28:07
1156;136;Sierra Leone;Africa;3;People Living with HIV;2018;70000.0;count;;56000.0;86000.0;70000.0;good;no_of_people_living_with_hiv_by_country_clean.csv;2025-06-30 12:28:07
407;136;Sierra Leone;Africa;1;Prevention of Mother-to-Child Transmission;2023;;needing_antiretrovirals;Nodata                  ;;;;good;prevention_of_mother_to_child_transmission_by_country_clean.csv;2025-06-30 12:28:07
408;136;Sierra Leone;Africa;1;Prevention of Mother-to-Child Transmission;2023;;percentage_received;Nodata              ;;;;good;prevention_of_mother_to_child_transmission_by_country_clean.csv;2025-06-30 12:28:07
406;136;Sierra Leone;Africa;1;Prevention of Mother-to-Child Transmission;2023;4400.0;received_antiretrovirals;;;;;good;prevention_of_mother_to_child_transmission_by_country_clean.csv;2025-06-30 12:28:07
921;137;Singapore;Western Pacific;2;ART Coverage;2023;78.0;estimated_art_coverage_percent;;71.0;86.0;78.0;good;art_coverage_by_country_clean.csv;2025-06-30 12:28:07
920;137;Singapore;Western Pacific;2;ART Coverage;2023;7900.0;estimated_living_with_hiv;;7200.0;8700.0;7900.0;good;art_coverage_by_country_clean.csv;2025-06-30 12:28:07
919;137;Singapore;Western Pacific;2;ART Coverage;2023;6200.0;reported_receiving_art;;;;;good;art_coverage_by_country_clean.csv;2025-06-30 12:28:07
3301;137;Singapore;Western Pacific;6;ART Pediatric Coverage;2023;;estimated_children_art_coverage_percent;Nodata                                    ;;;;good;art_pediatric_coverage_by_country_clean.csv;2025-06-30 12:28:07
3300;137;Singapore;Western Pacific;6;ART Pediatric Coverage;2023;;estimated_children_needing_art;Nodata                                                        ;;;;good;art_pediatric_coverage_by_country_clean.csv;2025-06-30 12:28:07
3299;137;Singapore;Western Pacific;6;ART Pediatric Coverage;2023;;reported_children_receiving_art;No data                                   ;;;;good;art_pediatric_coverage_by_country_clean.csv;2025-06-30 12:28:07
2857;137;Singapore;Western Pacific;5;HIV Cases Adults 15-49;2000;0.1;count;;0.1;0.2;0.1;good;no_of_cases_adults_15_to_49_by_country_clean.csv;2025-06-30 12:28:07
2687;137;Singapore;Western Pacific;5;HIV Cases Adults 15-49;2005;0.2;count;;0.1;0.2;0.2;good;no_of_cases_adults_15_to_49_by_country_clean.csv;2025-06-30 12:28:07
2517;137;Singapore;Western Pacific;5;HIV Cases Adults 15-49;2010;0.3;count;;0.2;0.3;0.3;good;no_of_cases_adults_15_to_49_by_country_clean.csv;2025-06-30 12:28:07
2347;137;Singapore;Western Pacific;5;HIV Cases Adults 15-49;2018;0.2;count;;0.2;0.3;0.2;good;no_of_cases_adults_15_to_49_by_country_clean.csv;2025-06-30 12:28:07
2177;137;Singapore;Western Pacific;4;HIV-related Deaths;2000;;count;na                    ;;;;good;no_of_deaths_by_country_clean.csv;2025-06-30 12:28:07
2007;137;Singapore;Western Pacific;4;HIV-related Deaths;2010;100.0;count;;100.0;200.0;100.0;good;no_of_deaths_by_country_clean.csv;2025-06-30 12:28:07
1837;137;Singapore;Western Pacific;4;HIV-related Deaths;2018;100.0;count;;100.0;100.0;100.0;good;no_of_deaths_by_country_clean.csv;2025-06-30 12:28:07
1667;137;Singapore;Western Pacific;3;People Living with HIV;2000;2900.0;count;;2600.0;3300.0;2900.0;good;no_of_people_living_with_hiv_by_country_clean.csv;2025-06-30 12:28:07
1497;137;Singapore;Western Pacific;3;People Living with HIV;2005;4100.0;count;;3500.0;4700.0;4100.0;good;no_of_people_living_with_hiv_by_country_clean.csv;2025-06-30 12:28:07
1327;137;Singapore;Western Pacific;3;People Living with HIV;2010;6500.0;count;;5700.0;7300.0;6500.0;good;no_of_people_living_with_hiv_by_country_clean.csv;2025-06-30 12:28:07
1157;137;Singapore;Western Pacific;3;People Living with HIV;2018;7900.0;count;;7200.0;8700.0;7900.0;good;no_of_people_living_with_hiv_by_country_clean.csv;2025-06-30 12:28:07
410;137;Singapore;Western Pacific;1;Prevention of Mother-to-Child Transmission;2023;;needing_antiretrovirals;Nodata                  ;;;;good;prevention_of_mother_to_child_transmission_by_country_clean.csv;2025-06-30 12:28:07
411;137;Singapore;Western Pacific;1;Prevention of Mother-to-Child Transmission;2023;;percentage_received;Nodata              ;;;;good;prevention_of_mother_to_child_transmission_by_country_clean.csv;2025-06-30 12:28:07
409;137;Singapore;Western Pacific;1;Prevention of Mother-to-Child Transmission;2023;20.0;received_antiretrovirals;;;;;good;prevention_of_mother_to_child_transmission_by_country_clean.csv;2025-06-30 12:28:07
924;138;Slovakia;Europe;2;ART Coverage;2023;54.0;estimated_art_coverage_percent;;40.0;85.0;54.0;good;art_coverage_by_country_clean.csv;2025-06-30 12:28:07
923;138;Slovakia;Europe;2;ART Coverage;2023;1200.0;estimated_living_with_hiv;;910.0;1900.0;1200.0;good;art_coverage_by_country_clean.csv;2025-06-30 12:28:07
922;138;Slovakia;Europe;2;ART Coverage;2023;650.0;reported_receiving_art;;;;;good;art_coverage_by_country_clean.csv;2025-06-30 12:28:07
3304;138;Slovakia;Europe;6;ART Pediatric Coverage;2023;;estimated_children_art_coverage_percent;Nodata                                    ;;;;good;art_pediatric_coverage_by_country_clean.csv;2025-06-30 12:28:07
3303;138;Slovakia;Europe;6;ART Pediatric Coverage;2023;;estimated_children_needing_art;Nodata                                                        ;;;;good;art_pediatric_coverage_by_country_clean.csv;2025-06-30 12:28:07
3302;138;Slovakia;Europe;6;ART Pediatric Coverage;2023;;reported_children_receiving_art;No data                                   ;;;;good;art_pediatric_coverage_by_country_clean.csv;2025-06-30 12:28:07
2858;138;Slovakia;Europe;5;HIV Cases Adults 15-49;2000;0.1;count;;0.1;0.1;0.1;good;no_of_cases_adults_15_to_49_by_country_clean.csv;2025-06-30 12:28:07
2688;138;Slovakia;Europe;5;HIV Cases Adults 15-49;2005;0.1;count;;0.1;0.1;0.1;good;no_of_cases_adults_15_to_49_by_country_clean.csv;2025-06-30 12:28:07
2518;138;Slovakia;Europe;5;HIV Cases Adults 15-49;2010;0.1;count;;0.1;0.1;0.1;good;no_of_cases_adults_15_to_49_by_country_clean.csv;2025-06-30 12:28:07
2348;138;Slovakia;Europe;5;HIV Cases Adults 15-49;2018;0.1;count;;0.1;0.1;0.1;good;no_of_cases_adults_15_to_49_by_country_clean.csv;2025-06-30 12:28:07
2178;138;Slovakia;Europe;4;HIV-related Deaths;2000;100.0;count;;100.0;100.0;100.0;good;no_of_deaths_by_country_clean.csv;2025-06-30 12:28:07
2008;138;Slovakia;Europe;4;HIV-related Deaths;2010;100.0;count;;100.0;100.0;100.0;good;no_of_deaths_by_country_clean.csv;2025-06-30 12:28:07
1838;138;Slovakia;Europe;4;HIV-related Deaths;2018;100.0;count;;100.0;100.0;100.0;good;no_of_deaths_by_country_clean.csv;2025-06-30 12:28:07
1668;138;Slovakia;Europe;3;People Living with HIV;2000;200.0;count;;100.0;200.0;200.0;good;no_of_people_living_with_hiv_by_country_clean.csv;2025-06-30 12:28:07
1498;138;Slovakia;Europe;3;People Living with HIV;2005;500.0;count;;200.0;500.0;500.0;good;no_of_people_living_with_hiv_by_country_clean.csv;2025-06-30 12:28:07
1328;138;Slovakia;Europe;3;People Living with HIV;2010;500.0;count;;500.0;730.0;500.0;good;no_of_people_living_with_hiv_by_country_clean.csv;2025-06-30 12:28:07
1158;138;Slovakia;Europe;3;People Living with HIV;2018;1200.0;count;;910.0;1900.0;1200.0;good;no_of_people_living_with_hiv_by_country_clean.csv;2025-06-30 12:28:07
413;138;Slovakia;Europe;1;Prevention of Mother-to-Child Transmission;2023;;needing_antiretrovirals;Nodata                  ;;;;good;prevention_of_mother_to_child_transmission_by_country_clean.csv;2025-06-30 12:28:07
414;138;Slovakia;Europe;1;Prevention of Mother-to-Child Transmission;2023;;percentage_received;Nodata              ;;;;good;prevention_of_mother_to_child_transmission_by_country_clean.csv;2025-06-30 12:28:07
412;138;Slovakia;Europe;1;Prevention of Mother-to-Child Transmission;2023;;received_antiretrovirals;No data                  ;;;;good;prevention_of_mother_to_child_transmission_by_country_clean.csv;2025-06-30 12:28:07
927;139;Slovenia;Europe;2;ART Coverage;2023;;estimated_art_coverage_percent;Nodata                                                  ;;;;good;art_coverage_by_country_clean.csv;2025-06-30 12:28:07
926;139;Slovenia;Europe;2;ART Coverage;2023;;estimated_living_with_hiv;Nodata                                     ;;;;good;art_coverage_by_country_clean.csv;2025-06-30 12:28:07
925;139;Slovenia;Europe;2;ART Coverage;2023;;reported_receiving_art;Nodata                                  ;;;;good;art_coverage_by_country_clean.csv;2025-06-30 12:28:07
3307;139;Slovenia;Europe;6;ART Pediatric Coverage;2023;;estimated_children_art_coverage_percent;                                          ;;;;good;art_pediatric_coverage_by_country_clean.csv;2025-06-30 12:28:07
3306;139;Slovenia;Europe;6;ART Pediatric Coverage;2023;;estimated_children_needing_art;Nodata                                                        ;;;;good;art_pediatric_coverage_by_country_clean.csv;2025-06-30 12:28:07
3305;139;Slovenia;Europe;6;ART Pediatric Coverage;2023;;reported_children_receiving_art;No data                                   ;;;;good;art_pediatric_coverage_by_country_clean.csv;2025-06-30 12:28:07
2859;139;Slovenia;Europe;5;HIV Cases Adults 15-49;2000;0.1;count;;0.1;0.1;0.1;good;no_of_cases_adults_15_to_49_by_country_clean.csv;2025-06-30 12:28:07
2689;139;Slovenia;Europe;5;HIV Cases Adults 15-49;2005;0.1;count;;0.1;0.1;0.1;good;no_of_cases_adults_15_to_49_by_country_clean.csv;2025-06-30 12:28:07
2519;139;Slovenia;Europe;5;HIV Cases Adults 15-49;2010;0.1;count;;0.1;0.1;0.1;good;no_of_cases_adults_15_to_49_by_country_clean.csv;2025-06-30 12:28:07
2349;139;Slovenia;Europe;5;HIV Cases Adults 15-49;2018;0.1;count;;0.1;0.1;0.1;good;no_of_cases_adults_15_to_49_by_country_clean.csv;2025-06-30 12:28:07
2179;139;Slovenia;Europe;4;HIV-related Deaths;2000;100.0;count;;100.0;100.0;100.0;good;no_of_deaths_by_country_clean.csv;2025-06-30 12:28:07
2009;139;Slovenia;Europe;4;HIV-related Deaths;2010;100.0;count;;100.0;100.0;100.0;good;no_of_deaths_by_country_clean.csv;2025-06-30 12:28:07
1839;139;Slovenia;Europe;4;HIV-related Deaths;2018;100.0;count;;100.0;100.0;100.0;good;no_of_deaths_by_country_clean.csv;2025-06-30 12:28:07
1669;139;Slovenia;Europe;3;People Living with HIV;2000;;count;na                       ;;;;good;no_of_people_living_with_hiv_by_country_clean.csv;2025-06-30 12:28:07
1499;139;Slovenia;Europe;3;People Living with HIV;2005;;count;na                       ;;;;good;no_of_people_living_with_hiv_by_country_clean.csv;2025-06-30 12:28:07
1329;139;Slovenia;Europe;3;People Living with HIV;2010;;count;na                       ;;;;good;no_of_people_living_with_hiv_by_country_clean.csv;2025-06-30 12:28:07
1159;139;Slovenia;Europe;3;People Living with HIV;2018;;count;na                       ;;;;good;no_of_people_living_with_hiv_by_country_clean.csv;2025-06-30 12:28:07
416;139;Slovenia;Europe;1;Prevention of Mother-to-Child Transmission;2023;;needing_antiretrovirals;Nodata                  ;;;;good;prevention_of_mother_to_child_transmission_by_country_clean.csv;2025-06-30 12:28:07
417;139;Slovenia;Europe;1;Prevention of Mother-to-Child Transmission;2023;;percentage_received;Nodata              ;;;;good;prevention_of_mother_to_child_transmission_by_country_clean.csv;2025-06-30 12:28:07
415;139;Slovenia;Europe;1;Prevention of Mother-to-Child Transmission;2023;;received_antiretrovirals;No data                  ;;;;good;prevention_of_mother_to_child_transmission_by_country_clean.csv;2025-06-30 12:28:07
930;140;Somalia;Eastern Mediterranean;2;ART Coverage;2023;30.0;estimated_art_coverage_percent;;23.0;41.0;30.0;good;art_coverage_by_country_clean.csv;2025-06-30 12:28:07
929;140;Somalia;Eastern Mediterranean;2;ART Coverage;2023;11000.0;estimated_living_with_hiv;;8400.0;15000.0;11000.0;good;art_coverage_by_country_clean.csv;2025-06-30 12:28:07
928;140;Somalia;Eastern Mediterranean;2;ART Coverage;2023;3300.0;reported_receiving_art;;;;;good;art_coverage_by_country_clean.csv;2025-06-30 12:28:07
3310;140;Somalia;Eastern Mediterranean;6;ART Pediatric Coverage;2023;14.0;estimated_children_art_coverage_percent;;12.0;19.0;14.0;good;art_pediatric_coverage_by_country_clean.csv;2025-06-30 12:28:07
3309;140;Somalia;Eastern Mediterranean;6;ART Pediatric Coverage;2023;1300.0;estimated_children_needing_art;;1100.0;1800.0;1300.0;good;art_pediatric_coverage_by_country_clean.csv;2025-06-30 12:28:07
3308;140;Somalia;Eastern Mediterranean;6;ART Pediatric Coverage;2023;190.0;reported_children_receiving_art;;;;;good;art_pediatric_coverage_by_country_clean.csv;2025-06-30 12:28:07
2860;140;Somalia;Eastern Mediterranean;5;HIV Cases Adults 15-49;2000;0.4;count;;0.3;0.4;0.4;good;no_of_cases_adults_15_to_49_by_country_clean.csv;2025-06-30 12:28:07
2690;140;Somalia;Eastern Mediterranean;5;HIV Cases Adults 15-49;2005;0.4;count;;0.3;0.4;0.4;good;no_of_cases_adults_15_to_49_by_country_clean.csv;2025-06-30 12:28:07
2520;140;Somalia;Eastern Mediterranean;5;HIV Cases Adults 15-49;2010;0.3;count;;0.2;0.3;0.3;good;no_of_cases_adults_15_to_49_by_country_clean.csv;2025-06-30 12:28:07
2350;140;Somalia;Eastern Mediterranean;5;HIV Cases Adults 15-49;2018;0.1;count;;0.1;0.2;0.1;good;no_of_cases_adults_15_to_49_by_country_clean.csv;2025-06-30 12:28:07
2180;140;Somalia;Eastern Mediterranean;4;HIV-related Deaths;2000;810.0;count;;560.0;1100.0;810.0;good;no_of_deaths_by_country_clean.csv;2025-06-30 12:28:07
2010;140;Somalia;Eastern Mediterranean;4;HIV-related Deaths;2010;1400.0;count;;1200.0;1700.0;1400.0;good;no_of_deaths_by_country_clean.csv;2025-06-30 12:28:07
1840;140;Somalia;Eastern Mediterranean;4;HIV-related Deaths;2018;710.0;count;;530.0;1000.0;710.0;good;no_of_deaths_by_country_clean.csv;2025-06-30 12:28:07
1670;140;Somalia;Eastern Mediterranean;3;People Living with HIV;2000;16000.0;count;;14000.0;20000.0;16000.0;good;no_of_people_living_with_hiv_by_country_clean.csv;2025-06-30 12:28:07
1500;140;Somalia;Eastern Mediterranean;3;People Living with HIV;2005;20000.0;count;;18000.0;23000.0;20000.0;good;no_of_people_living_with_hiv_by_country_clean.csv;2025-06-30 12:28:07
1330;140;Somalia;Eastern Mediterranean;3;People Living with HIV;2010;17000.0;count;;15000.0;20000.0;17000.0;good;no_of_people_living_with_hiv_by_country_clean.csv;2025-06-30 12:28:07
1160;140;Somalia;Eastern Mediterranean;3;People Living with HIV;2018;11000.0;count;;8400.0;15000.0;11000.0;good;no_of_people_living_with_hiv_by_country_clean.csv;2025-06-30 12:28:07
419;140;Somalia;Eastern Mediterranean;1;Prevention of Mother-to-Child Transmission;2023;500.0;needing_antiretrovirals;;500.0;730.0;500.0;good;prevention_of_mother_to_child_transmission_by_country_clean.csv;2025-06-30 12:28:07
420;140;Somalia;Eastern Mediterranean;1;Prevention of Mother-to-Child Transmission;2023;19.0;percentage_received;;14.0;31.0;19.0;good;prevention_of_mother_to_child_transmission_by_country_clean.csv;2025-06-30 12:28:07
418;140;Somalia;Eastern Mediterranean;1;Prevention of Mother-to-Child Transmission;2023;90.0;received_antiretrovirals;;;;;good;prevention_of_mother_to_child_transmission_by_country_clean.csv;2025-06-30 12:28:07
933;141;South Africa;Africa;2;ART Coverage;2023;62.0;estimated_art_coverage_percent;;57.0;66.0;62.0;good;art_coverage_by_country_clean.csv;2025-06-30 12:28:07
932;141;South Africa;Africa;2;ART Coverage;2023;7700000.0;estimated_living_with_hiv;;7100000.0;8300000.0;7700000.0;good;art_coverage_by_country_clean.csv;2025-06-30 12:28:07
931;141;South Africa;Africa;2;ART Coverage;2023;4788000.0;reported_receiving_art;;;;;good;art_coverage_by_country_clean.csv;2025-06-30 12:28:07
3313;141;South Africa;Africa;6;ART Pediatric Coverage;2023;63.0;estimated_children_art_coverage_percent;;49.0;87.0;63.0;good;art_pediatric_coverage_by_country_clean.csv;2025-06-30 12:28:07
3312;141;South Africa;Africa;6;ART Pediatric Coverage;2023;260000.0;estimated_children_needing_art;;200000.0;360000.0;260000.0;good;art_pediatric_coverage_by_country_clean.csv;2025-06-30 12:28:07
3311;141;South Africa;Africa;6;ART Pediatric Coverage;2023;163000.0;reported_children_receiving_art;;;;;good;art_pediatric_coverage_by_country_clean.csv;2025-06-30 12:28:07
2861;141;South Africa;Africa;5;HIV Cases Adults 15-49;2000;12.6;count;;10.7;13.9;12.6;good;no_of_cases_adults_15_to_49_by_country_clean.csv;2025-06-30 12:28:07
2691;141;South Africa;Africa;5;HIV Cases Adults 15-49;2005;16.8;count;;15.0;18.4;16.8;good;no_of_cases_adults_15_to_49_by_country_clean.csv;2025-06-30 12:28:07
2521;141;South Africa;Africa;5;HIV Cases Adults 15-49;2010;18.9;count;;16.8;20.7;18.9;good;no_of_cases_adults_15_to_49_by_country_clean.csv;2025-06-30 12:28:07
2351;141;South Africa;Africa;5;HIV Cases Adults 15-49;2018;20.4;count;;17.4;22.5;20.4;good;no_of_cases_adults_15_to_49_by_country_clean.csv;2025-06-30 12:28:07
2181;141;South Africa;Africa;4;HIV-related Deaths;2000;100000.0;count;;68000.0;140000.0;100000.0;good;no_of_deaths_by_country_clean.csv;2025-06-30 12:28:07
2011;141;South Africa;Africa;4;HIV-related Deaths;2010;140000.0;count;;110000.0;170000.0;140000.0;good;no_of_deaths_by_country_clean.csv;2025-06-30 12:28:07
1841;141;South Africa;Africa;4;HIV-related Deaths;2018;71000.0;count;;52000.0;91000.0;71000.0;good;no_of_deaths_by_country_clean.csv;2025-06-30 12:28:07
1671;141;South Africa;Africa;3;People Living with HIV;2000;3300000.0;count;;2900000.0;3700000.0;3300000.0;good;no_of_people_living_with_hiv_by_country_clean.csv;2025-06-30 12:28:07
1501;141;South Africa;Africa;3;People Living with HIV;2005;5000000.0;count;;4400000.0;5400000.0;5000000.0;good;no_of_people_living_with_hiv_by_country_clean.csv;2025-06-30 12:28:07
1331;141;South Africa;Africa;3;People Living with HIV;2010;6100000.0;count;;5500000.0;6600000.0;6100000.0;good;no_of_people_living_with_hiv_by_country_clean.csv;2025-06-30 12:28:07
1161;141;South Africa;Africa;3;People Living with HIV;2018;7700000.0;count;;7100000.0;8300000.0;7700000.0;good;no_of_people_living_with_hiv_by_country_clean.csv;2025-06-30 12:28:07
422;141;South Africa;Africa;1;Prevention of Mother-to-Child Transmission;2023;290000.0;needing_antiretrovirals;;210000.0;350000.0;290000.0;good;prevention_of_mother_to_child_transmission_by_country_clean.csv;2025-06-30 12:28:07
423;141;South Africa;Africa;1;Prevention of Mother-to-Child Transmission;2023;87.0;percentage_received;;63.0;95.0;87.0;good;prevention_of_mother_to_child_transmission_by_country_clean.csv;2025-06-30 12:28:07
421;141;South Africa;Africa;1;Prevention of Mother-to-Child Transmission;2023;248000.0;received_antiretrovirals;;;;;good;prevention_of_mother_to_child_transmission_by_country_clean.csv;2025-06-30 12:28:07
891;127;South Korea;Western Pacific;2;ART Coverage;2023;;estimated_art_coverage_percent;Nodata                                                  ;;;;good;art_coverage_by_country_clean.csv;2025-06-30 12:28:07
890;127;South Korea;Western Pacific;2;ART Coverage;2023;;estimated_living_with_hiv;Nodata                                     ;;;;good;art_coverage_by_country_clean.csv;2025-06-30 12:28:07
889;127;South Korea;Western Pacific;2;ART Coverage;2023;;reported_receiving_art;Nodata                                  ;;;;good;art_coverage_by_country_clean.csv;2025-06-30 12:28:07
3271;127;South Korea;Western Pacific;6;ART Pediatric Coverage;2023;;estimated_children_art_coverage_percent;Nodata                                    ;;;;good;art_pediatric_coverage_by_country_clean.csv;2025-06-30 12:28:07
3270;127;South Korea;Western Pacific;6;ART Pediatric Coverage;2023;;estimated_children_needing_art;Nodata                                                        ;;;;good;art_pediatric_coverage_by_country_clean.csv;2025-06-30 12:28:07
3269;127;South Korea;Western Pacific;6;ART Pediatric Coverage;2023;;reported_children_receiving_art;No data                                   ;;;;good;art_pediatric_coverage_by_country_clean.csv;2025-06-30 12:28:07
2847;127;South Korea;Western Pacific;5;HIV Cases Adults 15-49;2000;;count;na              ;;;;good;no_of_cases_adults_15_to_49_by_country_clean.csv;2025-06-30 12:28:07
2677;127;South Korea;Western Pacific;5;HIV Cases Adults 15-49;2005;;count;na              ;;;;good;no_of_cases_adults_15_to_49_by_country_clean.csv;2025-06-30 12:28:07
2507;127;South Korea;Western Pacific;5;HIV Cases Adults 15-49;2010;;count;na              ;;;;good;no_of_cases_adults_15_to_49_by_country_clean.csv;2025-06-30 12:28:07
2337;127;South Korea;Western Pacific;5;HIV Cases Adults 15-49;2018;;count;na              ;;;;good;no_of_cases_adults_15_to_49_by_country_clean.csv;2025-06-30 12:28:07
2167;127;South Korea;Western Pacific;4;HIV-related Deaths;2000;;count;na                    ;;;;good;no_of_deaths_by_country_clean.csv;2025-06-30 12:28:07
1997;127;South Korea;Western Pacific;4;HIV-related Deaths;2010;;count;na                    ;;;;good;no_of_deaths_by_country_clean.csv;2025-06-30 12:28:07
1827;127;South Korea;Western Pacific;4;HIV-related Deaths;2018;;count;na                    ;;;;good;no_of_deaths_by_country_clean.csv;2025-06-30 12:28:07
1657;127;South Korea;Western Pacific;3;People Living with HIV;2000;;count;na                       ;;;;good;no_of_people_living_with_hiv_by_country_clean.csv;2025-06-30 12:28:07
1487;127;South Korea;Western Pacific;3;People Living with HIV;2005;;count;na                       ;;;;good;no_of_people_living_with_hiv_by_country_clean.csv;2025-06-30 12:28:07
1317;127;South Korea;Western Pacific;3;People Living with HIV;2010;;count;na                       ;;;;good;no_of_people_living_with_hiv_by_country_clean.csv;2025-06-30 12:28:07
1147;127;South Korea;Western Pacific;3;People Living with HIV;2018;;count;na                       ;;;;good;no_of_people_living_with_hiv_by_country_clean.csv;2025-06-30 12:28:07
380;127;South Korea;Western Pacific;1;Prevention of Mother-to-Child Transmission;2023;;needing_antiretrovirals;Nodata                  ;;;;good;prevention_of_mother_to_child_transmission_by_country_clean.csv;2025-06-30 12:28:07
381;127;South Korea;Western Pacific;1;Prevention of Mother-to-Child Transmission;2023;;percentage_received;Nodata              ;;;;good;prevention_of_mother_to_child_transmission_by_country_clean.csv;2025-06-30 12:28:07
379;127;South Korea;Western Pacific;1;Prevention of Mother-to-Child Transmission;2023;;received_antiretrovirals;No data                  ;;;;good;prevention_of_mother_to_child_transmission_by_country_clean.csv;2025-06-30 12:28:07
936;142;South Sudan;Africa;2;ART Coverage;2023;16.0;estimated_art_coverage_percent;;12.0;20.0;16.0;good;art_coverage_by_country_clean.csv;2025-06-30 12:28:07
935;142;South Sudan;Africa;2;ART Coverage;2023;190000.0;estimated_living_with_hiv;;140000.0;240000.0;190000.0;good;art_coverage_by_country_clean.csv;2025-06-30 12:28:07
934;142;South Sudan;Africa;2;ART Coverage;2023;30700.0;reported_receiving_art;;;;;good;art_coverage_by_country_clean.csv;2025-06-30 12:28:07
3316;142;South Sudan;Africa;6;ART Pediatric Coverage;2023;9.0;estimated_children_art_coverage_percent;;7.0;12.0;9.0;good;art_pediatric_coverage_by_country_clean.csv;2025-06-30 12:28:07
3315;142;South Sudan;Africa;6;ART Pediatric Coverage;2023;16000.0;estimated_children_needing_art;;12000.0;21000.0;16000.0;good;art_pediatric_coverage_by_country_clean.csv;2025-06-30 12:28:07
3314;142;South Sudan;Africa;6;ART Pediatric Coverage;2023;1500.0;reported_children_receiving_art;;;;;good;art_pediatric_coverage_by_country_clean.csv;2025-06-30 12:28:07
2862;142;South Sudan;Africa;5;HIV Cases Adults 15-49;2000;2.5;count;;1.5;3.2;2.5;good;no_of_cases_adults_15_to_49_by_country_clean.csv;2025-06-30 12:28:07
2692;142;South Sudan;Africa;5;HIV Cases Adults 15-49;2005;2.5;count;;2.0;3.2;2.5;good;no_of_cases_adults_15_to_49_by_country_clean.csv;2025-06-30 12:28:07
2522;142;South Sudan;Africa;5;HIV Cases Adults 15-49;2010;2.4;count;;1.9;3.0;2.4;good;no_of_cases_adults_15_to_49_by_country_clean.csv;2025-06-30 12:28:07
2352;142;South Sudan;Africa;5;HIV Cases Adults 15-49;2018;2.5;count;;1.9;3.1;2.5;good;no_of_cases_adults_15_to_49_by_country_clean.csv;2025-06-30 12:28:07
2182;142;South Sudan;Africa;4;HIV-related Deaths;2000;5100.0;count;;2600.0;7500.0;5100.0;good;no_of_deaths_by_country_clean.csv;2025-06-30 12:28:07
2012;142;South Sudan;Africa;4;HIV-related Deaths;2010;9800.0;count;;7300.0;13000.0;9800.0;good;no_of_deaths_by_country_clean.csv;2025-06-30 12:28:07
1842;142;South Sudan;Africa;4;HIV-related Deaths;2018;9900.0;count;;6900.0;13000.0;9900.0;good;no_of_deaths_by_country_clean.csv;2025-06-30 12:28:07
1672;142;South Sudan;Africa;3;People Living with HIV;2000;90000.0;count;;56000.0;120000.0;90000.0;good;no_of_people_living_with_hiv_by_country_clean.csv;2025-06-30 12:28:07
1502;142;South Sudan;Africa;3;People Living with HIV;2005;120000.0;count;;89000.0;150000.0;120000.0;good;no_of_people_living_with_hiv_by_country_clean.csv;2025-06-30 12:28:07
1332;142;South Sudan;Africa;3;People Living with HIV;2010;140000.0;count;;110000.0;170000.0;140000.0;good;no_of_people_living_with_hiv_by_country_clean.csv;2025-06-30 12:28:07
1162;142;South Sudan;Africa;3;People Living with HIV;2018;190000.0;count;;140000.0;240000.0;190000.0;good;no_of_people_living_with_hiv_by_country_clean.csv;2025-06-30 12:28:07
425;142;South Sudan;Africa;1;Prevention of Mother-to-Child Transmission;2023;9900.0;needing_antiretrovirals;;7200.0;13000.0;9900.0;good;prevention_of_mother_to_child_transmission_by_country_clean.csv;2025-06-30 12:28:07
426;142;South Sudan;Africa;1;Prevention of Mother-to-Child Transmission;2023;56.0;percentage_received;;41.0;74.0;56.0;good;prevention_of_mother_to_child_transmission_by_country_clean.csv;2025-06-30 12:28:07
424;142;South Sudan;Africa;1;Prevention of Mother-to-Child Transmission;2023;5500.0;received_antiretrovirals;;;;;good;prevention_of_mother_to_child_transmission_by_country_clean.csv;2025-06-30 12:28:07
939;143;Spain;Europe;2;ART Coverage;2023;84.0;estimated_art_coverage_percent;;73.0;94.0;84.0;good;art_coverage_by_country_clean.csv;2025-06-30 12:28:07
938;143;Spain;Europe;2;ART Coverage;2023;150000.0;estimated_living_with_hiv;;130000.0;170000.0;150000.0;good;art_coverage_by_country_clean.csv;2025-06-30 12:28:07
937;143;Spain;Europe;2;ART Coverage;2023;125000.0;reported_receiving_art;;;;;good;art_coverage_by_country_clean.csv;2025-06-30 12:28:07
3319;143;Spain;Europe;6;ART Pediatric Coverage;2023;;estimated_children_art_coverage_percent;Nodata                                    ;;;;good;art_pediatric_coverage_by_country_clean.csv;2025-06-30 12:28:07
3318;143;Spain;Europe;6;ART Pediatric Coverage;2023;100.0;estimated_children_needing_art;;100.0;200.0;100.0;good;art_pediatric_coverage_by_country_clean.csv;2025-06-30 12:28:07
3317;143;Spain;Europe;6;ART Pediatric Coverage;2023;;reported_children_receiving_art;No data                                   ;;;;good;art_pediatric_coverage_by_country_clean.csv;2025-06-30 12:28:07
2863;143;Spain;Europe;5;HIV Cases Adults 15-49;2000;0.4;count;;0.3;0.4;0.4;good;no_of_cases_adults_15_to_49_by_country_clean.csv;2025-06-30 12:28:07
2693;143;Spain;Europe;5;HIV Cases Adults 15-49;2005;0.4;count;;0.3;0.4;0.4;good;no_of_cases_adults_15_to_49_by_country_clean.csv;2025-06-30 12:28:07
2523;143;Spain;Europe;5;HIV Cases Adults 15-49;2010;0.4;count;;0.3;0.4;0.4;good;no_of_cases_adults_15_to_49_by_country_clean.csv;2025-06-30 12:28:07
2353;143;Spain;Europe;5;HIV Cases Adults 15-49;2018;0.3;count;;0.3;0.4;0.3;good;no_of_cases_adults_15_to_49_by_country_clean.csv;2025-06-30 12:28:07
2183;143;Spain;Europe;4;HIV-related Deaths;2000;1800.0;count;;1500.0;2300.0;1800.0;good;no_of_deaths_by_country_clean.csv;2025-06-30 12:28:07
2013;143;Spain;Europe;4;HIV-related Deaths;2010;1300.0;count;;1100.0;1700.0;1300.0;good;no_of_deaths_by_country_clean.csv;2025-06-30 12:28:07
1843;143;Spain;Europe;4;HIV-related Deaths;2018;;count;na                    ;;;;good;no_of_deaths_by_country_clean.csv;2025-06-30 12:28:07
1673;143;Spain;Europe;3;People Living with HIV;2000;92000.0;count;;78000.0;110000.0;92000.0;good;no_of_people_living_with_hiv_by_country_clean.csv;2025-06-30 12:28:07
1503;143;Spain;Europe;3;People Living with HIV;2005;120000.0;count;;100000.0;130000.0;120000.0;good;no_of_people_living_with_hiv_by_country_clean.csv;2025-06-30 12:28:07
1333;143;Spain;Europe;3;People Living with HIV;2010;140000.0;count;;120000.0;150000.0;140000.0;good;no_of_people_living_with_hiv_by_country_clean.csv;2025-06-30 12:28:07
1163;143;Spain;Europe;3;People Living with HIV;2018;150000.0;count;;130000.0;170000.0;150000.0;good;no_of_people_living_with_hiv_by_country_clean.csv;2025-06-30 12:28:07
428;143;Spain;Europe;1;Prevention of Mother-to-Child Transmission;2023;500.0;needing_antiretrovirals;;200.0;500.0;500.0;good;prevention_of_mother_to_child_transmission_by_country_clean.csv;2025-06-30 12:28:07
429;143;Spain;Europe;1;Prevention of Mother-to-Child Transmission;2023;;percentage_received;Nodata              ;;;;good;prevention_of_mother_to_child_transmission_by_country_clean.csv;2025-06-30 12:28:07
427;143;Spain;Europe;1;Prevention of Mother-to-Child Transmission;2023;;received_antiretrovirals;No data                  ;;;;good;prevention_of_mother_to_child_transmission_by_country_clean.csv;2025-06-30 12:28:07
942;144;Sri Lanka;South-East Asia;2;ART Coverage;2023;45.0;estimated_art_coverage_percent;;40.0;52.0;45.0;good;art_coverage_by_country_clean.csv;2025-06-30 12:28:07
941;144;Sri Lanka;South-East Asia;2;ART Coverage;2023;3500.0;estimated_living_with_hiv;;3100.0;4000.0;3500.0;good;art_coverage_by_country_clean.csv;2025-06-30 12:28:07
940;144;Sri Lanka;South-East Asia;2;ART Coverage;2023;1600.0;reported_receiving_art;;;;;good;art_coverage_by_country_clean.csv;2025-06-30 12:28:07
3322;144;Sri Lanka;South-East Asia;6;ART Pediatric Coverage;2023;;estimated_children_art_coverage_percent;Nodata                                    ;;;;good;art_pediatric_coverage_by_country_clean.csv;2025-06-30 12:28:07
3321;144;Sri Lanka;South-East Asia;6;ART Pediatric Coverage;2023;;estimated_children_needing_art;Nodata                                                        ;;;;good;art_pediatric_coverage_by_country_clean.csv;2025-06-30 12:28:07
3320;144;Sri Lanka;South-East Asia;6;ART Pediatric Coverage;2023;;reported_children_receiving_art;No data                                   ;;;;good;art_pediatric_coverage_by_country_clean.csv;2025-06-30 12:28:07
2864;144;Sri Lanka;South-East Asia;5;HIV Cases Adults 15-49;2000;0.1;count;;0.1;0.1;0.1;good;no_of_cases_adults_15_to_49_by_country_clean.csv;2025-06-30 12:28:07
2694;144;Sri Lanka;South-East Asia;5;HIV Cases Adults 15-49;2005;0.1;count;;0.1;0.1;0.1;good;no_of_cases_adults_15_to_49_by_country_clean.csv;2025-06-30 12:28:07
2524;144;Sri Lanka;South-East Asia;5;HIV Cases Adults 15-49;2010;0.1;count;;0.1;0.1;0.1;good;no_of_cases_adults_15_to_49_by_country_clean.csv;2025-06-30 12:28:07
2354;144;Sri Lanka;South-East Asia;5;HIV Cases Adults 15-49;2018;0.1;count;;0.1;0.1;0.1;good;no_of_cases_adults_15_to_49_by_country_clean.csv;2025-06-30 12:28:07
2184;144;Sri Lanka;South-East Asia;4;HIV-related Deaths;2000;100.0;count;;100.0;100.0;100.0;good;no_of_deaths_by_country_clean.csv;2025-06-30 12:28:07
2014;144;Sri Lanka;South-East Asia;4;HIV-related Deaths;2010;500.0;count;;200.0;500.0;500.0;good;no_of_deaths_by_country_clean.csv;2025-06-30 12:28:07
1844;144;Sri Lanka;South-East Asia;4;HIV-related Deaths;2018;200.0;count;;200.0;500.0;200.0;good;no_of_deaths_by_country_clean.csv;2025-06-30 12:28:07
1674;144;Sri Lanka;South-East Asia;3;People Living with HIV;2000;2200.0;count;;1900.0;2400.0;2200.0;good;no_of_people_living_with_hiv_by_country_clean.csv;2025-06-30 12:28:07
1504;144;Sri Lanka;South-East Asia;3;People Living with HIV;2005;3600.0;count;;3100.0;4100.0;3600.0;good;no_of_people_living_with_hiv_by_country_clean.csv;2025-06-30 12:28:07
1334;144;Sri Lanka;South-East Asia;3;People Living with HIV;2010;4000.0;count;;3400.0;4700.0;4000.0;good;no_of_people_living_with_hiv_by_country_clean.csv;2025-06-30 12:28:07
1164;144;Sri Lanka;South-East Asia;3;People Living with HIV;2018;3500.0;count;;3100.0;4000.0;3500.0;good;no_of_people_living_with_hiv_by_country_clean.csv;2025-06-30 12:28:07
431;144;Sri Lanka;South-East Asia;1;Prevention of Mother-to-Child Transmission;2023;;needing_antiretrovirals;Nodata                  ;;;;good;prevention_of_mother_to_child_transmission_by_country_clean.csv;2025-06-30 12:28:07
432;144;Sri Lanka;South-East Asia;1;Prevention of Mother-to-Child Transmission;2023;;percentage_received;Nodata              ;;;;good;prevention_of_mother_to_child_transmission_by_country_clean.csv;2025-06-30 12:28:07
430;144;Sri Lanka;South-East Asia;1;Prevention of Mother-to-Child Transmission;2023;20.0;received_antiretrovirals;;;;;good;prevention_of_mother_to_child_transmission_by_country_clean.csv;2025-06-30 12:28:07
945;145;Sudan;Eastern Mediterranean;2;ART Coverage;2023;15.0;estimated_art_coverage_percent;;7.0;28.0;15.0;good;art_coverage_by_country_clean.csv;2025-06-30 12:28:07
944;145;Sudan;Eastern Mediterranean;2;ART Coverage;2023;59000.0;estimated_living_with_hiv;;26000.0;110000.0;59000.0;good;art_coverage_by_country_clean.csv;2025-06-30 12:28:07
943;145;Sudan;Eastern Mediterranean;2;ART Coverage;2023;9000.0;reported_receiving_art;;;;;good;art_coverage_by_country_clean.csv;2025-06-30 12:28:07
3325;145;Sudan;Eastern Mediterranean;6;ART Pediatric Coverage;2023;15.0;estimated_children_art_coverage_percent;;8.0;23.0;15.0;good;art_pediatric_coverage_by_country_clean.csv;2025-06-30 12:28:07
3324;145;Sudan;Eastern Mediterranean;6;ART Pediatric Coverage;2023;4200.0;estimated_children_needing_art;;2400.0;6800.0;4200.0;good;art_pediatric_coverage_by_country_clean.csv;2025-06-30 12:28:07
3323;145;Sudan;Eastern Mediterranean;6;ART Pediatric Coverage;2023;620.0;reported_children_receiving_art;;;;;good;art_pediatric_coverage_by_country_clean.csv;2025-06-30 12:28:07
2865;145;Sudan;Eastern Mediterranean;5;HIV Cases Adults 15-49;2000;0.1;count;;0.1;0.2;0.1;good;no_of_cases_adults_15_to_49_by_country_clean.csv;2025-06-30 12:28:07
2695;145;Sudan;Eastern Mediterranean;5;HIV Cases Adults 15-49;2005;0.2;count;;0.1;0.2;0.2;good;no_of_cases_adults_15_to_49_by_country_clean.csv;2025-06-30 12:28:07
2525;145;Sudan;Eastern Mediterranean;5;HIV Cases Adults 15-49;2010;0.2;count;;0.2;0.3;0.2;good;no_of_cases_adults_15_to_49_by_country_clean.csv;2025-06-30 12:28:07
2355;145;Sudan;Eastern Mediterranean;5;HIV Cases Adults 15-49;2018;0.2;count;;0.1;0.5;0.2;good;no_of_cases_adults_15_to_49_by_country_clean.csv;2025-06-30 12:28:07
2185;145;Sudan;Eastern Mediterranean;4;HIV-related Deaths;2000;650.0;count;;500.0;1700.0;650.0;good;no_of_deaths_by_country_clean.csv;2025-06-30 12:28:07
2015;145;Sudan;Eastern Mediterranean;4;HIV-related Deaths;2010;1900.0;count;;1300.0;2600.0;1900.0;good;no_of_deaths_by_country_clean.csv;2025-06-30 12:28:07
1845;145;Sudan;Eastern Mediterranean;4;HIV-related Deaths;2018;2900.0;count;;1400.0;5200.0;2900.0;good;no_of_deaths_by_country_clean.csv;2025-06-30 12:28:07
1675;145;Sudan;Eastern Mediterranean;3;People Living with HIV;2000;15000.0;count;;7500.0;29000.0;15000.0;good;no_of_people_living_with_hiv_by_country_clean.csv;2025-06-30 12:28:07
1505;145;Sudan;Eastern Mediterranean;3;People Living with HIV;2005;29000.0;count;;20000.0;40000.0;29000.0;good;no_of_people_living_with_hiv_by_country_clean.csv;2025-06-30 12:28:07
1335;145;Sudan;Eastern Mediterranean;3;People Living with HIV;2010;43000.0;count;;36000.0;51000.0;43000.0;good;no_of_people_living_with_hiv_by_country_clean.csv;2025-06-30 12:28:07
1165;145;Sudan;Eastern Mediterranean;3;People Living with HIV;2018;59000.0;count;;26000.0;110000.0;59000.0;good;no_of_people_living_with_hiv_by_country_clean.csv;2025-06-30 12:28:07
434;145;Sudan;Eastern Mediterranean;1;Prevention of Mother-to-Child Transmission;2023;2000.0;needing_antiretrovirals;;760.0;3700.0;2000.0;good;prevention_of_mother_to_child_transmission_by_country_clean.csv;2025-06-30 12:28:07
435;145;Sudan;Eastern Mediterranean;1;Prevention of Mother-to-Child Transmission;2023;5.0;percentage_received;;2.0;9.0;5.0;good;prevention_of_mother_to_child_transmission_by_country_clean.csv;2025-06-30 12:28:07
433;145;Sudan;Eastern Mediterranean;1;Prevention of Mother-to-Child Transmission;2023;100.0;received_antiretrovirals;;;;;good;prevention_of_mother_to_child_transmission_by_country_clean.csv;2025-06-30 12:28:07
948;146;Suriname;Americas;2;ART Coverage;2023;52.0;estimated_art_coverage_percent;;35.0;75.0;52.0;good;art_coverage_by_country_clean.csv;2025-06-30 12:28:07
947;146;Suriname;Americas;2;ART Coverage;2023;5600.0;estimated_living_with_hiv;;3700.0;8100.0;5600.0;good;art_coverage_by_country_clean.csv;2025-06-30 12:28:07
946;146;Suriname;Americas;2;ART Coverage;2023;2900.0;reported_receiving_art;;;;;good;art_coverage_by_country_clean.csv;2025-06-30 12:28:07
3328;146;Suriname;Americas;6;ART Pediatric Coverage;2023;72.0;estimated_children_art_coverage_percent;;45.0;95.0;72.0;good;art_pediatric_coverage_by_country_clean.csv;2025-06-30 12:28:07
3327;146;Suriname;Americas;6;ART Pediatric Coverage;2023;100.0;estimated_children_needing_art;;100.0;100.0;100.0;good;art_pediatric_coverage_by_country_clean.csv;2025-06-30 12:28:07
3326;146;Suriname;Americas;6;ART Pediatric Coverage;2023;50.0;reported_children_receiving_art;;;;;good;art_pediatric_coverage_by_country_clean.csv;2025-06-30 12:28:07
2866;146;Suriname;Americas;5;HIV Cases Adults 15-49;2000;1.1;count;;0.8;1.6;1.1;good;no_of_cases_adults_15_to_49_by_country_clean.csv;2025-06-30 12:28:07
2696;146;Suriname;Americas;5;HIV Cases Adults 15-49;2005;1.3;count;;1.0;1.9;1.3;good;no_of_cases_adults_15_to_49_by_country_clean.csv;2025-06-30 12:28:07
2526;146;Suriname;Americas;5;HIV Cases Adults 15-49;2010;1.4;count;;1.0;1.9;1.4;good;no_of_cases_adults_15_to_49_by_country_clean.csv;2025-06-30 12:28:07
2356;146;Suriname;Americas;5;HIV Cases Adults 15-49;2018;1.4;count;;0.9;2.0;1.4;good;no_of_cases_adults_15_to_49_by_country_clean.csv;2025-06-30 12:28:07
2186;146;Suriname;Americas;4;HIV-related Deaths;2000;200.0;count;;100.0;500.0;200.0;good;no_of_deaths_by_country_clean.csv;2025-06-30 12:28:07
2016;146;Suriname;Americas;4;HIV-related Deaths;2010;200.0;count;;100.0;500.0;200.0;good;no_of_deaths_by_country_clean.csv;2025-06-30 12:28:07
1846;146;Suriname;Americas;4;HIV-related Deaths;2018;100.0;count;;100.0;200.0;100.0;good;no_of_deaths_by_country_clean.csv;2025-06-30 12:28:07
1676;146;Suriname;Americas;3;People Living with HIV;2000;3100.0;count;;2300.0;4400.0;3100.0;good;no_of_people_living_with_hiv_by_country_clean.csv;2025-06-30 12:28:07
1506;146;Suriname;Americas;3;People Living with HIV;2005;4000.0;count;;3000.0;5600.0;4000.0;good;no_of_people_living_with_hiv_by_country_clean.csv;2025-06-30 12:28:07
1336;146;Suriname;Americas;3;People Living with HIV;2010;4600.0;count;;3300.0;6200.0;4600.0;good;no_of_people_living_with_hiv_by_country_clean.csv;2025-06-30 12:28:07
1166;146;Suriname;Americas;3;People Living with HIV;2018;5600.0;count;;3700.0;8100.0;5600.0;good;no_of_people_living_with_hiv_by_country_clean.csv;2025-06-30 12:28:07
437;146;Suriname;Americas;1;Prevention of Mother-to-Child Transmission;2023;100.0;needing_antiretrovirals;;100.0;100.0;100.0;good;prevention_of_mother_to_child_transmission_by_country_clean.csv;2025-06-30 12:28:07
438;146;Suriname;Americas;1;Prevention of Mother-to-Child Transmission;2023;95.0;percentage_received;;84.0;95.0;95.0;good;prevention_of_mother_to_child_transmission_by_country_clean.csv;2025-06-30 12:28:07
436;146;Suriname;Americas;1;Prevention of Mother-to-Child Transmission;2023;90.0;received_antiretrovirals;;;;;good;prevention_of_mother_to_child_transmission_by_country_clean.csv;2025-06-30 12:28:07
951;147;Sweden;Europe;2;ART Coverage;2023;;estimated_art_coverage_percent;Nodata                                                  ;;;;good;art_coverage_by_country_clean.csv;2025-06-30 12:28:07
950;147;Sweden;Europe;2;ART Coverage;2023;;estimated_living_with_hiv;Nodata                                     ;;;;good;art_coverage_by_country_clean.csv;2025-06-30 12:28:07
949;147;Sweden;Europe;2;ART Coverage;2023;;reported_receiving_art;Nodata                                  ;;;;good;art_coverage_by_country_clean.csv;2025-06-30 12:28:07
3331;147;Sweden;Europe;6;ART Pediatric Coverage;2023;;estimated_children_art_coverage_percent;Nodata                                    ;;;;good;art_pediatric_coverage_by_country_clean.csv;2025-06-30 12:28:07
3330;147;Sweden;Europe;6;ART Pediatric Coverage;2023;;estimated_children_needing_art;Nodata                                                        ;;;;good;art_pediatric_coverage_by_country_clean.csv;2025-06-30 12:28:07
3329;147;Sweden;Europe;6;ART Pediatric Coverage;2023;;reported_children_receiving_art;No data                                   ;;;;good;art_pediatric_coverage_by_country_clean.csv;2025-06-30 12:28:07
2867;147;Sweden;Europe;5;HIV Cases Adults 15-49;2000;;count;na              ;;;;good;no_of_cases_adults_15_to_49_by_country_clean.csv;2025-06-30 12:28:07
2697;147;Sweden;Europe;5;HIV Cases Adults 15-49;2005;;count;na              ;;;;good;no_of_cases_adults_15_to_49_by_country_clean.csv;2025-06-30 12:28:07
2527;147;Sweden;Europe;5;HIV Cases Adults 15-49;2010;;count;na              ;;;;good;no_of_cases_adults_15_to_49_by_country_clean.csv;2025-06-30 12:28:07
2357;147;Sweden;Europe;5;HIV Cases Adults 15-49;2018;;count;na              ;;;;good;no_of_cases_adults_15_to_49_by_country_clean.csv;2025-06-30 12:28:07
2187;147;Sweden;Europe;4;HIV-related Deaths;2000;;count;na                    ;;;;good;no_of_deaths_by_country_clean.csv;2025-06-30 12:28:07
2017;147;Sweden;Europe;4;HIV-related Deaths;2010;;count;na                    ;;;;good;no_of_deaths_by_country_clean.csv;2025-06-30 12:28:07
1847;147;Sweden;Europe;4;HIV-related Deaths;2018;;count;na                    ;;;;good;no_of_deaths_by_country_clean.csv;2025-06-30 12:28:07
1677;147;Sweden;Europe;3;People Living with HIV;2000;;count;na                       ;;;;good;no_of_people_living_with_hiv_by_country_clean.csv;2025-06-30 12:28:07
1507;147;Sweden;Europe;3;People Living with HIV;2005;;count;na                       ;;;;good;no_of_people_living_with_hiv_by_country_clean.csv;2025-06-30 12:28:07
1337;147;Sweden;Europe;3;People Living with HIV;2010;;count;na                       ;;;;good;no_of_people_living_with_hiv_by_country_clean.csv;2025-06-30 12:28:07
1167;147;Sweden;Europe;3;People Living with HIV;2018;;count;na                       ;;;;good;no_of_people_living_with_hiv_by_country_clean.csv;2025-06-30 12:28:07
440;147;Sweden;Europe;1;Prevention of Mother-to-Child Transmission;2023;;needing_antiretrovirals;Nodata                  ;;;;good;prevention_of_mother_to_child_transmission_by_country_clean.csv;2025-06-30 12:28:07
441;147;Sweden;Europe;1;Prevention of Mother-to-Child Transmission;2023;;percentage_received;Nodata              ;;;;good;prevention_of_mother_to_child_transmission_by_country_clean.csv;2025-06-30 12:28:07
439;147;Sweden;Europe;1;Prevention of Mother-to-Child Transmission;2023;;received_antiretrovirals;No data                  ;;;;good;prevention_of_mother_to_child_transmission_by_country_clean.csv;2025-06-30 12:28:07
954;148;Switzerland;Europe;2;ART Coverage;2023;;estimated_art_coverage_percent;Nodata                                                  ;;;;good;art_coverage_by_country_clean.csv;2025-06-30 12:28:07
953;148;Switzerland;Europe;2;ART Coverage;2023;;estimated_living_with_hiv;Nodata                                     ;;;;good;art_coverage_by_country_clean.csv;2025-06-30 12:28:07
952;148;Switzerland;Europe;2;ART Coverage;2023;14800.0;reported_receiving_art;;;;;good;art_coverage_by_country_clean.csv;2025-06-30 12:28:07
3334;148;Switzerland;Europe;6;ART Pediatric Coverage;2023;;estimated_children_art_coverage_percent;Nodata                                    ;;;;good;art_pediatric_coverage_by_country_clean.csv;2025-06-30 12:28:07
3333;148;Switzerland;Europe;6;ART Pediatric Coverage;2023;;estimated_children_needing_art;Nodata                                                        ;;;;good;art_pediatric_coverage_by_country_clean.csv;2025-06-30 12:28:07
3332;148;Switzerland;Europe;6;ART Pediatric Coverage;2023;;reported_children_receiving_art;No data                                   ;;;;good;art_pediatric_coverage_by_country_clean.csv;2025-06-30 12:28:07
2868;148;Switzerland;Europe;5;HIV Cases Adults 15-49;2000;;count;na              ;;;;good;no_of_cases_adults_15_to_49_by_country_clean.csv;2025-06-30 12:28:07
2698;148;Switzerland;Europe;5;HIV Cases Adults 15-49;2005;;count;na              ;;;;good;no_of_cases_adults_15_to_49_by_country_clean.csv;2025-06-30 12:28:07
2528;148;Switzerland;Europe;5;HIV Cases Adults 15-49;2010;;count;na              ;;;;good;no_of_cases_adults_15_to_49_by_country_clean.csv;2025-06-30 12:28:07
2358;148;Switzerland;Europe;5;HIV Cases Adults 15-49;2018;;count;na              ;;;;good;no_of_cases_adults_15_to_49_by_country_clean.csv;2025-06-30 12:28:07
2188;148;Switzerland;Europe;4;HIV-related Deaths;2000;;count;na                    ;;;;good;no_of_deaths_by_country_clean.csv;2025-06-30 12:28:07
2018;148;Switzerland;Europe;4;HIV-related Deaths;2010;;count;na                    ;;;;good;no_of_deaths_by_country_clean.csv;2025-06-30 12:28:07
1848;148;Switzerland;Europe;4;HIV-related Deaths;2018;;count;na                    ;;;;good;no_of_deaths_by_country_clean.csv;2025-06-30 12:28:07
1678;148;Switzerland;Europe;3;People Living with HIV;2000;;count;na                       ;;;;good;no_of_people_living_with_hiv_by_country_clean.csv;2025-06-30 12:28:07
1508;148;Switzerland;Europe;3;People Living with HIV;2005;;count;na                       ;;;;good;no_of_people_living_with_hiv_by_country_clean.csv;2025-06-30 12:28:07
1338;148;Switzerland;Europe;3;People Living with HIV;2010;;count;na                       ;;;;good;no_of_people_living_with_hiv_by_country_clean.csv;2025-06-30 12:28:07
1168;148;Switzerland;Europe;3;People Living with HIV;2018;;count;na                       ;;;;good;no_of_people_living_with_hiv_by_country_clean.csv;2025-06-30 12:28:07
443;148;Switzerland;Europe;1;Prevention of Mother-to-Child Transmission;2023;;needing_antiretrovirals;Nodata                  ;;;;good;prevention_of_mother_to_child_transmission_by_country_clean.csv;2025-06-30 12:28:07
444;148;Switzerland;Europe;1;Prevention of Mother-to-Child Transmission;2023;;percentage_received;Nodata              ;;;;good;prevention_of_mother_to_child_transmission_by_country_clean.csv;2025-06-30 12:28:07
442;148;Switzerland;Europe;1;Prevention of Mother-to-Child Transmission;2023;;received_antiretrovirals;No data                  ;;;;good;prevention_of_mother_to_child_transmission_by_country_clean.csv;2025-06-30 12:28:07
957;149;Syria;Eastern Mediterranean;2;ART Coverage;2023;20.0;estimated_art_coverage_percent;;18.0;22.0;20.0;good;art_coverage_by_country_clean.csv;2025-06-30 12:28:07
956;149;Syria;Eastern Mediterranean;2;ART Coverage;2023;660.0;estimated_living_with_hiv;;590.0;720.0;660.0;good;art_coverage_by_country_clean.csv;2025-06-30 12:28:07
955;149;Syria;Eastern Mediterranean;2;ART Coverage;2023;130.0;reported_receiving_art;;;;;good;art_coverage_by_country_clean.csv;2025-06-30 12:28:07
3337;149;Syria;Eastern Mediterranean;6;ART Pediatric Coverage;2023;;estimated_children_art_coverage_percent;Nodata                                    ;;;;good;art_pediatric_coverage_by_country_clean.csv;2025-06-30 12:28:07
3336;149;Syria;Eastern Mediterranean;6;ART Pediatric Coverage;2023;;estimated_children_needing_art;Nodata                                                        ;;;;good;art_pediatric_coverage_by_country_clean.csv;2025-06-30 12:28:07
3335;149;Syria;Eastern Mediterranean;6;ART Pediatric Coverage;2023;;reported_children_receiving_art;No data                                   ;;;;good;art_pediatric_coverage_by_country_clean.csv;2025-06-30 12:28:07
2869;149;Syria;Eastern Mediterranean;5;HIV Cases Adults 15-49;2000;0.1;count;;0.1;0.1;0.1;good;no_of_cases_adults_15_to_49_by_country_clean.csv;2025-06-30 12:28:07
2699;149;Syria;Eastern Mediterranean;5;HIV Cases Adults 15-49;2005;0.1;count;;0.1;0.1;0.1;good;no_of_cases_adults_15_to_49_by_country_clean.csv;2025-06-30 12:28:07
2529;149;Syria;Eastern Mediterranean;5;HIV Cases Adults 15-49;2010;0.1;count;;0.1;0.1;0.1;good;no_of_cases_adults_15_to_49_by_country_clean.csv;2025-06-30 12:28:07
2359;149;Syria;Eastern Mediterranean;5;HIV Cases Adults 15-49;2018;0.1;count;;0.1;0.1;0.1;good;no_of_cases_adults_15_to_49_by_country_clean.csv;2025-06-30 12:28:07
2189;149;Syria;Eastern Mediterranean;4;HIV-related Deaths;2000;100.0;count;;100.0;100.0;100.0;good;no_of_deaths_by_country_clean.csv;2025-06-30 12:28:07
2019;149;Syria;Eastern Mediterranean;4;HIV-related Deaths;2010;100.0;count;;100.0;100.0;100.0;good;no_of_deaths_by_country_clean.csv;2025-06-30 12:28:07
1849;149;Syria;Eastern Mediterranean;4;HIV-related Deaths;2018;100.0;count;;100.0;100.0;100.0;good;no_of_deaths_by_country_clean.csv;2025-06-30 12:28:07
1679;149;Syria;Eastern Mediterranean;3;People Living with HIV;2000;500.0;count;;500.0;500.0;500.0;good;no_of_people_living_with_hiv_by_country_clean.csv;2025-06-30 12:28:07
1509;149;Syria;Eastern Mediterranean;3;People Living with HIV;2005;500.0;count;;500.0;500.0;500.0;good;no_of_people_living_with_hiv_by_country_clean.csv;2025-06-30 12:28:07
1339;149;Syria;Eastern Mediterranean;3;People Living with HIV;2010;570.0;count;;510.0;630.0;570.0;good;no_of_people_living_with_hiv_by_country_clean.csv;2025-06-30 12:28:07
1169;149;Syria;Eastern Mediterranean;3;People Living with HIV;2018;660.0;count;;590.0;720.0;660.0;good;no_of_people_living_with_hiv_by_country_clean.csv;2025-06-30 12:28:07
446;149;Syria;Eastern Mediterranean;1;Prevention of Mother-to-Child Transmission;2023;;needing_antiretrovirals;Nodata                  ;;;;good;prevention_of_mother_to_child_transmission_by_country_clean.csv;2025-06-30 12:28:07
447;149;Syria;Eastern Mediterranean;1;Prevention of Mother-to-Child Transmission;2023;;percentage_received;Nodata              ;;;;good;prevention_of_mother_to_child_transmission_by_country_clean.csv;2025-06-30 12:28:07
445;149;Syria;Eastern Mediterranean;1;Prevention of Mother-to-Child Transmission;2023;10.0;received_antiretrovirals;;;;;good;prevention_of_mother_to_child_transmission_by_country_clean.csv;2025-06-30 12:28:07
960;150;Tajikistan;Europe;2;ART Coverage;2023;46.0;estimated_art_coverage_percent;;38.0;56.0;46.0;good;art_coverage_by_country_clean.csv;2025-06-30 12:28:07
959;150;Tajikistan;Europe;2;ART Coverage;2023;13000.0;estimated_living_with_hiv;;11000.0;16000.0;13000.0;good;art_coverage_by_country_clean.csv;2025-06-30 12:28:07
958;150;Tajikistan;Europe;2;ART Coverage;2023;6000.0;reported_receiving_art;;;;;good;art_coverage_by_country_clean.csv;2025-06-30 12:28:07
3340;150;Tajikistan;Europe;6;ART Pediatric Coverage;2023;95.0;estimated_children_art_coverage_percent;;95.0;95.0;95.0;good;art_pediatric_coverage_by_country_clean.csv;2025-06-30 12:28:07
3339;150;Tajikistan;Europe;6;ART Pediatric Coverage;2023;540.0;estimated_children_needing_art;;500.0;630.0;540.0;good;art_pediatric_coverage_by_country_clean.csv;2025-06-30 12:28:07
3338;150;Tajikistan;Europe;6;ART Pediatric Coverage;2023;750.0;reported_children_receiving_art;;;;;good;art_pediatric_coverage_by_country_clean.csv;2025-06-30 12:28:07
2870;150;Tajikistan;Europe;5;HIV Cases Adults 15-49;2000;0.1;count;;0.1;0.1;0.1;good;no_of_cases_adults_15_to_49_by_country_clean.csv;2025-06-30 12:28:07
2700;150;Tajikistan;Europe;5;HIV Cases Adults 15-49;2005;0.1;count;;0.1;0.2;0.1;good;no_of_cases_adults_15_to_49_by_country_clean.csv;2025-06-30 12:28:07
2530;150;Tajikistan;Europe;5;HIV Cases Adults 15-49;2010;0.2;count;;0.2;0.2;0.2;good;no_of_cases_adults_15_to_49_by_country_clean.csv;2025-06-30 12:28:07
2360;150;Tajikistan;Europe;5;HIV Cases Adults 15-49;2018;0.2;count;;0.2;0.3;0.2;good;no_of_cases_adults_15_to_49_by_country_clean.csv;2025-06-30 12:28:07
2190;150;Tajikistan;Europe;4;HIV-related Deaths;2000;100.0;count;;100.0;100.0;100.0;good;no_of_deaths_by_country_clean.csv;2025-06-30 12:28:07
2020;150;Tajikistan;Europe;4;HIV-related Deaths;2010;500.0;count;;500.0;560.0;500.0;good;no_of_deaths_by_country_clean.csv;2025-06-30 12:28:07
1850;150;Tajikistan;Europe;4;HIV-related Deaths;2018;500.0;count;;500.0;500.0;500.0;good;no_of_deaths_by_country_clean.csv;2025-06-30 12:28:07
1680;150;Tajikistan;Europe;3;People Living with HIV;2000;1400.0;count;;780.0;2700.0;1400.0;good;no_of_people_living_with_hiv_by_country_clean.csv;2025-06-30 12:28:07
1510;150;Tajikistan;Europe;3;People Living with HIV;2005;5200.0;count;;3700.0;6900.0;5200.0;good;no_of_people_living_with_hiv_by_country_clean.csv;2025-06-30 12:28:07
1340;150;Tajikistan;Europe;3;People Living with HIV;2010;9200.0;count;;7500.0;11000.0;9200.0;good;no_of_people_living_with_hiv_by_country_clean.csv;2025-06-30 12:28:07
1170;150;Tajikistan;Europe;3;People Living with HIV;2018;13000.0;count;;11000.0;16000.0;13000.0;good;no_of_people_living_with_hiv_by_country_clean.csv;2025-06-30 12:28:07
449;150;Tajikistan;Europe;1;Prevention of Mother-to-Child Transmission;2023;500.0;needing_antiretrovirals;;500.0;560.0;500.0;good;prevention_of_mother_to_child_transmission_by_country_clean.csv;2025-06-30 12:28:07
450;150;Tajikistan;Europe;1;Prevention of Mother-to-Child Transmission;2023;46.0;percentage_received;;39.0;56.0;46.0;good;prevention_of_mother_to_child_transmission_by_country_clean.csv;2025-06-30 12:28:07
448;150;Tajikistan;Europe;1;Prevention of Mother-to-Child Transmission;2023;220.0;received_antiretrovirals;;;;;good;prevention_of_mother_to_child_transmission_by_country_clean.csv;2025-06-30 12:28:07
996;162;Tanzania;Africa;2;ART Coverage;2023;71.0;estimated_art_coverage_percent;;64.0;78.0;71.0;good;art_coverage_by_country_clean.csv;2025-06-30 12:28:07
995;162;Tanzania;Africa;2;ART Coverage;2023;1600000.0;estimated_living_with_hiv;;1400000.0;1700000.0;1600000.0;good;art_coverage_by_country_clean.csv;2025-06-30 12:28:07
994;162;Tanzania;Africa;2;ART Coverage;2023;1109000.0;reported_receiving_art;;;;;good;art_coverage_by_country_clean.csv;2025-06-30 12:28:07
3376;162;Tanzania;Africa;6;ART Pediatric Coverage;2023;65.0;estimated_children_art_coverage_percent;;51.0;80.0;65.0;good;art_pediatric_coverage_by_country_clean.csv;2025-06-30 12:28:07
3375;162;Tanzania;Africa;6;ART Pediatric Coverage;2023;92000.0;estimated_children_needing_art;;72000.0;110000.0;92000.0;good;art_pediatric_coverage_by_country_clean.csv;2025-06-30 12:28:07
3374;162;Tanzania;Africa;6;ART Pediatric Coverage;2023;59600.0;reported_children_receiving_art;;;;;good;art_pediatric_coverage_by_country_clean.csv;2025-06-30 12:28:07
2882;162;Tanzania;Africa;5;HIV Cases Adults 15-49;2000;6.3;count;;5.5;6.9;6.3;good;no_of_cases_adults_15_to_49_by_country_clean.csv;2025-06-30 12:28:07
2712;162;Tanzania;Africa;5;HIV Cases Adults 15-49;2005;5.4;count;;4.6;6.1;5.4;good;no_of_cases_adults_15_to_49_by_country_clean.csv;2025-06-30 12:28:07
2542;162;Tanzania;Africa;5;HIV Cases Adults 15-49;2010;5.0;count;;4.3;5.7;5.0;good;no_of_cases_adults_15_to_49_by_country_clean.csv;2025-06-30 12:28:07
2372;162;Tanzania;Africa;5;HIV Cases Adults 15-49;2018;4.6;count;;4.0;5.1;4.6;good;no_of_cases_adults_15_to_49_by_country_clean.csv;2025-06-30 12:28:07
2202;162;Tanzania;Africa;4;HIV-related Deaths;2000;80000.0;count;;69000.0;90000.0;80000.0;good;no_of_deaths_by_country_clean.csv;2025-06-30 12:28:07
2032;162;Tanzania;Africa;4;HIV-related Deaths;2010;48000.0;count;;42000.0;53000.0;48000.0;good;no_of_deaths_by_country_clean.csv;2025-06-30 12:28:07
1862;162;Tanzania;Africa;4;HIV-related Deaths;2018;24000.0;count;;20000.0;29000.0;24000.0;good;no_of_deaths_by_country_clean.csv;2025-06-30 12:28:07
1692;162;Tanzania;Africa;3;People Living with HIV;2000;1100000.0;count;;1000000.0;1200000.0;1100000.0;good;no_of_people_living_with_hiv_by_country_clean.csv;2025-06-30 12:28:07
1522;162;Tanzania;Africa;3;People Living with HIV;2005;1200000.0;count;;1000000.0;1300000.0;1200000.0;good;no_of_people_living_with_hiv_by_country_clean.csv;2025-06-30 12:28:07
1352;162;Tanzania;Africa;3;People Living with HIV;2010;1300000.0;count;;1100000.0;1400000.0;1300000.0;good;no_of_people_living_with_hiv_by_country_clean.csv;2025-06-30 12:28:07
1182;162;Tanzania;Africa;3;People Living with HIV;2018;1600000.0;count;;1400000.0;1700000.0;1600000.0;good;no_of_people_living_with_hiv_by_country_clean.csv;2025-06-30 12:28:07
485;162;Tanzania;Africa;1;Prevention of Mother-to-Child Transmission;2023;83000.0;needing_antiretrovirals;;62000.0;98000.0;83000.0;good;prevention_of_mother_to_child_transmission_by_country_clean.csv;2025-06-30 12:28:07
486;162;Tanzania;Africa;1;Prevention of Mother-to-Child Transmission;2023;93.0;percentage_received;;70.0;95.0;93.0;good;prevention_of_mother_to_child_transmission_by_country_clean.csv;2025-06-30 12:28:07
484;162;Tanzania;Africa;1;Prevention of Mother-to-Child Transmission;2023;77000.0;received_antiretrovirals;;;;;good;prevention_of_mother_to_child_transmission_by_country_clean.csv;2025-06-30 12:28:07
963;151;Thailand;South-East Asia;2;ART Coverage;2023;75.0;estimated_art_coverage_percent;;66.0;86.0;75.0;good;art_coverage_by_country_clean.csv;2025-06-30 12:28:07
962;151;Thailand;South-East Asia;2;ART Coverage;2023;480000.0;estimated_living_with_hiv;;420000.0;550000.0;480000.0;good;art_coverage_by_country_clean.csv;2025-06-30 12:28:07
961;151;Thailand;South-East Asia;2;ART Coverage;2023;359000.0;reported_receiving_art;;;;;good;art_coverage_by_country_clean.csv;2025-06-30 12:28:07
3343;151;Thailand;South-East Asia;6;ART Pediatric Coverage;2023;83.0;estimated_children_art_coverage_percent;;68.0;95.0;83.0;good;art_pediatric_coverage_by_country_clean.csv;2025-06-30 12:28:07
3342;151;Thailand;South-East Asia;6;ART Pediatric Coverage;2023;3200.0;estimated_children_needing_art;;2600.0;3800.0;3200.0;good;art_pediatric_coverage_by_country_clean.csv;2025-06-30 12:28:07
3341;151;Thailand;South-East Asia;6;ART Pediatric Coverage;2023;2600.0;reported_children_receiving_art;;;;;good;art_pediatric_coverage_by_country_clean.csv;2025-06-30 12:28:07
2871;151;Thailand;South-East Asia;5;HIV Cases Adults 15-49;2000;2.0;count;;1.6;2.5;2.0;good;no_of_cases_adults_15_to_49_by_country_clean.csv;2025-06-30 12:28:07
2701;151;Thailand;South-East Asia;5;HIV Cases Adults 15-49;2005;1.6;count;;1.3;2.1;1.6;good;no_of_cases_adults_15_to_49_by_country_clean.csv;2025-06-30 12:28:07
2531;151;Thailand;South-East Asia;5;HIV Cases Adults 15-49;2010;1.5;count;;1.2;1.8;1.5;good;no_of_cases_adults_15_to_49_by_country_clean.csv;2025-06-30 12:28:07
2361;151;Thailand;South-East Asia;5;HIV Cases Adults 15-49;2018;1.1;count;;0.9;1.3;1.1;good;no_of_cases_adults_15_to_49_by_country_clean.csv;2025-06-30 12:28:07
2191;151;Thailand;South-East Asia;4;HIV-related Deaths;2000;54000.0;count;;45000.0;62000.0;54000.0;good;no_of_deaths_by_country_clean.csv;2025-06-30 12:28:07
2021;151;Thailand;South-East Asia;4;HIV-related Deaths;2010;27000.0;count;;19000.0;36000.0;27000.0;good;no_of_deaths_by_country_clean.csv;2025-06-30 12:28:07
1851;151;Thailand;South-East Asia;4;HIV-related Deaths;2018;18000.0;count;;13000.0;26000.0;18000.0;good;no_of_deaths_by_country_clean.csv;2025-06-30 12:28:07
1681;151;Thailand;South-East Asia;3;People Living with HIV;2000;740000.0;count;;610000.0;890000.0;740000.0;good;no_of_people_living_with_hiv_by_country_clean.csv;2025-06-30 12:28:07
1511;151;Thailand;South-East Asia;3;People Living with HIV;2005;630000.0;count;;510000.0;780000.0;630000.0;good;no_of_people_living_with_hiv_by_country_clean.csv;2025-06-30 12:28:07
1341;151;Thailand;South-East Asia;3;People Living with HIV;2010;580000.0;count;;490000.0;690000.0;580000.0;good;no_of_people_living_with_hiv_by_country_clean.csv;2025-06-30 12:28:07
1171;151;Thailand;South-East Asia;3;People Living with HIV;2018;480000.0;count;;420000.0;550000.0;480000.0;good;no_of_people_living_with_hiv_by_country_clean.csv;2025-06-30 12:28:07
452;151;Thailand;South-East Asia;1;Prevention of Mother-to-Child Transmission;2023;3900.0;needing_antiretrovirals;;3200.0;4500.0;3900.0;good;prevention_of_mother_to_child_transmission_by_country_clean.csv;2025-06-30 12:28:07
453;151;Thailand;South-East Asia;1;Prevention of Mother-to-Child Transmission;2023;95.0;percentage_received;;81.0;95.0;95.0;good;prevention_of_mother_to_child_transmission_by_country_clean.csv;2025-06-30 12:28:07
451;151;Thailand;South-East Asia;1;Prevention of Mother-to-Child Transmission;2023;3800.0;received_antiretrovirals;;;;;good;prevention_of_mother_to_child_transmission_by_country_clean.csv;2025-06-30 12:28:07
966;152;Timor-Leste;South-East Asia;2;ART Coverage;2023;;estimated_art_coverage_percent;Nodata                                                  ;;;;good;art_coverage_by_country_clean.csv;2025-06-30 12:28:07
965;152;Timor-Leste;South-East Asia;2;ART Coverage;2023;;estimated_living_with_hiv;Nodata                                     ;;;;good;art_coverage_by_country_clean.csv;2025-06-30 12:28:07
964;152;Timor-Leste;South-East Asia;2;ART Coverage;2023;;reported_receiving_art;Nodata                                  ;;;;good;art_coverage_by_country_clean.csv;2025-06-30 12:28:07
3346;152;Timor-Leste;South-East Asia;6;ART Pediatric Coverage;2023;;estimated_children_art_coverage_percent;Nodata                                    ;;;;good;art_pediatric_coverage_by_country_clean.csv;2025-06-30 12:28:07
3345;152;Timor-Leste;South-East Asia;6;ART Pediatric Coverage;2023;;estimated_children_needing_art;Nodata                                                        ;;;;good;art_pediatric_coverage_by_country_clean.csv;2025-06-30 12:28:07
3344;152;Timor-Leste;South-East Asia;6;ART Pediatric Coverage;2023;;reported_children_receiving_art;No data                                   ;;;;good;art_pediatric_coverage_by_country_clean.csv;2025-06-30 12:28:07
2872;152;Timor-Leste;South-East Asia;5;HIV Cases Adults 15-49;2000;;count;na              ;;;;good;no_of_cases_adults_15_to_49_by_country_clean.csv;2025-06-30 12:28:07
2702;152;Timor-Leste;South-East Asia;5;HIV Cases Adults 15-49;2005;;count;na              ;;;;good;no_of_cases_adults_15_to_49_by_country_clean.csv;2025-06-30 12:28:07
2532;152;Timor-Leste;South-East Asia;5;HIV Cases Adults 15-49;2010;;count;na              ;;;;good;no_of_cases_adults_15_to_49_by_country_clean.csv;2025-06-30 12:28:07
2362;152;Timor-Leste;South-East Asia;5;HIV Cases Adults 15-49;2018;;count;na              ;;;;good;no_of_cases_adults_15_to_49_by_country_clean.csv;2025-06-30 12:28:07
2192;152;Timor-Leste;South-East Asia;4;HIV-related Deaths;2000;;count;na                    ;;;;good;no_of_deaths_by_country_clean.csv;2025-06-30 12:28:07
2022;152;Timor-Leste;South-East Asia;4;HIV-related Deaths;2010;;count;na                    ;;;;good;no_of_deaths_by_country_clean.csv;2025-06-30 12:28:07
1852;152;Timor-Leste;South-East Asia;4;HIV-related Deaths;2018;;count;na                    ;;;;good;no_of_deaths_by_country_clean.csv;2025-06-30 12:28:07
1682;152;Timor-Leste;South-East Asia;3;People Living with HIV;2000;;count;na                       ;;;;good;no_of_people_living_with_hiv_by_country_clean.csv;2025-06-30 12:28:07
1512;152;Timor-Leste;South-East Asia;3;People Living with HIV;2005;;count;na                       ;;;;good;no_of_people_living_with_hiv_by_country_clean.csv;2025-06-30 12:28:07
1342;152;Timor-Leste;South-East Asia;3;People Living with HIV;2010;;count;na                       ;;;;good;no_of_people_living_with_hiv_by_country_clean.csv;2025-06-30 12:28:07
1172;152;Timor-Leste;South-East Asia;3;People Living with HIV;2018;;count;na                       ;;;;good;no_of_people_living_with_hiv_by_country_clean.csv;2025-06-30 12:28:07
455;152;Timor-Leste;South-East Asia;1;Prevention of Mother-to-Child Transmission;2023;;needing_antiretrovirals;Nodata                  ;;;;good;prevention_of_mother_to_child_transmission_by_country_clean.csv;2025-06-30 12:28:07
456;152;Timor-Leste;South-East Asia;1;Prevention of Mother-to-Child Transmission;2023;;percentage_received;Nodata              ;;;;good;prevention_of_mother_to_child_transmission_by_country_clean.csv;2025-06-30 12:28:07
454;152;Timor-Leste;South-East Asia;1;Prevention of Mother-to-Child Transmission;2023;;received_antiretrovirals;No data                  ;;;;good;prevention_of_mother_to_child_transmission_by_country_clean.csv;2025-06-30 12:28:07
969;153;Togo;Africa;2;ART Coverage;2023;60.0;estimated_art_coverage_percent;;56.0;65.0;60.0;good;art_coverage_by_country_clean.csv;2025-06-30 12:28:07
968;153;Togo;Africa;2;ART Coverage;2023;110000.0;estimated_living_with_hiv;;100000.0;120000.0;110000.0;good;art_coverage_by_country_clean.csv;2025-06-30 12:28:07
967;153;Togo;Africa;2;ART Coverage;2023;64800.0;reported_receiving_art;;;;;good;art_coverage_by_country_clean.csv;2025-06-30 12:28:07
3349;153;Togo;Africa;6;ART Pediatric Coverage;2023;34.0;estimated_children_art_coverage_percent;;29.0;38.0;34.0;good;art_pediatric_coverage_by_country_clean.csv;2025-06-30 12:28:07
3348;153;Togo;Africa;6;ART Pediatric Coverage;2023;12000.0;estimated_children_needing_art;;11000.0;14000.0;12000.0;good;art_pediatric_coverage_by_country_clean.csv;2025-06-30 12:28:07
3347;153;Togo;Africa;6;ART Pediatric Coverage;2023;4200.0;reported_children_receiving_art;;;;;good;art_pediatric_coverage_by_country_clean.csv;2025-06-30 12:28:07
2873;153;Togo;Africa;5;HIV Cases Adults 15-49;2000;3.6;count;;3.2;3.8;3.6;good;no_of_cases_adults_15_to_49_by_country_clean.csv;2025-06-30 12:28:07
2703;153;Togo;Africa;5;HIV Cases Adults 15-49;2005;3.3;count;;3.0;3.6;3.3;good;no_of_cases_adults_15_to_49_by_country_clean.csv;2025-06-30 12:28:07
2533;153;Togo;Africa;5;HIV Cases Adults 15-49;2010;2.9;count;;2.6;3.1;2.9;good;no_of_cases_adults_15_to_49_by_country_clean.csv;2025-06-30 12:28:07
2363;153;Togo;Africa;5;HIV Cases Adults 15-49;2018;2.3;count;;2.1;2.5;2.3;good;no_of_cases_adults_15_to_49_by_country_clean.csv;2025-06-30 12:28:07
2193;153;Togo;Africa;4;HIV-related Deaths;2000;5600.0;count;;5000.0;6300.0;5600.0;good;no_of_deaths_by_country_clean.csv;2025-06-30 12:28:07
2023;153;Togo;Africa;4;HIV-related Deaths;2010;5700.0;count;;5100.0;6300.0;5700.0;good;no_of_deaths_by_country_clean.csv;2025-06-30 12:28:07
1853;153;Togo;Africa;4;HIV-related Deaths;2018;3800.0;count;;3300.0;4200.0;3800.0;good;no_of_deaths_by_country_clean.csv;2025-06-30 12:28:07
1683;153;Togo;Africa;3;People Living with HIV;2000;94000.0;count;;87000.0;100000.0;94000.0;good;no_of_people_living_with_hiv_by_country_clean.csv;2025-06-30 12:28:07
1513;153;Togo;Africa;3;People Living with HIV;2005;100000.0;count;;94000.0;110000.0;100000.0;good;no_of_people_living_with_hiv_by_country_clean.csv;2025-06-30 12:28:07
1343;153;Togo;Africa;3;People Living with HIV;2010;100000.0;count;;96000.0;110000.0;100000.0;good;no_of_people_living_with_hiv_by_country_clean.csv;2025-06-30 12:28:07
1173;153;Togo;Africa;3;People Living with HIV;2018;110000.0;count;;100000.0;120000.0;110000.0;good;no_of_people_living_with_hiv_by_country_clean.csv;2025-06-30 12:28:07
458;153;Togo;Africa;1;Prevention of Mother-to-Child Transmission;2023;5400.0;needing_antiretrovirals;;4200.0;6200.0;5400.0;good;prevention_of_mother_to_child_transmission_by_country_clean.csv;2025-06-30 12:28:07
459;153;Togo;Africa;1;Prevention of Mother-to-Child Transmission;2023;80.0;percentage_received;;62.0;92.0;80.0;good;prevention_of_mother_to_child_transmission_by_country_clean.csv;2025-06-30 12:28:07
457;153;Togo;Africa;1;Prevention of Mother-to-Child Transmission;2023;4300.0;received_antiretrovirals;;;;;good;prevention_of_mother_to_child_transmission_by_country_clean.csv;2025-06-30 12:28:07
972;154;Trinidad and Tobago;Americas;2;ART Coverage;2023;;estimated_art_coverage_percent;Nodata                                                  ;;;;good;art_coverage_by_country_clean.csv;2025-06-30 12:28:07
971;154;Trinidad and Tobago;Americas;2;ART Coverage;2023;;estimated_living_with_hiv;Nodata                                     ;;;;good;art_coverage_by_country_clean.csv;2025-06-30 12:28:07
970;154;Trinidad and Tobago;Americas;2;ART Coverage;2023;;reported_receiving_art;Nodata                                  ;;;;good;art_coverage_by_country_clean.csv;2025-06-30 12:28:07
3352;154;Trinidad and Tobago;Americas;6;ART Pediatric Coverage;2023;;estimated_children_art_coverage_percent;Nodata                                    ;;;;good;art_pediatric_coverage_by_country_clean.csv;2025-06-30 12:28:07
3351;154;Trinidad and Tobago;Americas;6;ART Pediatric Coverage;2023;;estimated_children_needing_art;Nodata                                                        ;;;;good;art_pediatric_coverage_by_country_clean.csv;2025-06-30 12:28:07
3350;154;Trinidad and Tobago;Americas;6;ART Pediatric Coverage;2023;;reported_children_receiving_art;No data                                   ;;;;good;art_pediatric_coverage_by_country_clean.csv;2025-06-30 12:28:07
2874;154;Trinidad and Tobago;Americas;5;HIV Cases Adults 15-49;2000;;count;na              ;;;;good;no_of_cases_adults_15_to_49_by_country_clean.csv;2025-06-30 12:28:07
2704;154;Trinidad and Tobago;Americas;5;HIV Cases Adults 15-49;2005;;count;na              ;;;;good;no_of_cases_adults_15_to_49_by_country_clean.csv;2025-06-30 12:28:07
2534;154;Trinidad and Tobago;Americas;5;HIV Cases Adults 15-49;2010;;count;na              ;;;;good;no_of_cases_adults_15_to_49_by_country_clean.csv;2025-06-30 12:28:07
2364;154;Trinidad and Tobago;Americas;5;HIV Cases Adults 15-49;2018;;count;na              ;;;;good;no_of_cases_adults_15_to_49_by_country_clean.csv;2025-06-30 12:28:07
2194;154;Trinidad and Tobago;Americas;4;HIV-related Deaths;2000;;count;na                    ;;;;good;no_of_deaths_by_country_clean.csv;2025-06-30 12:28:07
2024;154;Trinidad and Tobago;Americas;4;HIV-related Deaths;2010;;count;na                    ;;;;good;no_of_deaths_by_country_clean.csv;2025-06-30 12:28:07
1854;154;Trinidad and Tobago;Americas;4;HIV-related Deaths;2018;;count;na                    ;;;;good;no_of_deaths_by_country_clean.csv;2025-06-30 12:28:07
1684;154;Trinidad and Tobago;Americas;3;People Living with HIV;2000;;count;na                       ;;;;good;no_of_people_living_with_hiv_by_country_clean.csv;2025-06-30 12:28:07
1514;154;Trinidad and Tobago;Americas;3;People Living with HIV;2005;;count;na                       ;;;;good;no_of_people_living_with_hiv_by_country_clean.csv;2025-06-30 12:28:07
1344;154;Trinidad and Tobago;Americas;3;People Living with HIV;2010;;count;na                       ;;;;good;no_of_people_living_with_hiv_by_country_clean.csv;2025-06-30 12:28:07
1174;154;Trinidad and Tobago;Americas;3;People Living with HIV;2018;;count;na                       ;;;;good;no_of_people_living_with_hiv_by_country_clean.csv;2025-06-30 12:28:07
461;154;Trinidad and Tobago;Americas;1;Prevention of Mother-to-Child Transmission;2023;;needing_antiretrovirals;Nodata                  ;;;;good;prevention_of_mother_to_child_transmission_by_country_clean.csv;2025-06-30 12:28:07
462;154;Trinidad and Tobago;Americas;1;Prevention of Mother-to-Child Transmission;2023;;percentage_received;Nodata              ;;;;good;prevention_of_mother_to_child_transmission_by_country_clean.csv;2025-06-30 12:28:07
460;154;Trinidad and Tobago;Americas;1;Prevention of Mother-to-Child Transmission;2023;;received_antiretrovirals;No data                  ;;;;good;prevention_of_mother_to_child_transmission_by_country_clean.csv;2025-06-30 12:28:07
975;155;Tunisia;Eastern Mediterranean;2;ART Coverage;2023;39.0;estimated_art_coverage_percent;;24.0;61.0;39.0;good;art_coverage_by_country_clean.csv;2025-06-30 12:28:07
974;155;Tunisia;Eastern Mediterranean;2;ART Coverage;2023;2800.0;estimated_living_with_hiv;;1700.0;4400.0;2800.0;good;art_coverage_by_country_clean.csv;2025-06-30 12:28:07
973;155;Tunisia;Eastern Mediterranean;2;ART Coverage;2023;1100.0;reported_receiving_art;;;;;good;art_coverage_by_country_clean.csv;2025-06-30 12:28:07
3355;155;Tunisia;Eastern Mediterranean;6;ART Pediatric Coverage;2023;;estimated_children_art_coverage_percent;Nodata                                    ;;;;good;art_pediatric_coverage_by_country_clean.csv;2025-06-30 12:28:07
3354;155;Tunisia;Eastern Mediterranean;6;ART Pediatric Coverage;2023;;estimated_children_needing_art;Nodata                                                        ;;;;good;art_pediatric_coverage_by_country_clean.csv;2025-06-30 12:28:07
3353;155;Tunisia;Eastern Mediterranean;6;ART Pediatric Coverage;2023;;reported_children_receiving_art;No data                                   ;;;;good;art_pediatric_coverage_by_country_clean.csv;2025-06-30 12:28:07
2875;155;Tunisia;Eastern Mediterranean;5;HIV Cases Adults 15-49;2000;0.1;count;;0.1;0.1;0.1;good;no_of_cases_adults_15_to_49_by_country_clean.csv;2025-06-30 12:28:07
2705;155;Tunisia;Eastern Mediterranean;5;HIV Cases Adults 15-49;2005;0.1;count;;0.1;0.1;0.1;good;no_of_cases_adults_15_to_49_by_country_clean.csv;2025-06-30 12:28:07
2535;155;Tunisia;Eastern Mediterranean;5;HIV Cases Adults 15-49;2010;0.1;count;;0.1;0.1;0.1;good;no_of_cases_adults_15_to_49_by_country_clean.csv;2025-06-30 12:28:07
2365;155;Tunisia;Eastern Mediterranean;5;HIV Cases Adults 15-49;2018;0.1;count;;0.1;0.1;0.1;good;no_of_cases_adults_15_to_49_by_country_clean.csv;2025-06-30 12:28:07
2195;155;Tunisia;Eastern Mediterranean;4;HIV-related Deaths;2000;100.0;count;;100.0;100.0;100.0;good;no_of_deaths_by_country_clean.csv;2025-06-30 12:28:07
2025;155;Tunisia;Eastern Mediterranean;4;HIV-related Deaths;2010;100.0;count;;100.0;100.0;100.0;good;no_of_deaths_by_country_clean.csv;2025-06-30 12:28:07
1855;155;Tunisia;Eastern Mediterranean;4;HIV-related Deaths;2018;100.0;count;;100.0;200.0;100.0;good;no_of_deaths_by_country_clean.csv;2025-06-30 12:28:07
1685;155;Tunisia;Eastern Mediterranean;3;People Living with HIV;2000;500.0;count;;200.0;710.0;500.0;good;no_of_people_living_with_hiv_by_country_clean.csv;2025-06-30 12:28:07
1515;155;Tunisia;Eastern Mediterranean;3;People Living with HIV;2005;640.0;count;;500.0;1100.0;640.0;good;no_of_people_living_with_hiv_by_country_clean.csv;2025-06-30 12:28:07
1345;155;Tunisia;Eastern Mediterranean;3;People Living with HIV;2010;1400.0;count;;980.0;2200.0;1400.0;good;no_of_people_living_with_hiv_by_country_clean.csv;2025-06-30 12:28:07
1175;155;Tunisia;Eastern Mediterranean;3;People Living with HIV;2018;2800.0;count;;1700.0;4400.0;2800.0;good;no_of_people_living_with_hiv_by_country_clean.csv;2025-06-30 12:28:07
464;155;Tunisia;Eastern Mediterranean;1;Prevention of Mother-to-Child Transmission;2023;;needing_antiretrovirals;Nodata                  ;;;;good;prevention_of_mother_to_child_transmission_by_country_clean.csv;2025-06-30 12:28:07
465;155;Tunisia;Eastern Mediterranean;1;Prevention of Mother-to-Child Transmission;2023;;percentage_received;Nodata              ;;;;good;prevention_of_mother_to_child_transmission_by_country_clean.csv;2025-06-30 12:28:07
463;155;Tunisia;Eastern Mediterranean;1;Prevention of Mother-to-Child Transmission;2023;10.0;received_antiretrovirals;;;;;good;prevention_of_mother_to_child_transmission_by_country_clean.csv;2025-06-30 12:28:07
978;156;Turkey;Europe;2;ART Coverage;2023;;estimated_art_coverage_percent;Nodata                                                  ;;;;good;art_coverage_by_country_clean.csv;2025-06-30 12:28:07
977;156;Turkey;Europe;2;ART Coverage;2023;;estimated_living_with_hiv;Nodata                                     ;;;;good;art_coverage_by_country_clean.csv;2025-06-30 12:28:07
976;156;Turkey;Europe;2;ART Coverage;2023;;reported_receiving_art;Nodata                                  ;;;;good;art_coverage_by_country_clean.csv;2025-06-30 12:28:07
3358;156;Turkey;Europe;6;ART Pediatric Coverage;2023;;estimated_children_art_coverage_percent;Nodata                                    ;;;;good;art_pediatric_coverage_by_country_clean.csv;2025-06-30 12:28:07
3357;156;Turkey;Europe;6;ART Pediatric Coverage;2023;;estimated_children_needing_art;Nodata                                                        ;;;;good;art_pediatric_coverage_by_country_clean.csv;2025-06-30 12:28:07
3356;156;Turkey;Europe;6;ART Pediatric Coverage;2023;;reported_children_receiving_art;No data                                   ;;;;good;art_pediatric_coverage_by_country_clean.csv;2025-06-30 12:28:07
2876;156;Turkey;Europe;5;HIV Cases Adults 15-49;2000;;count;na              ;;;;good;no_of_cases_adults_15_to_49_by_country_clean.csv;2025-06-30 12:28:07
2706;156;Turkey;Europe;5;HIV Cases Adults 15-49;2005;;count;na              ;;;;good;no_of_cases_adults_15_to_49_by_country_clean.csv;2025-06-30 12:28:07
2536;156;Turkey;Europe;5;HIV Cases Adults 15-49;2010;;count;na              ;;;;good;no_of_cases_adults_15_to_49_by_country_clean.csv;2025-06-30 12:28:07
2366;156;Turkey;Europe;5;HIV Cases Adults 15-49;2018;;count;na              ;;;;good;no_of_cases_adults_15_to_49_by_country_clean.csv;2025-06-30 12:28:07
2196;156;Turkey;Europe;4;HIV-related Deaths;2000;;count;na                    ;;;;good;no_of_deaths_by_country_clean.csv;2025-06-30 12:28:07
2026;156;Turkey;Europe;4;HIV-related Deaths;2010;;count;na                    ;;;;good;no_of_deaths_by_country_clean.csv;2025-06-30 12:28:07
1856;156;Turkey;Europe;4;HIV-related Deaths;2018;;count;na                    ;;;;good;no_of_deaths_by_country_clean.csv;2025-06-30 12:28:07
1686;156;Turkey;Europe;3;People Living with HIV;2000;;count;na                       ;;;;good;no_of_people_living_with_hiv_by_country_clean.csv;2025-06-30 12:28:07
1516;156;Turkey;Europe;3;People Living with HIV;2005;;count;na                       ;;;;good;no_of_people_living_with_hiv_by_country_clean.csv;2025-06-30 12:28:07
1346;156;Turkey;Europe;3;People Living with HIV;2010;;count;na                       ;;;;good;no_of_people_living_with_hiv_by_country_clean.csv;2025-06-30 12:28:07
1176;156;Turkey;Europe;3;People Living with HIV;2018;;count;na                       ;;;;good;no_of_people_living_with_hiv_by_country_clean.csv;2025-06-30 12:28:07
467;156;Turkey;Europe;1;Prevention of Mother-to-Child Transmission;2023;;needing_antiretrovirals;Nodata                  ;;;;good;prevention_of_mother_to_child_transmission_by_country_clean.csv;2025-06-30 12:28:07
468;156;Turkey;Europe;1;Prevention of Mother-to-Child Transmission;2023;;percentage_received;Nodata              ;;;;good;prevention_of_mother_to_child_transmission_by_country_clean.csv;2025-06-30 12:28:07
466;156;Turkey;Europe;1;Prevention of Mother-to-Child Transmission;2023;;received_antiretrovirals;No data                  ;;;;good;prevention_of_mother_to_child_transmission_by_country_clean.csv;2025-06-30 12:28:07
981;157;Turkmenistan;Europe;2;ART Coverage;2023;;estimated_art_coverage_percent;Nodata                                                  ;;;;good;art_coverage_by_country_clean.csv;2025-06-30 12:28:07
980;157;Turkmenistan;Europe;2;ART Coverage;2023;;estimated_living_with_hiv;Nodata                                     ;;;;good;art_coverage_by_country_clean.csv;2025-06-30 12:28:07
979;157;Turkmenistan;Europe;2;ART Coverage;2023;;reported_receiving_art;Nodata                                  ;;;;good;art_coverage_by_country_clean.csv;2025-06-30 12:28:07
3361;157;Turkmenistan;Europe;6;ART Pediatric Coverage;2023;;estimated_children_art_coverage_percent;Nodata                                    ;;;;good;art_pediatric_coverage_by_country_clean.csv;2025-06-30 12:28:07
3360;157;Turkmenistan;Europe;6;ART Pediatric Coverage;2023;;estimated_children_needing_art;Nodata                                                        ;;;;good;art_pediatric_coverage_by_country_clean.csv;2025-06-30 12:28:07
3359;157;Turkmenistan;Europe;6;ART Pediatric Coverage;2023;;reported_children_receiving_art;No data                                   ;;;;good;art_pediatric_coverage_by_country_clean.csv;2025-06-30 12:28:07
2877;157;Turkmenistan;Europe;5;HIV Cases Adults 15-49;2000;;count;na              ;;;;good;no_of_cases_adults_15_to_49_by_country_clean.csv;2025-06-30 12:28:07
2707;157;Turkmenistan;Europe;5;HIV Cases Adults 15-49;2005;;count;na              ;;;;good;no_of_cases_adults_15_to_49_by_country_clean.csv;2025-06-30 12:28:07
2537;157;Turkmenistan;Europe;5;HIV Cases Adults 15-49;2010;;count;na              ;;;;good;no_of_cases_adults_15_to_49_by_country_clean.csv;2025-06-30 12:28:07
2367;157;Turkmenistan;Europe;5;HIV Cases Adults 15-49;2018;;count;na              ;;;;good;no_of_cases_adults_15_to_49_by_country_clean.csv;2025-06-30 12:28:07
2197;157;Turkmenistan;Europe;4;HIV-related Deaths;2000;;count;na                    ;;;;good;no_of_deaths_by_country_clean.csv;2025-06-30 12:28:07
2027;157;Turkmenistan;Europe;4;HIV-related Deaths;2010;;count;na                    ;;;;good;no_of_deaths_by_country_clean.csv;2025-06-30 12:28:07
1857;157;Turkmenistan;Europe;4;HIV-related Deaths;2018;;count;na                    ;;;;good;no_of_deaths_by_country_clean.csv;2025-06-30 12:28:07
1687;157;Turkmenistan;Europe;3;People Living with HIV;2000;;count;na                       ;;;;good;no_of_people_living_with_hiv_by_country_clean.csv;2025-06-30 12:28:07
1517;157;Turkmenistan;Europe;3;People Living with HIV;2005;;count;na                       ;;;;good;no_of_people_living_with_hiv_by_country_clean.csv;2025-06-30 12:28:07
1347;157;Turkmenistan;Europe;3;People Living with HIV;2010;;count;na                       ;;;;good;no_of_people_living_with_hiv_by_country_clean.csv;2025-06-30 12:28:07
1177;157;Turkmenistan;Europe;3;People Living with HIV;2018;;count;na                       ;;;;good;no_of_people_living_with_hiv_by_country_clean.csv;2025-06-30 12:28:07
470;157;Turkmenistan;Europe;1;Prevention of Mother-to-Child Transmission;2023;;needing_antiretrovirals;Nodata                  ;;;;good;prevention_of_mother_to_child_transmission_by_country_clean.csv;2025-06-30 12:28:07
471;157;Turkmenistan;Europe;1;Prevention of Mother-to-Child Transmission;2023;;percentage_received;                    ;;;;good;prevention_of_mother_to_child_transmission_by_country_clean.csv;2025-06-30 12:28:07
469;157;Turkmenistan;Europe;1;Prevention of Mother-to-Child Transmission;2023;;received_antiretrovirals;No data                  ;;;;good;prevention_of_mother_to_child_transmission_by_country_clean.csv;2025-06-30 12:28:07
984;158;Uganda;Africa;2;ART Coverage;2023;72.0;estimated_art_coverage_percent;;68.0;78.0;72.0;good;art_coverage_by_country_clean.csv;2025-06-30 12:28:07
983;158;Uganda;Africa;2;ART Coverage;2023;1400000.0;estimated_living_with_hiv;;1300000.0;1500000.0;1400000.0;good;art_coverage_by_country_clean.csv;2025-06-30 12:28:07
982;158;Uganda;Africa;2;ART Coverage;2023;1004000.0;reported_receiving_art;;;;;good;art_coverage_by_country_clean.csv;2025-06-30 12:28:07
3364;158;Uganda;Africa;6;ART Pediatric Coverage;2023;66.0;estimated_children_art_coverage_percent;;57.0;74.0;66.0;good;art_pediatric_coverage_by_country_clean.csv;2025-06-30 12:28:07
3363;158;Uganda;Africa;6;ART Pediatric Coverage;2023;100000.0;estimated_children_needing_art;;88000.0;110000.0;100000.0;good;art_pediatric_coverage_by_country_clean.csv;2025-06-30 12:28:07
3362;158;Uganda;Africa;6;ART Pediatric Coverage;2023;67100.0;reported_children_receiving_art;;;;;good;art_pediatric_coverage_by_country_clean.csv;2025-06-30 12:28:07
2878;158;Uganda;Africa;5;HIV Cases Adults 15-49;2000;8.3;count;;7.7;8.9;8.3;good;no_of_cases_adults_15_to_49_by_country_clean.csv;2025-06-30 12:28:07
2708;158;Uganda;Africa;5;HIV Cases Adults 15-49;2005;7.3;count;;6.9;7.6;7.3;good;no_of_cases_adults_15_to_49_by_country_clean.csv;2025-06-30 12:28:07
2538;158;Uganda;Africa;5;HIV Cases Adults 15-49;2010;6.8;count;;6.5;7.1;6.8;good;no_of_cases_adults_15_to_49_by_country_clean.csv;2025-06-30 12:28:07
2368;158;Uganda;Africa;5;HIV Cases Adults 15-49;2018;5.7;count;;5.4;6.1;5.7;good;no_of_cases_adults_15_to_49_by_country_clean.csv;2025-06-30 12:28:07
2198;158;Uganda;Africa;4;HIV-related Deaths;2000;85000.0;count;;75000.0;99000.0;85000.0;good;no_of_deaths_by_country_clean.csv;2025-06-30 12:28:07
2028;158;Uganda;Africa;4;HIV-related Deaths;2010;56000.0;count;;48000.0;66000.0;56000.0;good;no_of_deaths_by_country_clean.csv;2025-06-30 12:28:07
1858;158;Uganda;Africa;4;HIV-related Deaths;2018;23000.0;count;;19000.0;31000.0;23000.0;good;no_of_deaths_by_country_clean.csv;2025-06-30 12:28:07
1688;158;Uganda;Africa;3;People Living with HIV;2000;1000000.0;count;;930000.0;1100000.0;1000000.0;good;no_of_people_living_with_hiv_by_country_clean.csv;2025-06-30 12:28:07
1518;158;Uganda;Africa;3;People Living with HIV;2005;1100000.0;count;;1000000.0;1100000.0;1100000.0;good;no_of_people_living_with_hiv_by_country_clean.csv;2025-06-30 12:28:07
1348;158;Uganda;Africa;3;People Living with HIV;2010;1200000.0;count;;1100000.0;1300000.0;1200000.0;good;no_of_people_living_with_hiv_by_country_clean.csv;2025-06-30 12:28:07
1178;158;Uganda;Africa;3;People Living with HIV;2018;1400000.0;count;;1300000.0;1500000.0;1400000.0;good;no_of_people_living_with_hiv_by_country_clean.csv;2025-06-30 12:28:07
473;158;Uganda;Africa;1;Prevention of Mother-to-Child Transmission;2023;100000.0;needing_antiretrovirals;;81000.0;120000.0;100000.0;good;prevention_of_mother_to_child_transmission_by_country_clean.csv;2025-06-30 12:28:07
474;158;Uganda;Africa;1;Prevention of Mother-to-Child Transmission;2023;93.0;percentage_received;;73.0;95.0;93.0;good;prevention_of_mother_to_child_transmission_by_country_clean.csv;2025-06-30 12:28:07
472;158;Uganda;Africa;1;Prevention of Mother-to-Child Transmission;2023;94800.0;received_antiretrovirals;;;;;good;prevention_of_mother_to_child_transmission_by_country_clean.csv;2025-06-30 12:28:07
987;159;Ukraine;Europe;2;ART Coverage;2023;52.0;estimated_art_coverage_percent;;48.0;56.0;52.0;good;art_coverage_by_country_clean.csv;2025-06-30 12:28:07
986;159;Ukraine;Europe;2;ART Coverage;2023;240000.0;estimated_living_with_hiv;;220000.0;260000.0;240000.0;good;art_coverage_by_country_clean.csv;2025-06-30 12:28:07
985;159;Ukraine;Europe;2;ART Coverage;2023;124000.0;reported_receiving_art;;;;;good;art_coverage_by_country_clean.csv;2025-06-30 12:28:07
3367;159;Ukraine;Europe;6;ART Pediatric Coverage;2023;95.0;estimated_children_art_coverage_percent;;84.0;95.0;95.0;good;art_pediatric_coverage_by_country_clean.csv;2025-06-30 12:28:07
3366;159;Ukraine;Europe;6;ART Pediatric Coverage;2023;850.0;estimated_children_needing_art;;750.0;980.0;850.0;good;art_pediatric_coverage_by_country_clean.csv;2025-06-30 12:28:07
3365;159;Ukraine;Europe;6;ART Pediatric Coverage;2023;820.0;reported_children_receiving_art;;;;;good;art_pediatric_coverage_by_country_clean.csv;2025-06-30 12:28:07
2879;159;Ukraine;Europe;5;HIV Cases Adults 15-49;2000;0.6;count;;0.6;0.7;0.6;good;no_of_cases_adults_15_to_49_by_country_clean.csv;2025-06-30 12:28:07
2709;159;Ukraine;Europe;5;HIV Cases Adults 15-49;2005;0.9;count;;0.8;0.9;0.9;good;no_of_cases_adults_15_to_49_by_country_clean.csv;2025-06-30 12:28:07
2539;159;Ukraine;Europe;5;HIV Cases Adults 15-49;2010;0.9;count;;0.9;0.9;0.9;good;no_of_cases_adults_15_to_49_by_country_clean.csv;2025-06-30 12:28:07
2369;159;Ukraine;Europe;5;HIV Cases Adults 15-49;2018;1.0;count;;0.9;1.0;1.0;good;no_of_cases_adults_15_to_49_by_country_clean.csv;2025-06-30 12:28:07
2199;159;Ukraine;Europe;4;HIV-related Deaths;2000;4500.0;count;;3100.0;6200.0;4500.0;good;no_of_deaths_by_country_clean.csv;2025-06-30 12:28:07
2029;159;Ukraine;Europe;4;HIV-related Deaths;2010;12000.0;count;;10000.0;15000.0;12000.0;good;no_of_deaths_by_country_clean.csv;2025-06-30 12:28:07
1859;159;Ukraine;Europe;4;HIV-related Deaths;2018;6100.0;count;;4700.0;8000.0;6100.0;good;no_of_deaths_by_country_clean.csv;2025-06-30 12:28:07
1689;159;Ukraine;Europe;3;People Living with HIV;2000;170000.0;count;;150000.0;180000.0;170000.0;good;no_of_people_living_with_hiv_by_country_clean.csv;2025-06-30 12:28:07
1519;159;Ukraine;Europe;3;People Living with HIV;2005;230000.0;count;;220000.0;240000.0;230000.0;good;no_of_people_living_with_hiv_by_country_clean.csv;2025-06-30 12:28:07
1349;159;Ukraine;Europe;3;People Living with HIV;2010;230000.0;count;;220000.0;250000.0;230000.0;good;no_of_people_living_with_hiv_by_country_clean.csv;2025-06-30 12:28:07
1179;159;Ukraine;Europe;3;People Living with HIV;2018;240000.0;count;;220000.0;260000.0;240000.0;good;no_of_people_living_with_hiv_by_country_clean.csv;2025-06-30 12:28:07
476;159;Ukraine;Europe;1;Prevention of Mother-to-Child Transmission;2023;2200.0;needing_antiretrovirals;;1900.0;2500.0;2200.0;good;prevention_of_mother_to_child_transmission_by_country_clean.csv;2025-06-30 12:28:07
477;159;Ukraine;Europe;1;Prevention of Mother-to-Child Transmission;2023;95.0;percentage_received;;89.0;95.0;95.0;good;prevention_of_mother_to_child_transmission_by_country_clean.csv;2025-06-30 12:28:07
475;159;Ukraine;Europe;1;Prevention of Mother-to-Child Transmission;2023;2200.0;received_antiretrovirals;;;;;good;prevention_of_mother_to_child_transmission_by_country_clean.csv;2025-06-30 12:28:07
990;160;United Arab Emirates;Eastern Mediterranean;2;ART Coverage;2023;;estimated_art_coverage_percent;Nodata                                                  ;;;;good;art_coverage_by_country_clean.csv;2025-06-30 12:28:07
989;160;United Arab Emirates;Eastern Mediterranean;2;ART Coverage;2023;;estimated_living_with_hiv;Nodata                                     ;;;;good;art_coverage_by_country_clean.csv;2025-06-30 12:28:07
988;160;United Arab Emirates;Eastern Mediterranean;2;ART Coverage;2023;;reported_receiving_art;Nodata                                  ;;;;good;art_coverage_by_country_clean.csv;2025-06-30 12:28:07
3370;160;United Arab Emirates;Eastern Mediterranean;6;ART Pediatric Coverage;2023;;estimated_children_art_coverage_percent;Nodata                                    ;;;;good;art_pediatric_coverage_by_country_clean.csv;2025-06-30 12:28:07
3369;160;United Arab Emirates;Eastern Mediterranean;6;ART Pediatric Coverage;2023;;estimated_children_needing_art;Nodata                                                        ;;;;good;art_pediatric_coverage_by_country_clean.csv;2025-06-30 12:28:07
3368;160;United Arab Emirates;Eastern Mediterranean;6;ART Pediatric Coverage;2023;;reported_children_receiving_art;No data                                   ;;;;good;art_pediatric_coverage_by_country_clean.csv;2025-06-30 12:28:07
2880;160;United Arab Emirates;Eastern Mediterranean;5;HIV Cases Adults 15-49;2000;;count;na              ;;;;good;no_of_cases_adults_15_to_49_by_country_clean.csv;2025-06-30 12:28:07
2710;160;United Arab Emirates;Eastern Mediterranean;5;HIV Cases Adults 15-49;2005;;count;na              ;;;;good;no_of_cases_adults_15_to_49_by_country_clean.csv;2025-06-30 12:28:07
2540;160;United Arab Emirates;Eastern Mediterranean;5;HIV Cases Adults 15-49;2010;;count;na              ;;;;good;no_of_cases_adults_15_to_49_by_country_clean.csv;2025-06-30 12:28:07
2370;160;United Arab Emirates;Eastern Mediterranean;5;HIV Cases Adults 15-49;2018;;count;na              ;;;;good;no_of_cases_adults_15_to_49_by_country_clean.csv;2025-06-30 12:28:07
2200;160;United Arab Emirates;Eastern Mediterranean;4;HIV-related Deaths;2000;;count;na                    ;;;;good;no_of_deaths_by_country_clean.csv;2025-06-30 12:28:07
2030;160;United Arab Emirates;Eastern Mediterranean;4;HIV-related Deaths;2010;;count;na                    ;;;;good;no_of_deaths_by_country_clean.csv;2025-06-30 12:28:07
1860;160;United Arab Emirates;Eastern Mediterranean;4;HIV-related Deaths;2018;;count;na                    ;;;;good;no_of_deaths_by_country_clean.csv;2025-06-30 12:28:07
1690;160;United Arab Emirates;Eastern Mediterranean;3;People Living with HIV;2000;;count;na                       ;;;;good;no_of_people_living_with_hiv_by_country_clean.csv;2025-06-30 12:28:07
1520;160;United Arab Emirates;Eastern Mediterranean;3;People Living with HIV;2005;;count;na                       ;;;;good;no_of_people_living_with_hiv_by_country_clean.csv;2025-06-30 12:28:07
1350;160;United Arab Emirates;Eastern Mediterranean;3;People Living with HIV;2010;;count;na                       ;;;;good;no_of_people_living_with_hiv_by_country_clean.csv;2025-06-30 12:28:07
1180;160;United Arab Emirates;Eastern Mediterranean;3;People Living with HIV;2018;;count;na                       ;;;;good;no_of_people_living_with_hiv_by_country_clean.csv;2025-06-30 12:28:07
479;160;United Arab Emirates;Eastern Mediterranean;1;Prevention of Mother-to-Child Transmission;2023;;needing_antiretrovirals;Nodata                  ;;;;good;prevention_of_mother_to_child_transmission_by_country_clean.csv;2025-06-30 12:28:07
480;160;United Arab Emirates;Eastern Mediterranean;1;Prevention of Mother-to-Child Transmission;2023;;percentage_received;Nodata              ;;;;good;prevention_of_mother_to_child_transmission_by_country_clean.csv;2025-06-30 12:28:07
478;160;United Arab Emirates;Eastern Mediterranean;1;Prevention of Mother-to-Child Transmission;2023;10.0;received_antiretrovirals;;;;;good;prevention_of_mother_to_child_transmission_by_country_clean.csv;2025-06-30 12:28:07
993;161;United Kingdom;Europe;2;ART Coverage;2023;;estimated_art_coverage_percent;Nodata                                                  ;;;;good;art_coverage_by_country_clean.csv;2025-06-30 12:28:07
992;161;United Kingdom;Europe;2;ART Coverage;2023;;estimated_living_with_hiv;Nodata                                     ;;;;good;art_coverage_by_country_clean.csv;2025-06-30 12:28:07
991;161;United Kingdom;Europe;2;ART Coverage;2023;;reported_receiving_art;Nodata                                  ;;;;good;art_coverage_by_country_clean.csv;2025-06-30 12:28:07
3373;161;United Kingdom;Europe;6;ART Pediatric Coverage;2023;;estimated_children_art_coverage_percent;Nodata                                    ;;;;good;art_pediatric_coverage_by_country_clean.csv;2025-06-30 12:28:07
3372;161;United Kingdom;Europe;6;ART Pediatric Coverage;2023;;estimated_children_needing_art;Nodata                                                        ;;;;good;art_pediatric_coverage_by_country_clean.csv;2025-06-30 12:28:07
3371;161;United Kingdom;Europe;6;ART Pediatric Coverage;2023;;reported_children_receiving_art;No data                                   ;;;;good;art_pediatric_coverage_by_country_clean.csv;2025-06-30 12:28:07
2881;161;United Kingdom;Europe;5;HIV Cases Adults 15-49;2000;;count;na              ;;;;good;no_of_cases_adults_15_to_49_by_country_clean.csv;2025-06-30 12:28:07
2711;161;United Kingdom;Europe;5;HIV Cases Adults 15-49;2005;;count;na              ;;;;good;no_of_cases_adults_15_to_49_by_country_clean.csv;2025-06-30 12:28:07
2541;161;United Kingdom;Europe;5;HIV Cases Adults 15-49;2010;;count;na              ;;;;good;no_of_cases_adults_15_to_49_by_country_clean.csv;2025-06-30 12:28:07
2371;161;United Kingdom;Europe;5;HIV Cases Adults 15-49;2018;;count;na              ;;;;good;no_of_cases_adults_15_to_49_by_country_clean.csv;2025-06-30 12:28:07
2201;161;United Kingdom;Europe;4;HIV-related Deaths;2000;;count;na                    ;;;;good;no_of_deaths_by_country_clean.csv;2025-06-30 12:28:07
2031;161;United Kingdom;Europe;4;HIV-related Deaths;2010;;count;na                    ;;;;good;no_of_deaths_by_country_clean.csv;2025-06-30 12:28:07
1861;161;United Kingdom;Europe;4;HIV-related Deaths;2018;;count;na                    ;;;;good;no_of_deaths_by_country_clean.csv;2025-06-30 12:28:07
1691;161;United Kingdom;Europe;3;People Living with HIV;2000;;count;na                       ;;;;good;no_of_people_living_with_hiv_by_country_clean.csv;2025-06-30 12:28:07
1521;161;United Kingdom;Europe;3;People Living with HIV;2005;;count;na                       ;;;;good;no_of_people_living_with_hiv_by_country_clean.csv;2025-06-30 12:28:07
1351;161;United Kingdom;Europe;3;People Living with HIV;2010;;count;na                       ;;;;good;no_of_people_living_with_hiv_by_country_clean.csv;2025-06-30 12:28:07
1181;161;United Kingdom;Europe;3;People Living with HIV;2018;;count;na                       ;;;;good;no_of_people_living_with_hiv_by_country_clean.csv;2025-06-30 12:28:07
482;161;United Kingdom;Europe;1;Prevention of Mother-to-Child Transmission;2023;;needing_antiretrovirals;Nodata                  ;;;;good;prevention_of_mother_to_child_transmission_by_country_clean.csv;2025-06-30 12:28:07
483;161;United Kingdom;Europe;1;Prevention of Mother-to-Child Transmission;2023;;percentage_received;Nodata              ;;;;good;prevention_of_mother_to_child_transmission_by_country_clean.csv;2025-06-30 12:28:07
481;161;United Kingdom;Europe;1;Prevention of Mother-to-Child Transmission;2023;;received_antiretrovirals;No data                  ;;;;good;prevention_of_mother_to_child_transmission_by_country_clean.csv;2025-06-30 12:28:07
999;163;United States;Americas;2;ART Coverage;2023;;estimated_art_coverage_percent;Nodata                                                  ;;;;good;art_coverage_by_country_clean.csv;2025-06-30 12:28:07
998;163;United States;Americas;2;ART Coverage;2023;;estimated_living_with_hiv;Nodata                                     ;;;;good;art_coverage_by_country_clean.csv;2025-06-30 12:28:07
997;163;United States;Americas;2;ART Coverage;2023;;reported_receiving_art;Nodata                                  ;;;;good;art_coverage_by_country_clean.csv;2025-06-30 12:28:07
3379;163;United States;Americas;6;ART Pediatric Coverage;2023;;estimated_children_art_coverage_percent;Nodata                                    ;;;;good;art_pediatric_coverage_by_country_clean.csv;2025-06-30 12:28:07
3378;163;United States;Americas;6;ART Pediatric Coverage;2023;;estimated_children_needing_art;Nodata                                                        ;;;;good;art_pediatric_coverage_by_country_clean.csv;2025-06-30 12:28:07
3377;163;United States;Americas;6;ART Pediatric Coverage;2023;;reported_children_receiving_art;No data                                   ;;;;good;art_pediatric_coverage_by_country_clean.csv;2025-06-30 12:28:07
2883;163;United States;Americas;5;HIV Cases Adults 15-49;2000;;count;na              ;;;;good;no_of_cases_adults_15_to_49_by_country_clean.csv;2025-06-30 12:28:07
2713;163;United States;Americas;5;HIV Cases Adults 15-49;2005;;count;na              ;;;;good;no_of_cases_adults_15_to_49_by_country_clean.csv;2025-06-30 12:28:07
2543;163;United States;Americas;5;HIV Cases Adults 15-49;2010;0.4;count;;0.3;0.5;0.4;good;no_of_cases_adults_15_to_49_by_country_clean.csv;2025-06-30 12:28:07
2373;163;United States;Americas;5;HIV Cases Adults 15-49;2018;;count;na              ;;;;good;no_of_cases_adults_15_to_49_by_country_clean.csv;2025-06-30 12:28:07
2203;163;United States;Americas;4;HIV-related Deaths;2000;;count;na                    ;;;;good;no_of_deaths_by_country_clean.csv;2025-06-30 12:28:07
2033;163;United States;Americas;4;HIV-related Deaths;2010;;count;na                    ;;;;good;no_of_deaths_by_country_clean.csv;2025-06-30 12:28:07
1863;163;United States;Americas;4;HIV-related Deaths;2018;;count;na                    ;;;;good;no_of_deaths_by_country_clean.csv;2025-06-30 12:28:07
1693;163;United States;Americas;3;People Living with HIV;2000;;count;na                       ;;;;good;no_of_people_living_with_hiv_by_country_clean.csv;2025-06-30 12:28:07
1523;163;United States;Americas;3;People Living with HIV;2005;;count;na                       ;;;;good;no_of_people_living_with_hiv_by_country_clean.csv;2025-06-30 12:28:07
1353;163;United States;Americas;3;People Living with HIV;2010;990000.0;count;;880000.0;1100000.0;990000.0;good;no_of_people_living_with_hiv_by_country_clean.csv;2025-06-30 12:28:07
1183;163;United States;Americas;3;People Living with HIV;2018;;count;na                       ;;;;good;no_of_people_living_with_hiv_by_country_clean.csv;2025-06-30 12:28:07
488;163;United States;Americas;1;Prevention of Mother-to-Child Transmission;2023;;needing_antiretrovirals;Nodata                  ;;;;good;prevention_of_mother_to_child_transmission_by_country_clean.csv;2025-06-30 12:28:07
489;163;United States;Americas;1;Prevention of Mother-to-Child Transmission;2023;;percentage_received;Nodata              ;;;;good;prevention_of_mother_to_child_transmission_by_country_clean.csv;2025-06-30 12:28:07
487;163;United States;Americas;1;Prevention of Mother-to-Child Transmission;2023;;received_antiretrovirals;No data                  ;;;;good;prevention_of_mother_to_child_transmission_by_country_clean.csv;2025-06-30 12:28:07
1002;164;Uruguay;Americas;2;ART Coverage;2023;58.0;estimated_art_coverage_percent;;41.0;76.0;58.0;good;art_coverage_by_country_clean.csv;2025-06-30 12:28:07
1001;164;Uruguay;Americas;2;ART Coverage;2023;14000.0;estimated_living_with_hiv;;9900.0;19000.0;14000.0;good;art_coverage_by_country_clean.csv;2025-06-30 12:28:07
1000;164;Uruguay;Americas;2;ART Coverage;2023;8100.0;reported_receiving_art;;;;;good;art_coverage_by_country_clean.csv;2025-06-30 12:28:07
3382;164;Uruguay;Americas;6;ART Pediatric Coverage;2023;64.0;estimated_children_art_coverage_percent;;47.0;90.0;64.0;good;art_pediatric_coverage_by_country_clean.csv;2025-06-30 12:28:07
3381;164;Uruguay;Americas;6;ART Pediatric Coverage;2023;200.0;estimated_children_needing_art;;100.0;200.0;200.0;good;art_pediatric_coverage_by_country_clean.csv;2025-06-30 12:28:07
3380;164;Uruguay;Americas;6;ART Pediatric Coverage;2023;80.0;reported_children_receiving_art;;;;;good;art_pediatric_coverage_by_country_clean.csv;2025-06-30 12:28:07
2884;164;Uruguay;Americas;5;HIV Cases Adults 15-49;2000;0.3;count;;0.2;0.6;0.3;good;no_of_cases_adults_15_to_49_by_country_clean.csv;2025-06-30 12:28:07
2714;164;Uruguay;Americas;5;HIV Cases Adults 15-49;2005;0.4;count;;0.3;0.5;0.4;good;no_of_cases_adults_15_to_49_by_country_clean.csv;2025-06-30 12:28:07
2544;164;Uruguay;Americas;5;HIV Cases Adults 15-49;2010;0.5;count;;0.4;0.5;0.5;good;no_of_cases_adults_15_to_49_by_country_clean.csv;2025-06-30 12:28:07
2374;164;Uruguay;Americas;5;HIV Cases Adults 15-49;2018;0.6;count;;0.4;0.8;0.6;good;no_of_cases_adults_15_to_49_by_country_clean.csv;2025-06-30 12:28:07
2204;164;Uruguay;Americas;4;HIV-related Deaths;2000;500.0;count;;100.0;500.0;500.0;good;no_of_deaths_by_country_clean.csv;2025-06-30 12:28:07
2034;164;Uruguay;Americas;4;HIV-related Deaths;2010;500.0;count;;200.0;500.0;500.0;good;no_of_deaths_by_country_clean.csv;2025-06-30 12:28:07
1864;164;Uruguay;Americas;4;HIV-related Deaths;2018;200.0;count;;100.0;500.0;200.0;good;no_of_deaths_by_country_clean.csv;2025-06-30 12:28:07
1694;164;Uruguay;Americas;3;People Living with HIV;2000;6000.0;count;;4200.0;12000.0;6000.0;good;no_of_people_living_with_hiv_by_country_clean.csv;2025-06-30 12:28:07
1524;164;Uruguay;Americas;3;People Living with HIV;2005;7600.0;count;;6200.0;10000.0;7600.0;good;no_of_people_living_with_hiv_by_country_clean.csv;2025-06-30 12:28:07
1354;164;Uruguay;Americas;3;People Living with HIV;2010;9600.0;count;;8000.0;11000.0;9600.0;good;no_of_people_living_with_hiv_by_country_clean.csv;2025-06-30 12:28:07
1184;164;Uruguay;Americas;3;People Living with HIV;2018;14000.0;count;;9900.0;19000.0;14000.0;good;no_of_people_living_with_hiv_by_country_clean.csv;2025-06-30 12:28:07
491;164;Uruguay;Americas;1;Prevention of Mother-to-Child Transmission;2023;200.0;needing_antiretrovirals;;100.0;200.0;200.0;good;prevention_of_mother_to_child_transmission_by_country_clean.csv;2025-06-30 12:28:07
492;164;Uruguay;Americas;1;Prevention of Mother-to-Child Transmission;2023;95.0;percentage_received;;71.0;95.0;95.0;good;prevention_of_mother_to_child_transmission_by_country_clean.csv;2025-06-30 12:28:07
490;164;Uruguay;Americas;1;Prevention of Mother-to-Child Transmission;2023;140.0;received_antiretrovirals;;;;;good;prevention_of_mother_to_child_transmission_by_country_clean.csv;2025-06-30 12:28:07
1005;165;Uzbekistan;Europe;2;ART Coverage;2023;51.0;estimated_art_coverage_percent;;47.0;55.0;51.0;good;art_coverage_by_country_clean.csv;2025-06-30 12:28:07
1004;165;Uzbekistan;Europe;2;ART Coverage;2023;52000.0;estimated_living_with_hiv;;48000.0;56000.0;52000.0;good;art_coverage_by_country_clean.csv;2025-06-30 12:28:07
1003;165;Uzbekistan;Europe;2;ART Coverage;2023;26700.0;reported_receiving_art;;;;;good;art_coverage_by_country_clean.csv;2025-06-30 12:28:07
3385;165;Uzbekistan;Europe;6;ART Pediatric Coverage;2023;93.0;estimated_children_art_coverage_percent;;87.0;95.0;93.0;good;art_pediatric_coverage_by_country_clean.csv;2025-06-30 12:28:07
3384;165;Uzbekistan;Europe;6;ART Pediatric Coverage;2023;6000.0;estimated_children_needing_art;;5600.0;6300.0;6000.0;good;art_pediatric_coverage_by_country_clean.csv;2025-06-30 12:28:07
3383;165;Uzbekistan;Europe;6;ART Pediatric Coverage;2023;5500.0;reported_children_receiving_art;;;;;good;art_pediatric_coverage_by_country_clean.csv;2025-06-30 12:28:07
2885;165;Uzbekistan;Europe;5;HIV Cases Adults 15-49;2000;0.1;count;;0.1;0.1;0.1;good;no_of_cases_adults_15_to_49_by_country_clean.csv;2025-06-30 12:28:07
2715;165;Uzbekistan;Europe;5;HIV Cases Adults 15-49;2005;0.1;count;;0.1;0.1;0.1;good;no_of_cases_adults_15_to_49_by_country_clean.csv;2025-06-30 12:28:07
2545;165;Uzbekistan;Europe;5;HIV Cases Adults 15-49;2010;0.1;count;;0.1;0.2;0.1;good;no_of_cases_adults_15_to_49_by_country_clean.csv;2025-06-30 12:28:07
2375;165;Uzbekistan;Europe;5;HIV Cases Adults 15-49;2018;0.2;count;;0.2;0.2;0.2;good;no_of_cases_adults_15_to_49_by_country_clean.csv;2025-06-30 12:28:07
2205;165;Uzbekistan;Europe;4;HIV-related Deaths;2000;840.0;count;;740.0;920.0;840.0;good;no_of_deaths_by_country_clean.csv;2025-06-30 12:28:07
2035;165;Uzbekistan;Europe;4;HIV-related Deaths;2010;1800.0;count;;1700.0;1900.0;1800.0;good;no_of_deaths_by_country_clean.csv;2025-06-30 12:28:07
1865;165;Uzbekistan;Europe;4;HIV-related Deaths;2018;1300.0;count;;1100.0;1500.0;1300.0;good;no_of_deaths_by_country_clean.csv;2025-06-30 12:28:07
1695;165;Uzbekistan;Europe;3;People Living with HIV;2000;14000.0;count;;13000.0;16000.0;14000.0;good;no_of_people_living_with_hiv_by_country_clean.csv;2025-06-30 12:28:07
1525;165;Uzbekistan;Europe;3;People Living with HIV;2005;21000.0;count;;19000.0;23000.0;21000.0;good;no_of_people_living_with_hiv_by_country_clean.csv;2025-06-30 12:28:07
1355;165;Uzbekistan;Europe;3;People Living with HIV;2010;30000.0;count;;27000.0;32000.0;30000.0;good;no_of_people_living_with_hiv_by_country_clean.csv;2025-06-30 12:28:07
1185;165;Uzbekistan;Europe;3;People Living with HIV;2018;52000.0;count;;48000.0;56000.0;52000.0;good;no_of_people_living_with_hiv_by_country_clean.csv;2025-06-30 12:28:07
494;165;Uzbekistan;Europe;1;Prevention of Mother-to-Child Transmission;2023;1500.0;needing_antiretrovirals;;1400.0;1600.0;1500.0;good;prevention_of_mother_to_child_transmission_by_country_clean.csv;2025-06-30 12:28:07
495;165;Uzbekistan;Europe;1;Prevention of Mother-to-Child Transmission;2023;35.0;percentage_received;;33.0;38.0;35.0;good;prevention_of_mother_to_child_transmission_by_country_clean.csv;2025-06-30 12:28:07
493;165;Uzbekistan;Europe;1;Prevention of Mother-to-Child Transmission;2023;540.0;received_antiretrovirals;;;;;good;prevention_of_mother_to_child_transmission_by_country_clean.csv;2025-06-30 12:28:07
1008;166;Venezuela;Americas;2;ART Coverage;2023;;estimated_art_coverage_percent;Nodata                                                  ;;;;good;art_coverage_by_country_clean.csv;2025-06-30 12:28:07
1007;166;Venezuela;Americas;2;ART Coverage;2023;120000.0;estimated_living_with_hiv;;100000.0;130000.0;120000.0;good;art_coverage_by_country_clean.csv;2025-06-30 12:28:07
1006;166;Venezuela;Americas;2;ART Coverage;2023;;reported_receiving_art;Nodata                                  ;;;;good;art_coverage_by_country_clean.csv;2025-06-30 12:28:07
3388;166;Venezuela;Americas;6;ART Pediatric Coverage;2023;;estimated_children_art_coverage_percent;Nodata                                    ;;;;good;art_pediatric_coverage_by_country_clean.csv;2025-06-30 12:28:07
3387;166;Venezuela;Americas;6;ART Pediatric Coverage;2023;;estimated_children_needing_art;Nodata                                                        ;;;;good;art_pediatric_coverage_by_country_clean.csv;2025-06-30 12:28:07
3386;166;Venezuela;Americas;6;ART Pediatric Coverage;2023;;reported_children_receiving_art;No data                                   ;;;;good;art_pediatric_coverage_by_country_clean.csv;2025-06-30 12:28:07
2886;166;Venezuela;Americas;5;HIV Cases Adults 15-49;2000;;count;na              ;;;;good;no_of_cases_adults_15_to_49_by_country_clean.csv;2025-06-30 12:28:07
2716;166;Venezuela;Americas;5;HIV Cases Adults 15-49;2005;;count;na              ;;;;good;no_of_cases_adults_15_to_49_by_country_clean.csv;2025-06-30 12:28:07
2546;166;Venezuela;Americas;5;HIV Cases Adults 15-49;2010;;count;na              ;;;;good;no_of_cases_adults_15_to_49_by_country_clean.csv;2025-06-30 12:28:07
2376;166;Venezuela;Americas;5;HIV Cases Adults 15-49;2018;;count;na              ;;;;good;no_of_cases_adults_15_to_49_by_country_clean.csv;2025-06-30 12:28:07
2206;166;Venezuela;Americas;4;HIV-related Deaths;2000;;count;na                    ;;;;good;no_of_deaths_by_country_clean.csv;2025-06-30 12:28:07
2036;166;Venezuela;Americas;4;HIV-related Deaths;2010;;count;na                    ;;;;good;no_of_deaths_by_country_clean.csv;2025-06-30 12:28:07
1866;166;Venezuela;Americas;4;HIV-related Deaths;2018;;count;na                    ;;;;good;no_of_deaths_by_country_clean.csv;2025-06-30 12:28:07
1696;166;Venezuela;Americas;3;People Living with HIV;2000;;count;na                       ;;;;good;no_of_people_living_with_hiv_by_country_clean.csv;2025-06-30 12:28:07
1526;166;Venezuela;Americas;3;People Living with HIV;2005;;count;na                       ;;;;good;no_of_people_living_with_hiv_by_country_clean.csv;2025-06-30 12:28:07
1356;166;Venezuela;Americas;3;People Living with HIV;2010;;count;na                       ;;;;good;no_of_people_living_with_hiv_by_country_clean.csv;2025-06-30 12:28:07
1186;166;Venezuela;Americas;3;People Living with HIV;2018;120000.0;count;;100000.0;130000.0;120000.0;good;no_of_people_living_with_hiv_by_country_clean.csv;2025-06-30 12:28:07
497;166;Venezuela;Americas;1;Prevention of Mother-to-Child Transmission;2023;;needing_antiretrovirals;Nodata                  ;;;;good;prevention_of_mother_to_child_transmission_by_country_clean.csv;2025-06-30 12:28:07
498;166;Venezuela;Americas;1;Prevention of Mother-to-Child Transmission;2023;;percentage_received;Nodata              ;;;;good;prevention_of_mother_to_child_transmission_by_country_clean.csv;2025-06-30 12:28:07
496;166;Venezuela;Americas;1;Prevention of Mother-to-Child Transmission;2023;410.0;received_antiretrovirals;;;;;good;prevention_of_mother_to_child_transmission_by_country_clean.csv;2025-06-30 12:28:07
1011;167;Viet Nam;Western Pacific;2;ART Coverage;2023;65.0;estimated_art_coverage_percent;;57.0;73.0;65.0;good;art_coverage_by_country_clean.csv;2025-06-30 12:28:07
1010;167;Viet Nam;Western Pacific;2;ART Coverage;2023;230000.0;estimated_living_with_hiv;;200000.0;260000.0;230000.0;good;art_coverage_by_country_clean.csv;2025-06-30 12:28:07
1009;167;Viet Nam;Western Pacific;2;ART Coverage;2023;150000.0;reported_receiving_art;;;;;good;art_coverage_by_country_clean.csv;2025-06-30 12:28:07
3391;167;Viet Nam;Western Pacific;6;ART Pediatric Coverage;2023;92.0;estimated_children_art_coverage_percent;;74.0;95.0;92.0;good;art_pediatric_coverage_by_country_clean.csv;2025-06-30 12:28:07
3390;167;Viet Nam;Western Pacific;6;ART Pediatric Coverage;2023;5000.0;estimated_children_needing_art;;4000.0;5900.0;5000.0;good;art_pediatric_coverage_by_country_clean.csv;2025-06-30 12:28:07
3389;167;Viet Nam;Western Pacific;6;ART Pediatric Coverage;2023;4600.0;reported_children_receiving_art;;;;;good;art_pediatric_coverage_by_country_clean.csv;2025-06-30 12:28:07
2887;167;Viet Nam;Western Pacific;5;HIV Cases Adults 15-49;2000;0.3;count;;0.2;0.3;0.3;good;no_of_cases_adults_15_to_49_by_country_clean.csv;2025-06-30 12:28:07
2717;167;Viet Nam;Western Pacific;5;HIV Cases Adults 15-49;2005;0.3;count;;0.3;0.4;0.3;good;no_of_cases_adults_15_to_49_by_country_clean.csv;2025-06-30 12:28:07
2547;167;Viet Nam;Western Pacific;5;HIV Cases Adults 15-49;2010;0.4;count;;0.3;0.4;0.4;good;no_of_cases_adults_15_to_49_by_country_clean.csv;2025-06-30 12:28:07
2377;167;Viet Nam;Western Pacific;5;HIV Cases Adults 15-49;2018;0.3;count;;0.3;0.4;0.3;good;no_of_cases_adults_15_to_49_by_country_clean.csv;2025-06-30 12:28:07
2207;167;Viet Nam;Western Pacific;4;HIV-related Deaths;2000;6100.0;count;;4300.0;7800.0;6100.0;good;no_of_deaths_by_country_clean.csv;2025-06-30 12:28:07
2037;167;Viet Nam;Western Pacific;4;HIV-related Deaths;2010;8500.0;count;;6400.0;9800.0;8500.0;good;no_of_deaths_by_country_clean.csv;2025-06-30 12:28:07
1867;167;Viet Nam;Western Pacific;4;HIV-related Deaths;2018;4700.0;count;;3200.0;6200.0;4700.0;good;no_of_deaths_by_country_clean.csv;2025-06-30 12:28:07
1697;167;Viet Nam;Western Pacific;3;People Living with HIV;2000;120000.0;count;;110000.0;130000.0;120000.0;good;no_of_people_living_with_hiv_by_country_clean.csv;2025-06-30 12:28:07
1527;167;Viet Nam;Western Pacific;3;People Living with HIV;2005;180000.0;count;;160000.0;210000.0;180000.0;good;no_of_people_living_with_hiv_by_country_clean.csv;2025-06-30 12:28:07
1357;167;Viet Nam;Western Pacific;3;People Living with HIV;2010;220000.0;count;;180000.0;250000.0;220000.0;good;no_of_people_living_with_hiv_by_country_clean.csv;2025-06-30 12:28:07
1187;167;Viet Nam;Western Pacific;3;People Living with HIV;2018;230000.0;count;;200000.0;260000.0;230000.0;good;no_of_people_living_with_hiv_by_country_clean.csv;2025-06-30 12:28:07
500;167;Viet Nam;Western Pacific;1;Prevention of Mother-to-Child Transmission;2023;2400.0;needing_antiretrovirals;;2000.0;2800.0;2400.0;good;prevention_of_mother_to_child_transmission_by_country_clean.csv;2025-06-30 12:28:07
501;167;Viet Nam;Western Pacific;1;Prevention of Mother-to-Child Transmission;2023;81.0;percentage_received;;69.0;95.0;81.0;good;prevention_of_mother_to_child_transmission_by_country_clean.csv;2025-06-30 12:28:07
499;167;Viet Nam;Western Pacific;1;Prevention of Mother-to-Child Transmission;2023;1900.0;received_antiretrovirals;;;;;good;prevention_of_mother_to_child_transmission_by_country_clean.csv;2025-06-30 12:28:07
1014;168;Yemen;Eastern Mediterranean;2;ART Coverage;2023;21.0;estimated_art_coverage_percent;;12.0;35.0;21.0;good;art_coverage_by_country_clean.csv;2025-06-30 12:28:07
1013;168;Yemen;Eastern Mediterranean;2;ART Coverage;2023;11000.0;estimated_living_with_hiv;;6500.0;18000.0;11000.0;good;art_coverage_by_country_clean.csv;2025-06-30 12:28:07
1012;168;Yemen;Eastern Mediterranean;2;ART Coverage;2023;2200.0;reported_receiving_art;;;;;good;art_coverage_by_country_clean.csv;2025-06-30 12:28:07
3394;168;Yemen;Eastern Mediterranean;6;ART Pediatric Coverage;2023;33.0;estimated_children_art_coverage_percent;;24.0;50.0;33.0;good;art_pediatric_coverage_by_country_clean.csv;2025-06-30 12:28:07
3393;168;Yemen;Eastern Mediterranean;6;ART Pediatric Coverage;2023;500.0;estimated_children_needing_art;;500.0;580.0;500.0;good;art_pediatric_coverage_by_country_clean.csv;2025-06-30 12:28:07
3392;168;Yemen;Eastern Mediterranean;6;ART Pediatric Coverage;2023;130.0;reported_children_receiving_art;;;;;good;art_pediatric_coverage_by_country_clean.csv;2025-06-30 12:28:07
2888;168;Yemen;Eastern Mediterranean;5;HIV Cases Adults 15-49;2000;0.1;count;;0.1;0.1;0.1;good;no_of_cases_adults_15_to_49_by_country_clean.csv;2025-06-30 12:28:07
2718;168;Yemen;Eastern Mediterranean;5;HIV Cases Adults 15-49;2005;0.1;count;;0.1;0.1;0.1;good;no_of_cases_adults_15_to_49_by_country_clean.csv;2025-06-30 12:28:07
2548;168;Yemen;Eastern Mediterranean;5;HIV Cases Adults 15-49;2010;0.1;count;;0.1;0.1;0.1;good;no_of_cases_adults_15_to_49_by_country_clean.csv;2025-06-30 12:28:07
2378;168;Yemen;Eastern Mediterranean;5;HIV Cases Adults 15-49;2018;0.1;count;;0.1;0.1;0.1;good;no_of_cases_adults_15_to_49_by_country_clean.csv;2025-06-30 12:28:07
2208;168;Yemen;Eastern Mediterranean;4;HIV-related Deaths;2000;100.0;count;;100.0;200.0;100.0;good;no_of_deaths_by_country_clean.csv;2025-06-30 12:28:07
2038;168;Yemen;Eastern Mediterranean;4;HIV-related Deaths;2010;200.0;count;;100.0;500.0;200.0;good;no_of_deaths_by_country_clean.csv;2025-06-30 12:28:07
1868;168;Yemen;Eastern Mediterranean;4;HIV-related Deaths;2018;500.0;count;;200.0;520.0;500.0;good;no_of_deaths_by_country_clean.csv;2025-06-30 12:28:07
1698;168;Yemen;Eastern Mediterranean;3;People Living with HIV;2000;1100.0;count;;680.0;2500.0;1100.0;good;no_of_people_living_with_hiv_by_country_clean.csv;2025-06-30 12:28:07
1528;168;Yemen;Eastern Mediterranean;3;People Living with HIV;2005;2400.0;count;;1500.0;4000.0;2400.0;good;no_of_people_living_with_hiv_by_country_clean.csv;2025-06-30 12:28:07
1358;168;Yemen;Eastern Mediterranean;3;People Living with HIV;2010;5100.0;count;;3500.0;7400.0;5100.0;good;no_of_people_living_with_hiv_by_country_clean.csv;2025-06-30 12:28:07
1188;168;Yemen;Eastern Mediterranean;3;People Living with HIV;2018;11000.0;count;;6500.0;18000.0;11000.0;good;no_of_people_living_with_hiv_by_country_clean.csv;2025-06-30 12:28:07
503;168;Yemen;Eastern Mediterranean;1;Prevention of Mother-to-Child Transmission;2023;500.0;needing_antiretrovirals;;200.0;500.0;500.0;good;prevention_of_mother_to_child_transmission_by_country_clean.csv;2025-06-30 12:28:07
504;168;Yemen;Eastern Mediterranean;1;Prevention of Mother-to-Child Transmission;2023;13.0;percentage_received;;8.0;20.0;13.0;good;prevention_of_mother_to_child_transmission_by_country_clean.csv;2025-06-30 12:28:07
502;168;Yemen;Eastern Mediterranean;1;Prevention of Mother-to-Child Transmission;2023;30.0;received_antiretrovirals;;;;;good;prevention_of_mother_to_child_transmission_by_country_clean.csv;2025-06-30 12:28:07
1017;169;Zambia;Africa;2;ART Coverage;2023;78.0;estimated_art_coverage_percent;;69.0;88.0;78.0;good;art_coverage_by_country_clean.csv;2025-06-30 12:28:07
1016;169;Zambia;Africa;2;ART Coverage;2023;1200000.0;estimated_living_with_hiv;;1100000.0;1400000.0;1200000.0;good;art_coverage_by_country_clean.csv;2025-06-30 12:28:07
1015;169;Zambia;Africa;2;ART Coverage;2023;965000.0;reported_receiving_art;;;;;good;art_coverage_by_country_clean.csv;2025-06-30 12:28:07
3397;169;Zambia;Africa;6;ART Pediatric Coverage;2023;79.0;estimated_children_art_coverage_percent;;65.0;93.0;79.0;good;art_pediatric_coverage_by_country_clean.csv;2025-06-30 12:28:07
3396;169;Zambia;Africa;6;ART Pediatric Coverage;2023;62000.0;estimated_children_needing_art;;52000.0;74000.0;62000.0;good;art_pediatric_coverage_by_country_clean.csv;2025-06-30 12:28:07
3395;169;Zambia;Africa;6;ART Pediatric Coverage;2023;49100.0;reported_children_receiving_art;;;;;good;art_pediatric_coverage_by_country_clean.csv;2025-06-30 12:28:07
2889;169;Zambia;Africa;5;HIV Cases Adults 15-49;2000;16.2;count;;14.3;18.2;16.2;good;no_of_cases_adults_15_to_49_by_country_clean.csv;2025-06-30 12:28:07
2719;169;Zambia;Africa;5;HIV Cases Adults 15-49;2005;14.1;count;;12.5;15.8;14.1;good;no_of_cases_adults_15_to_49_by_country_clean.csv;2025-06-30 12:28:07
2549;169;Zambia;Africa;5;HIV Cases Adults 15-49;2010;13.0;count;;11.5;14.5;13.0;good;no_of_cases_adults_15_to_49_by_country_clean.csv;2025-06-30 12:28:07
2379;169;Zambia;Africa;5;HIV Cases Adults 15-49;2018;11.3;count;;10.0;12.6;11.3;good;no_of_cases_adults_15_to_49_by_country_clean.csv;2025-06-30 12:28:07
2209;169;Zambia;Africa;4;HIV-related Deaths;2000;62000.0;count;;49000.0;81000.0;62000.0;good;no_of_deaths_by_country_clean.csv;2025-06-30 12:28:07
2039;169;Zambia;Africa;4;HIV-related Deaths;2010;26000.0;count;;21000.0;35000.0;26000.0;good;no_of_deaths_by_country_clean.csv;2025-06-30 12:28:07
1869;169;Zambia;Africa;4;HIV-related Deaths;2018;17000.0;count;;13000.0;22000.0;17000.0;good;no_of_deaths_by_country_clean.csv;2025-06-30 12:28:07
1699;169;Zambia;Africa;3;People Living with HIV;2000;890000.0;count;;800000.0;1000000.0;890000.0;good;no_of_people_living_with_hiv_by_country_clean.csv;2025-06-30 12:28:07
1529;169;Zambia;Africa;3;People Living with HIV;2005;920000.0;count;;820000.0;1000000.0;920000.0;good;no_of_people_living_with_hiv_by_country_clean.csv;2025-06-30 12:28:07
1359;169;Zambia;Africa;3;People Living with HIV;2010;1000000.0;count;;900000.0;1100000.0;1000000.0;good;no_of_people_living_with_hiv_by_country_clean.csv;2025-06-30 12:28:07
1189;169;Zambia;Africa;3;People Living with HIV;2018;1200000.0;count;;1100000.0;1400000.0;1200000.0;good;no_of_people_living_with_hiv_by_country_clean.csv;2025-06-30 12:28:07
506;169;Zambia;Africa;1;Prevention of Mother-to-Child Transmission;2023;48000.0;needing_antiretrovirals;;38000.0;57000.0;48000.0;good;prevention_of_mother_to_child_transmission_by_country_clean.csv;2025-06-30 12:28:07
507;169;Zambia;Africa;1;Prevention of Mother-to-Child Transmission;2023;95.0;percentage_received;;94.0;95.0;95.0;good;prevention_of_mother_to_child_transmission_by_country_clean.csv;2025-06-30 12:28:07
505;169;Zambia;Africa;1;Prevention of Mother-to-Child Transmission;2023;56500.0;received_antiretrovirals;;;;;good;prevention_of_mother_to_child_transmission_by_country_clean.csv;2025-06-30 12:28:07
1020;170;Zimbabwe;Africa;2;ART Coverage;2023;88.0;estimated_art_coverage_percent;;77.0;95.0;88.0;good;art_coverage_by_country_clean.csv;2025-06-30 12:28:07
1019;170;Zimbabwe;Africa;2;ART Coverage;2023;1300000.0;estimated_living_with_hiv;;1100000.0;1500000.0;1300000.0;good;art_coverage_by_country_clean.csv;2025-06-30 12:28:07
1018;170;Zimbabwe;Africa;2;ART Coverage;2023;1151000.0;reported_receiving_art;;;;;good;art_coverage_by_country_clean.csv;2025-06-30 12:28:07
3400;170;Zimbabwe;Africa;6;ART Pediatric Coverage;2023;76.0;estimated_children_art_coverage_percent;;59.0;93.0;76.0;good;art_pediatric_coverage_by_country_clean.csv;2025-06-30 12:28:07
3399;170;Zimbabwe;Africa;6;ART Pediatric Coverage;2023;84000.0;estimated_children_needing_art;;65000.0;100000.0;84000.0;good;art_pediatric_coverage_by_country_clean.csv;2025-06-30 12:28:07
3398;170;Zimbabwe;Africa;6;ART Pediatric Coverage;2023;63900.0;reported_children_receiving_art;;;;;good;art_pediatric_coverage_by_country_clean.csv;2025-06-30 12:28:07
2890;170;Zimbabwe;Africa;5;HIV Cases Adults 15-49;2000;25.0;count;;21.2;28.3;25.0;good;no_of_cases_adults_15_to_49_by_country_clean.csv;2025-06-30 12:28:07
2720;170;Zimbabwe;Africa;5;HIV Cases Adults 15-49;2005;19.0;count;;16.2;21.6;19.0;good;no_of_cases_adults_15_to_49_by_country_clean.csv;2025-06-30 12:28:07
2550;170;Zimbabwe;Africa;5;HIV Cases Adults 15-49;2010;15.4;count;;13.1;17.5;15.4;good;no_of_cases_adults_15_to_49_by_country_clean.csv;2025-06-30 12:28:07
2380;170;Zimbabwe;Africa;5;HIV Cases Adults 15-49;2018;12.7;count;;10.8;14.5;12.7;good;no_of_cases_adults_15_to_49_by_country_clean.csv;2025-06-30 12:28:07
2210;170;Zimbabwe;Africa;4;HIV-related Deaths;2000;120000.0;count;;98000.0;150000.0;120000.0;good;no_of_deaths_by_country_clean.csv;2025-06-30 12:28:07
2040;170;Zimbabwe;Africa;4;HIV-related Deaths;2010;54000.0;count;;43000.0;68000.0;54000.0;good;no_of_deaths_by_country_clean.csv;2025-06-30 12:28:07
1870;170;Zimbabwe;Africa;4;HIV-related Deaths;2018;22000.0;count;;17000.0;27000.0;22000.0;good;no_of_deaths_by_country_clean.csv;2025-06-30 12:28:07
1700;170;Zimbabwe;Africa;3;People Living with HIV;2000;1600000.0;count;;1400000.0;1900000.0;1600000.0;good;no_of_people_living_with_hiv_by_country_clean.csv;2025-06-30 12:28:07
1530;170;Zimbabwe;Africa;3;People Living with HIV;2005;1400000.0;count;;1200000.0;1600000.0;1400000.0;good;no_of_people_living_with_hiv_by_country_clean.csv;2025-06-30 12:28:07
1360;170;Zimbabwe;Africa;3;People Living with HIV;2010;1200000.0;count;;1100000.0;1400000.0;1200000.0;good;no_of_people_living_with_hiv_by_country_clean.csv;2025-06-30 12:28:07
1190;170;Zimbabwe;Africa;3;People Living with HIV;2018;1300000.0;count;;1100000.0;1500000.0;1300000.0;good;no_of_people_living_with_hiv_by_country_clean.csv;2025-06-30 12:28:07
509;170;Zimbabwe;Africa;1;Prevention of Mother-to-Child Transmission;2023;63000.0;needing_antiretrovirals;;48000.0;76000.0;63000.0;good;prevention_of_mother_to_child_transmission_by_country_clean.csv;2025-06-30 12:28:07
510;170;Zimbabwe;Africa;1;Prevention of Mother-to-Child Transmission;2023;94.0;percentage_received;;71.0;95.0;94.0;good;prevention_of_mother_to_child_transmission_by_country_clean.csv;2025-06-30 12:28:07
508;170;Zimbabwe;Africa;1;Prevention of Mother-to-Child Transmission;2023;59600.0;received_antiretrovirals;;;;;good;prevention_of_mother_to_child_transmission_by_country_clean.csv;2025-06-30 12:28:07
