id;nom;description
1;count;count
2;count;count
3;count;count
4;count;count
5;count;count
6;count;count
7;count;count
8;count;count
9;count;count
10;count;count
11;count;count
12;count;count
13;count;count
14;count;count
15;count;count
16;count;count
17;count;count
18;count;count
19;count;count
20;count;count
21;count;count
22;count;count
23;count;count
24;count;count
25;count;count
26;count;count
27;count;count
28;count;count
29;count;count
30;count;count
31;count;count
32;count;count
33;count;count
34;count;count
35;count;count
36;count;count
37;count;count
38;count;count
39;count;count
40;count;count
41;count;count
42;count;count
43;count;count
44;count;count
45;count;count
46;count;count
47;count;count
48;count;count
49;count;count
50;count;count
51;count;count
52;count;count
53;count;count
54;count;count
55;count;count
56;count;count
57;count;count
58;count;count
59;count;count
60;count;count
61;count;count
62;count;count
63;count;count
64;count;count
65;count;count
66;count;count
67;count;count
68;count;count
69;count;count
70;count;count
71;count;count
72;count;count
73;count;count
74;count;count
75;count;count
76;count;count
77;count;count
78;count;count
79;count;count
80;count;count
81;count;count
82;count;count
83;count;count
84;count;count
85;count;count
86;count;count
87;count;count
88;count;count
89;count;count
90;count;count
91;count;count
92;count;count
93;count;count
94;count;count
95;count;count
96;count;count
97;count;count
98;count;count
99;count;count
100;count;count
101;count;count
102;count;count
103;count;count
104;count;count
105;count;count
106;count;count
107;count;count
108;count;count
109;count;count
110;count;count
111;count;count
112;count;count
113;count;count
114;count;count
115;count;count
116;count;count
117;count;count
118;count;count
119;count;count
120;count;count
121;count;count
122;count;count
123;count;count
124;count;count
125;count;count
126;count;count
127;count;count
128;count;count
129;count;count
130;count;count
131;count;count
132;count;count
133;count;count
134;count;count
135;count;count
136;count;count
137;count;count
138;count;count
139;count;count
140;count;count
141;count;count
142;count;count
143;count;count
144;count;count
145;count;count
146;count;count
147;count;count
148;count;count
149;count;count
150;count;count
151;count;count
152;count;count
153;count;count
154;count;count
155;count;count
156;count;count
157;count;count
158;count;count
159;count;count
160;count;count
161;count;count
162;count;count
163;count;count
164;count;count
165;count;count
166;count;count
167;count;count
168;count;count
169;count;count
170;count;count
171;count;count
172;count;count
173;count;count
174;count;count
175;count;count
176;count;count
177;count;count
178;count;count
179;count;count
180;count;count
181;count;count
182;count;count
183;count;count
184;count;count
185;count;count
186;count;count
187;count;count
188;count;count
189;count;count
190;count;count
191;count;count
192;count;count
193;count;count
194;count;count
195;count;count
196;count;count
197;count;count
198;count;count
199;count;count
200;count;count
201;count;count
202;count;count
203;count;count
204;count;count
205;count;count
206;count;count
207;count;count
208;count;count
209;count;count
210;count;count
211;count;count
212;count;count
213;count;count
214;count;count
215;count;count
216;count;count
217;count;count
218;count;count
219;count;count
220;count;count
221;count;count
222;count;count
223;count;count
224;count;count
225;count;count
226;count;count
227;count;count
228;count;count
229;count;count
230;count;count
231;count;count
232;count;count
233;count;count
234;count;count
235;count;count
236;count;count
237;count;count
238;count;count
239;count;count
240;count;count
241;count;count
242;count;count
243;count;count
244;count;count
245;count;count
246;count;count
247;count;count
248;count;count
249;count;count
250;count;count
251;count;count
252;count;count
253;count;count
254;count;count
255;count;count
256;count;count
257;count;count
258;count;count
259;count;count
260;count;count
261;count;count
262;count;count
263;count;count
264;count;count
265;count;count
266;count;count
267;count;count
268;count;count
269;count;count
270;count;count
271;count;count
272;count;count
273;count;count
274;count;count
275;count;count
276;count;count
277;count;count
278;count;count
279;count;count
280;count;count
281;count;count
282;count;count
283;count;count
284;count;count
285;count;count
286;count;count
287;count;count
288;count;count
289;count;count
290;count;count
291;count;count
292;count;count
293;count;count
294;count;count
295;count;count
296;count;count
297;count;count
298;count;count
299;count;count
300;count;count
301;count;count
302;count;count
303;count;count
304;count;count
305;count;count
306;count;count
307;count;count
308;count;count
309;count;count
310;count;count
311;count;count
312;count;count
313;count;count
314;count;count
315;count;count
316;count;count
317;count;count
318;count;count
319;count;count
320;count;count
321;count;count
322;count;count
323;count;count
324;count;count
325;count;count
326;count;count
327;count;count
328;count;count
329;count;count
330;count;count
331;count;count
332;count;count
333;count;count
334;count;count
335;count;count
336;count;count
337;count;count
338;count;count
339;count;count
340;count;count
341;count;count
342;count;count
343;count;count
344;count;count
345;count;count
346;count;count
347;count;count
348;count;count
349;count;count
350;count;count
351;count;count
352;count;count
353;count;count
354;count;count
355;count;count
356;count;count
357;count;count
358;count;count
359;count;count
360;count;count
361;count;count
362;count;count
363;count;count
364;count;count
365;count;count
366;count;count
367;count;count
368;count;count
369;count;count
370;count;count
371;count;count
372;count;count
373;count;count
374;count;count
375;count;count
376;count;count
377;count;count
378;count;count
379;count;count
380;count;count
381;count;count
382;count;count
383;count;count
384;count;count
385;count;count
386;count;count
387;count;count
388;count;count
389;count;count
390;count;count
391;count;count
392;count;count
393;count;count
394;count;count
395;count;count
396;count;count
397;count;count
398;count;count
399;count;count
400;count;count
401;count;count
402;count;count
403;count;count
404;count;count
405;count;count
406;count;count
407;count;count
408;count;count
409;count;count
410;count;count
411;count;count
412;count;count
413;count;count
414;count;count
415;count;count
416;count;count
417;count;count
418;count;count
419;count;count
420;count;count
421;count;count
422;count;count
423;count;count
424;count;count
425;count;count
426;count;count
427;count;count
428;count;count
429;count;count
430;count;count
431;count;count
432;count;count
433;count;count
434;count;count
435;count;count
436;count;count
437;count;count
438;count;count
439;count;count
440;count;count
441;count;count
442;count;count
443;count;count
444;count;count
445;count;count
446;count;count
447;count;count
448;count;count
449;count;count
450;count;count
451;count;count
452;count;count
453;count;count
454;count;count
455;count;count
456;count;count
457;count;count
458;count;count
459;count;count
460;count;count
461;count;count
462;count;count
463;count;count
464;count;count
465;count;count
466;count;count
467;count;count
468;count;count
469;count;count
470;count;count
471;count;count
472;count;count
473;count;count
474;count;count
475;count;count
476;count;count
477;count;count
478;count;count
479;count;count
480;count;count
481;count;count
482;count;count
483;count;count
484;count;count
485;count;count
486;count;count
487;count;count
488;count;count
489;count;count
490;count;count
491;count;count
492;count;count
493;count;count
494;count;count
495;count;count
496;count;count
497;count;count
498;count;count
499;count;count
500;count;count
501;count;count
502;count;count
503;count;count
504;count;count
505;count;count
506;count;count
507;count;count
508;count;count
509;count;count
510;count;count
511;count;count
512;count;count
513;count;count
514;count;count
515;count;count
516;count;count
517;count;count
518;count;count
519;count;count
520;count;count
521;count;count
522;count;count
523;count;count
524;count;count
525;count;count
526;count;count
527;count;count
528;count;count
529;count;count
530;count;count
531;count;count
532;count;count
533;count;count
534;count;count
535;count;count
536;count;count
537;count;count
538;count;count
539;count;count
540;count;count
541;count;count
542;count;count
543;count;count
544;count;count
545;count;count
546;count;count
547;count;count
548;count;count
549;count;count
550;count;count
551;count;count
552;count;count
553;count;count
554;count;count
555;count;count
556;count;count
557;count;count
558;count;count
559;count;count
560;count;count
561;count;count
562;count;count
563;count;count
564;count;count
565;count;count
566;count;count
567;count;count
568;count;count
569;count;count
570;count;count
571;count;count
572;count;count
573;count;count
574;count;count
575;count;count
576;count;count
577;count;count
578;count;count
579;count;count
580;count;count
581;count;count
582;count;count
583;count;count
584;count;count
585;count;count
586;count;count
587;count;count
588;count;count
589;count;count
590;count;count
591;count;count
592;count;count
593;count;count
594;count;count
595;count;count
596;count;count
597;count;count
598;count;count
599;count;count
600;count;count
601;count;count
602;count;count
603;count;count
604;count;count
605;count;count
606;count;count
607;count;count
608;count;count
609;count;count
610;count;count
611;count;count
612;count;count
613;count;count
614;count;count
615;count;count
616;count;count
617;count;count
618;count;count
619;count;count
620;count;count
621;count;count
622;count;count
623;count;count
624;count;count
625;count;count
626;count;count
627;count;count
628;count;count
629;count;count
630;count;count
631;count;count
632;count;count
633;count;count
634;count;count
635;count;count
636;count;count
637;count;count
638;count;count
639;count;count
640;count;count
641;count;count
642;count;count
643;count;count
644;count;count
645;count;count
646;count;count
647;count;count
648;count;count
649;count;count
650;count;count
651;count;count
652;count;count
653;count;count
654;count;count
655;count;count
656;count;count
657;count;count
658;count;count
659;count;count
660;count;count
661;count;count
662;count;count
663;count;count
664;count;count
665;count;count
666;count;count
667;count;count
668;count;count
669;count;count
670;count;count
671;count;count
672;count;count
673;count;count
674;count;count
675;count;count
676;count;count
677;count;count
678;count;count
679;count;count
680;count;count
681;count;count
682;count;count
683;count;count
684;count;count
685;count;count
686;count;count
687;count;count
688;count;count
689;count;count
690;count;count
691;count;count
692;count;count
693;count;count
694;count;count
695;count;count
696;count;count
697;count;count
698;count;count
699;count;count
700;count;count
701;count;count
702;count;count
703;count;count
704;count;count
705;count;count
706;count;count
707;count;count
708;count;count
709;count;count
710;count;count
711;count;count
712;count;count
713;count;count
714;count;count
715;count;count
716;count;count
717;count;count
718;count;count
719;count;count
720;count;count
721;count;count
722;count;count
723;count;count
724;count;count
725;count;count
726;count;count
727;count;count
728;count;count
729;count;count
730;count;count
731;count;count
732;count;count
733;count;count
734;count;count
735;count;count
736;count;count
737;count;count
738;count;count
739;count;count
740;count;count
741;count;count
742;count;count
743;count;count
744;count;count
745;count;count
746;count;count
747;count;count
748;count;count
749;count;count
750;count;count
751;count;count
752;count;count
753;count;count
754;count;count
755;count;count
756;count;count
757;count;count
758;count;count
759;count;count
760;count;count
761;count;count
762;count;count
763;count;count
764;count;count
765;count;count
766;count;count
767;count;count
768;count;count
769;count;count
770;count;count
771;count;count
772;count;count
773;count;count
774;count;count
775;count;count
776;count;count
777;count;count
778;count;count
779;count;count
780;count;count
781;count;count
782;count;count
783;count;count
784;count;count
785;count;count
786;count;count
787;count;count
788;count;count
789;count;count
790;count;count
791;count;count
792;count;count
793;count;count
794;count;count
795;count;count
796;count;count
797;count;count
798;count;count
799;count;count
800;count;count
801;count;count
802;count;count
803;count;count
804;count;count
805;count;count
806;count;count
807;count;count
808;count;count
809;count;count
810;count;count
811;count;count
812;count;count
813;count;count
814;count;count
815;count;count
816;count;count
817;count;count
818;count;count
819;count;count
820;count;count
821;count;count
822;count;count
823;count;count
824;count;count
825;count;count
826;count;count
827;count;count
828;count;count
829;count;count
830;count;count
831;count;count
832;count;count
833;count;count
834;count;count
835;count;count
836;count;count
837;count;count
838;count;count
839;count;count
840;count;count
841;count;count
842;count;count
843;count;count
844;count;count
845;count;count
846;count;count
847;count;count
848;count;count
849;count;count
850;count;count
851;count;count
852;count;count
853;count;count
854;count;count
855;count;count
856;count;count
857;count;count
858;count;count
859;count;count
860;count;count
861;count;count
862;count;count
863;count;count
864;count;count
865;count;count
866;count;count
867;count;count
868;count;count
869;count;count
870;count;count
871;count;count
872;count;count
873;count;count
874;count;count
875;count;count
876;count;count
877;count;count
878;count;count
879;count;count
880;count;count
881;count;count
882;count;count
883;count;count
884;count;count
885;count;count
886;count;count
887;count;count
888;count;count
889;count;count
890;count;count
891;count;count
892;count;count
893;count;count
894;count;count
895;count;count
896;count;count
897;count;count
898;count;count
899;count;count
900;count;count
901;count;count
902;count;count
903;count;count
904;count;count
905;count;count
906;count;count
907;count;count
908;count;count
909;count;count
910;count;count
911;count;count
912;count;count
913;count;count
914;count;count
915;count;count
916;count;count
917;count;count
918;count;count
919;count;count
920;count;count
921;count;count
922;count;count
923;count;count
924;count;count
925;count;count
926;count;count
927;count;count
928;count;count
929;count;count
930;count;count
931;count;count
932;count;count
933;count;count
934;count;count
935;count;count
936;count;count
937;count;count
938;count;count
939;count;count
940;count;count
941;count;count
942;count;count
943;count;count
944;count;count
945;count;count
946;count;count
947;count;count
948;count;count
949;count;count
950;count;count
951;count;count
952;count;count
953;count;count
954;count;count
955;count;count
956;count;count
957;count;count
958;count;count
959;count;count
960;count;count
961;count;count
962;count;count
963;count;count
964;count;count
965;count;count
966;count;count
967;count;count
968;count;count
969;count;count
970;count;count
971;count;count
972;count;count
973;count;count
974;count;count
975;count;count
976;count;count
977;count;count
978;count;count
979;count;count
980;count;count
981;count;count
982;count;count
983;count;count
984;count;count
985;count;count
986;count;count
987;count;count
988;count;count
989;count;count
990;count;count
991;count;count
992;count;count
993;count;count
994;count;count
995;count;count
996;count;count
997;count;count
998;count;count
999;count;count
1000;count;count
1001;count;count
1002;count;count
1003;count;count
1004;count;count
1005;count;count
1006;count;count
1007;count;count
1008;count;count
1009;count;count
1010;count;count
1011;count;count
1012;count;count
1013;count;count
1014;count;count
1015;count;count
1016;count;count
1017;count;count
1018;count;count
1019;count;count
1020;count;count
1021;count;count
1022;count;count
1023;count;count
1024;count;count
1025;count;count
1026;count;count
1027;count;count
1028;count;count
1029;count;count
1030;count;count
1031;count;count
1032;count;count
1033;count;count
1034;count;count
1035;count;count
1036;count;count
1037;count;count
1038;count;count
1039;count;count
1040;count;count
1041;count;count
1042;count;count
1043;count;count
1044;count;count
1045;count;count
1046;count;count
1047;count;count
1048;count;count
1049;count;count
1050;count;count
1051;count;count
1052;count;count
1053;count;count
1054;count;count
1055;count;count
1056;count;count
1057;count;count
1058;count;count
1059;count;count
1060;count;count
1061;count;count
1062;count;count
1063;count;count
1064;count;count
1065;count;count
1066;count;count
1067;count;count
1068;count;count
1069;count;count
1070;count;count
1071;count;count
1072;count;count
1073;count;count
1074;count;count
1075;count;count
1076;count;count
1077;count;count
1078;count;count
1079;count;count
1080;count;count
1081;count;count
1082;count;count
1083;count;count
1084;count;count
1085;count;count
1086;count;count
1087;count;count
1088;count;count
1089;count;count
1090;count;count
1091;count;count
1092;count;count
1093;count;count
1094;count;count
1095;count;count
1096;count;count
1097;count;count
1098;count;count
1099;count;count
1100;count;count
1101;count;count
1102;count;count
1103;count;count
1104;count;count
1105;count;count
1106;count;count
1107;count;count
1108;count;count
1109;count;count
1110;count;count
1111;count;count
1112;count;count
1113;count;count
1114;count;count
1115;count;count
1116;count;count
1117;count;count
1118;count;count
1119;count;count
1120;count;count
1121;count;count
1122;count;count
1123;count;count
1124;count;count
1125;count;count
1126;count;count
1127;count;count
1128;count;count
1129;count;count
1130;count;count
1131;count;count
1132;count;count
1133;count;count
1134;count;count
1135;count;count
1136;count;count
1137;count;count
1138;count;count
1139;count;count
1140;count;count
1141;count;count
1142;count;count
1143;count;count
1144;count;count
1145;count;count
1146;count;count
1147;count;count
1148;count;count
1149;count;count
1150;count;count
1151;count;count
1152;count;count
1153;count;count
1154;count;count
1155;count;count
1156;count;count
1157;count;count
1158;count;count
1159;count;count
1160;count;count
1161;count;count
1162;count;count
1163;count;count
1164;count;count
1165;count;count
1166;count;count
1167;count;count
1168;count;count
1169;count;count
1170;count;count
1171;count;count
1172;count;count
1173;count;count
1174;count;count
1175;count;count
1176;count;count
1177;count;count
1178;count;count
1179;count;count
1180;count;count
1181;count;count
1182;count;count
1183;count;count
1184;count;count
1185;count;count
1186;count;count
1187;count;count
1188;count;count
1189;count;count
1190;count;count
1191;count;count
1192;count;count
1193;count;count
1194;count;count
1195;count;count
1196;count;count
1197;count;count
1198;count;count
1199;count;count
1200;count;count
1201;count;count
1202;count;count
1203;count;count
1204;count;count
1205;count;count
1206;count;count
1207;count;count
1208;count;count
1209;count;count
1210;count;count
1211;count;count
1212;count;count
1213;count;count
1214;count;count
1215;count;count
1216;count;count
1217;count;count
1218;count;count
1219;count;count
1220;count;count
1221;count;count
1222;count;count
1223;count;count
1224;count;count
1225;count;count
1226;count;count
1227;count;count
1228;count;count
1229;count;count
1230;count;count
1231;count;count
1232;count;count
1233;count;count
1234;count;count
1235;count;count
1236;count;count
1237;count;count
1238;count;count
1239;count;count
1240;count;count
1241;count;count
1242;count;count
1243;count;count
1244;count;count
1245;count;count
1246;count;count
1247;count;count
1248;count;count
1249;count;count
1250;count;count
1251;count;count
1252;count;count
1253;count;count
1254;count;count
1255;count;count
1256;count;count
1257;count;count
1258;count;count
1259;count;count
1260;count;count
1261;count;count
1262;count;count
1263;count;count
1264;count;count
1265;count;count
1266;count;count
1267;count;count
1268;count;count
1269;count;count
1270;count;count
1271;count;count
1272;count;count
1273;count;count
1274;count;count
1275;count;count
1276;count;count
1277;count;count
1278;count;count
1279;count;count
1280;count;count
1281;count;count
1282;count;count
1283;count;count
1284;count;count
1285;count;count
1286;count;count
1287;count;count
1288;count;count
1289;count;count
1290;count;count
1291;count;count
1292;count;count
1293;count;count
1294;count;count
1295;count;count
1296;count;count
1297;count;count
1298;count;count
1299;count;count
1300;count;count
1301;count;count
1302;count;count
1303;count;count
1304;count;count
1305;count;count
1306;count;count
1307;count;count
1308;count;count
1309;count;count
1310;count;count
1311;count;count
1312;count;count
1313;count;count
1314;count;count
1315;count;count
1316;count;count
1317;count;count
1318;count;count
1319;count;count
1320;count;count
1321;count;count
1322;count;count
1323;count;count
1324;count;count
1325;count;count
1326;count;count
1327;count;count
1328;count;count
1329;count;count
1330;count;count
1331;count;count
1332;count;count
1333;count;count
1334;count;count
1335;count;count
1336;count;count
1337;count;count
1338;count;count
1339;count;count
1340;count;count
1341;count;count
1342;count;count
1343;count;count
1344;count;count
1345;count;count
1346;count;count
1347;count;count
1348;count;count
1349;count;count
1350;count;count
1351;count;count
1352;count;count
1353;count;count
1354;count;count
1355;count;count
1356;count;count
1357;count;count
1358;count;count
1359;count;count
1360;count;count
1361;count;count
1362;count;count
1363;count;count
1364;count;count
1365;count;count
1366;count;count
1367;count;count
1368;count;count
1369;count;count
1370;count;count
1371;count;count
1372;count;count
1373;count;count
1374;count;count
1375;count;count
1376;count;count
1377;count;count
1378;count;count
1379;count;count
1380;count;count
1381;count;count
1382;count;count
1383;count;count
1384;count;count
1385;count;count
1386;count;count
1387;count;count
1388;count;count
1389;count;count
1390;count;count
1391;count;count
1392;count;count
1393;count;count
1394;count;count
1395;count;count
1396;count;count
1397;count;count
1398;count;count
1399;count;count
1400;count;count
1401;count;count
1402;count;count
1403;count;count
1404;count;count
1405;count;count
1406;count;count
1407;count;count
1408;count;count
1409;count;count
1410;count;count
1411;count;count
1412;count;count
1413;count;count
1414;count;count
1415;count;count
1416;count;count
1417;count;count
1418;count;count
1419;count;count
1420;count;count
1421;count;count
1422;count;count
1423;count;count
1424;count;count
1425;count;count
1426;count;count
1427;count;count
1428;count;count
1429;count;count
1430;count;count
1431;count;count
1432;count;count
1433;count;count
1434;count;count
1435;count;count
1436;count;count
1437;count;count
1438;count;count
1439;count;count
1440;count;count
1441;count;count
1442;count;count
1443;count;count
1444;count;count
1445;count;count
1446;count;count
1447;count;count
1448;count;count
1449;count;count
1450;count;count
1451;count;count
1452;count;count
1453;count;count
1454;count;count
1455;count;count
1456;count;count
1457;count;count
1458;count;count
1459;count;count
1460;count;count
1461;count;count
1462;count;count
1463;count;count
1464;count;count
1465;count;count
1466;count;count
1467;count;count
1468;count;count
1469;count;count
1470;count;count
1471;count;count
1472;count;count
1473;count;count
1474;count;count
1475;count;count
1476;count;count
1477;count;count
1478;count;count
1479;count;count
1480;count;count
1481;count;count
1482;count;count
1483;count;count
1484;count;count
1485;count;count
1486;count;count
1487;count;count
1488;count;count
1489;count;count
1490;count;count
1491;count;count
1492;count;count
1493;count;count
1494;count;count
1495;count;count
1496;count;count
1497;count;count
1498;count;count
1499;count;count
1500;count;count
1501;count;count
1502;count;count
1503;count;count
1504;count;count
1505;count;count
1506;count;count
1507;count;count
1508;count;count
1509;count;count
1510;count;count
1511;count;count
1512;count;count
1513;count;count
1514;count;count
1515;count;count
1516;count;count
1517;count;count
1518;count;count
1519;count;count
1520;count;count
1521;count;count
1522;count;count
1523;count;count
1524;count;count
1525;count;count
1526;count;count
1527;count;count
1528;count;count
1529;count;count
1530;count;count
1531;count;count
1532;count;count
1533;count;count
1534;count;count
1535;count;count
1536;count;count
1537;count;count
1538;count;count
1539;count;count
1540;count;count
1541;count;count
1542;count;count
1543;count;count
1544;count;count
1545;count;count
1546;count;count
1547;count;count
1548;count;count
1549;count;count
1550;count;count
1551;count;count
1552;count;count
1553;count;count
1554;count;count
1555;count;count
1556;count;count
1557;count;count
1558;count;count
1559;count;count
1560;count;count
1561;count;count
1562;count;count
1563;count;count
1564;count;count
1565;count;count
1566;count;count
1567;count;count
1568;count;count
1569;count;count
1570;count;count
1571;count;count
1572;count;count
1573;count;count
1574;count;count
1575;count;count
1576;count;count
1577;count;count
1578;count;count
1579;count;count
1580;count;count
1581;count;count
1582;count;count
1583;count;count
1584;count;count
1585;count;count
1586;count;count
1587;count;count
1588;count;count
1589;count;count
1590;count;count
1591;count;count
1592;count;count
1593;count;count
1594;count;count
1595;count;count
1596;count;count
1597;count;count
1598;count;count
1599;count;count
1600;count;count
1601;count;count
1602;count;count
1603;count;count
1604;count;count
1605;count;count
1606;count;count
1607;count;count
1608;count;count
1609;count;count
1610;count;count
1611;count;count
1612;count;count
1613;count;count
1614;count;count
1615;count;count
1616;count;count
1617;count;count
1618;count;count
1619;count;count
1620;count;count
1621;count;count
1622;count;count
1623;count;count
1624;count;count
1625;count;count
1626;count;count
1627;count;count
1628;count;count
1629;count;count
1630;count;count
1631;count;count
1632;count;count
1633;count;count
1634;count;count
1635;count;count
1636;count;count
1637;count;count
1638;count;count
1639;count;count
1640;count;count
1641;count;count
1642;count;count
1643;count;count
1644;count;count
1645;count;count
1646;count;count
1647;count;count
1648;count;count
1649;count;count
1650;count;count
1651;count;count
1652;count;count
1653;count;count
1654;count;count
1655;count;count
1656;count;count
1657;count;count
1658;count;count
1659;count;count
1660;count;count
1661;count;count
1662;count;count
1663;count;count
1664;count;count
1665;count;count
1666;count;count
1667;count;count
1668;count;count
1669;count;count
1670;count;count
1671;count;count
1672;count;count
1673;count;count
1674;count;count
1675;count;count
1676;count;count
1677;count;count
1678;count;count
1679;count;count
1680;count;count
1681;count;count
1682;count;count
1683;count;count
1684;count;count
1685;count;count
1686;count;count
1687;count;count
1688;count;count
1689;count;count
1690;count;count
1691;count;count
1692;count;count
1693;count;count
1694;count;count
1695;count;count
1696;count;count
1697;count;count
1698;count;count
1699;count;count
1700;count;count
1701;count;count
1702;count;count
1703;count;count
1704;count;count
1705;count;count
1706;count;count
1707;count;count
1708;count;count
1709;count;count
1710;count;count
1711;count;count
1712;count;count
1713;count;count
1714;count;count
1715;count;count
1716;count;count
1717;count;count
1718;count;count
1719;count;count
1720;count;count
1721;count;count
1722;count;count
1723;count;count
1724;count;count
1725;count;count
1726;count;count
1727;count;count
1728;count;count
1729;count;count
1730;count;count
1731;count;count
1732;count;count
1733;count;count
1734;count;count
1735;count;count
1736;count;count
1737;count;count
1738;count;count
1739;count;count
1740;count;count
1741;count;count
1742;count;count
1743;count;count
1744;count;count
1745;count;count
1746;count;count
1747;count;count
1748;count;count
1749;count;count
1750;count;count
1751;count;count
1752;count;count
1753;count;count
1754;count;count
1755;count;count
1756;count;count
1757;count;count
1758;count;count
1759;count;count
1760;count;count
1761;count;count
1762;count;count
1763;count;count
1764;count;count
1765;count;count
1766;count;count
1767;count;count
1768;count;count
1769;count;count
1770;count;count
1771;count;count
1772;count;count
1773;count;count
1774;count;count
1775;count;count
1776;count;count
1777;count;count
1778;count;count
1779;count;count
1780;count;count
1781;count;count
1782;count;count
1783;count;count
1784;count;count
1785;count;count
1786;count;count
1787;count;count
1788;count;count
1789;count;count
1790;count;count
1791;count;count
1792;count;count
1793;count;count
1794;count;count
1795;count;count
1796;count;count
1797;count;count
1798;count;count
1799;count;count
1800;count;count
1801;count;count
1802;count;count
1803;count;count
1804;count;count
1805;count;count
1806;count;count
1807;count;count
1808;count;count
1809;count;count
1810;count;count
1811;count;count
1812;count;count
1813;count;count
1814;count;count
1815;count;count
1816;count;count
1817;count;count
1818;count;count
1819;count;count
1820;count;count
1821;count;count
1822;count;count
1823;count;count
1824;count;count
1825;count;count
1826;count;count
1827;count;count
1828;count;count
1829;count;count
1830;count;count
1831;count;count
1832;count;count
1833;count;count
1834;count;count
1835;count;count
1836;count;count
1837;count;count
1838;count;count
1839;count;count
1840;count;count
1841;count;count
1842;count;count
1843;count;count
1844;count;count
1845;count;count
1846;count;count
1847;count;count
1848;count;count
1849;count;count
1850;count;count
1851;count;count
1852;count;count
1853;count;count
1854;count;count
1855;count;count
1856;count;count
1857;count;count
1858;count;count
1859;count;count
1860;count;count
1861;count;count
1862;count;count
1863;count;count
1864;count;count
1865;count;count
1866;count;count
1867;count;count
1868;count;count
1869;count;count
1870;count;count
1871;estimated_art_coverage_percent;estimated_art_coverage_percent
1872;estimated_art_coverage_percent;estimated_art_coverage_percent
1873;estimated_art_coverage_percent;estimated_art_coverage_percent
1874;estimated_art_coverage_percent;estimated_art_coverage_percent
1875;estimated_art_coverage_percent;estimated_art_coverage_percent
1876;estimated_art_coverage_percent;estimated_art_coverage_percent
1877;estimated_art_coverage_percent;estimated_art_coverage_percent
1878;estimated_art_coverage_percent;estimated_art_coverage_percent
1879;estimated_art_coverage_percent;estimated_art_coverage_percent
1880;estimated_art_coverage_percent;estimated_art_coverage_percent
1881;estimated_art_coverage_percent;estimated_art_coverage_percent
1882;estimated_art_coverage_percent;estimated_art_coverage_percent
1883;estimated_art_coverage_percent;estimated_art_coverage_percent
1884;estimated_art_coverage_percent;estimated_art_coverage_percent
1885;estimated_art_coverage_percent;estimated_art_coverage_percent
1886;estimated_art_coverage_percent;estimated_art_coverage_percent
1887;estimated_art_coverage_percent;estimated_art_coverage_percent
1888;estimated_art_coverage_percent;estimated_art_coverage_percent
1889;estimated_art_coverage_percent;estimated_art_coverage_percent
1890;estimated_art_coverage_percent;estimated_art_coverage_percent
1891;estimated_art_coverage_percent;estimated_art_coverage_percent
1892;estimated_art_coverage_percent;estimated_art_coverage_percent
1893;estimated_art_coverage_percent;estimated_art_coverage_percent
1894;estimated_art_coverage_percent;estimated_art_coverage_percent
1895;estimated_art_coverage_percent;estimated_art_coverage_percent
1896;estimated_art_coverage_percent;estimated_art_coverage_percent
1897;estimated_art_coverage_percent;estimated_art_coverage_percent
1898;estimated_art_coverage_percent;estimated_art_coverage_percent
1899;estimated_art_coverage_percent;estimated_art_coverage_percent
1900;estimated_art_coverage_percent;estimated_art_coverage_percent
1901;estimated_art_coverage_percent;estimated_art_coverage_percent
1902;estimated_art_coverage_percent;estimated_art_coverage_percent
1903;estimated_art_coverage_percent;estimated_art_coverage_percent
1904;estimated_art_coverage_percent;estimated_art_coverage_percent
1905;estimated_art_coverage_percent;estimated_art_coverage_percent
1906;estimated_art_coverage_percent;estimated_art_coverage_percent
1907;estimated_art_coverage_percent;estimated_art_coverage_percent
1908;estimated_art_coverage_percent;estimated_art_coverage_percent
1909;estimated_art_coverage_percent;estimated_art_coverage_percent
1910;estimated_art_coverage_percent;estimated_art_coverage_percent
1911;estimated_art_coverage_percent;estimated_art_coverage_percent
1912;estimated_art_coverage_percent;estimated_art_coverage_percent
1913;estimated_art_coverage_percent;estimated_art_coverage_percent
1914;estimated_art_coverage_percent;estimated_art_coverage_percent
1915;estimated_art_coverage_percent;estimated_art_coverage_percent
1916;estimated_art_coverage_percent;estimated_art_coverage_percent
1917;estimated_art_coverage_percent;estimated_art_coverage_percent
1918;estimated_art_coverage_percent;estimated_art_coverage_percent
1919;estimated_art_coverage_percent;estimated_art_coverage_percent
1920;estimated_art_coverage_percent;estimated_art_coverage_percent
1921;estimated_art_coverage_percent;estimated_art_coverage_percent
1922;estimated_art_coverage_percent;estimated_art_coverage_percent
1923;estimated_art_coverage_percent;estimated_art_coverage_percent
1924;estimated_art_coverage_percent;estimated_art_coverage_percent
1925;estimated_art_coverage_percent;estimated_art_coverage_percent
1926;estimated_art_coverage_percent;estimated_art_coverage_percent
1927;estimated_art_coverage_percent;estimated_art_coverage_percent
1928;estimated_art_coverage_percent;estimated_art_coverage_percent
1929;estimated_art_coverage_percent;estimated_art_coverage_percent
1930;estimated_art_coverage_percent;estimated_art_coverage_percent
1931;estimated_art_coverage_percent;estimated_art_coverage_percent
1932;estimated_art_coverage_percent;estimated_art_coverage_percent
1933;estimated_art_coverage_percent;estimated_art_coverage_percent
1934;estimated_art_coverage_percent;estimated_art_coverage_percent
1935;estimated_art_coverage_percent;estimated_art_coverage_percent
1936;estimated_art_coverage_percent;estimated_art_coverage_percent
1937;estimated_art_coverage_percent;estimated_art_coverage_percent
1938;estimated_art_coverage_percent;estimated_art_coverage_percent
1939;estimated_art_coverage_percent;estimated_art_coverage_percent
1940;estimated_art_coverage_percent;estimated_art_coverage_percent
1941;estimated_art_coverage_percent;estimated_art_coverage_percent
1942;estimated_art_coverage_percent;estimated_art_coverage_percent
1943;estimated_art_coverage_percent;estimated_art_coverage_percent
1944;estimated_art_coverage_percent;estimated_art_coverage_percent
1945;estimated_art_coverage_percent;estimated_art_coverage_percent
1946;estimated_art_coverage_percent;estimated_art_coverage_percent
1947;estimated_art_coverage_percent;estimated_art_coverage_percent
1948;estimated_art_coverage_percent;estimated_art_coverage_percent
1949;estimated_art_coverage_percent;estimated_art_coverage_percent
1950;estimated_art_coverage_percent;estimated_art_coverage_percent
1951;estimated_art_coverage_percent;estimated_art_coverage_percent
1952;estimated_art_coverage_percent;estimated_art_coverage_percent
1953;estimated_art_coverage_percent;estimated_art_coverage_percent
1954;estimated_art_coverage_percent;estimated_art_coverage_percent
1955;estimated_art_coverage_percent;estimated_art_coverage_percent
1956;estimated_art_coverage_percent;estimated_art_coverage_percent
1957;estimated_art_coverage_percent;estimated_art_coverage_percent
1958;estimated_art_coverage_percent;estimated_art_coverage_percent
1959;estimated_art_coverage_percent;estimated_art_coverage_percent
1960;estimated_art_coverage_percent;estimated_art_coverage_percent
1961;estimated_art_coverage_percent;estimated_art_coverage_percent
1962;estimated_art_coverage_percent;estimated_art_coverage_percent
1963;estimated_art_coverage_percent;estimated_art_coverage_percent
1964;estimated_art_coverage_percent;estimated_art_coverage_percent
1965;estimated_art_coverage_percent;estimated_art_coverage_percent
1966;estimated_art_coverage_percent;estimated_art_coverage_percent
1967;estimated_art_coverage_percent;estimated_art_coverage_percent
1968;estimated_art_coverage_percent;estimated_art_coverage_percent
1969;estimated_art_coverage_percent;estimated_art_coverage_percent
1970;estimated_art_coverage_percent;estimated_art_coverage_percent
1971;estimated_art_coverage_percent;estimated_art_coverage_percent
1972;estimated_art_coverage_percent;estimated_art_coverage_percent
1973;estimated_art_coverage_percent;estimated_art_coverage_percent
1974;estimated_art_coverage_percent;estimated_art_coverage_percent
1975;estimated_art_coverage_percent;estimated_art_coverage_percent
1976;estimated_art_coverage_percent;estimated_art_coverage_percent
1977;estimated_art_coverage_percent;estimated_art_coverage_percent
1978;estimated_art_coverage_percent;estimated_art_coverage_percent
1979;estimated_art_coverage_percent;estimated_art_coverage_percent
1980;estimated_art_coverage_percent;estimated_art_coverage_percent
1981;estimated_art_coverage_percent;estimated_art_coverage_percent
1982;estimated_art_coverage_percent;estimated_art_coverage_percent
1983;estimated_art_coverage_percent;estimated_art_coverage_percent
1984;estimated_art_coverage_percent;estimated_art_coverage_percent
1985;estimated_art_coverage_percent;estimated_art_coverage_percent
1986;estimated_art_coverage_percent;estimated_art_coverage_percent
1987;estimated_art_coverage_percent;estimated_art_coverage_percent
1988;estimated_art_coverage_percent;estimated_art_coverage_percent
1989;estimated_art_coverage_percent;estimated_art_coverage_percent
1990;estimated_art_coverage_percent;estimated_art_coverage_percent
1991;estimated_art_coverage_percent;estimated_art_coverage_percent
1992;estimated_art_coverage_percent;estimated_art_coverage_percent
1993;estimated_art_coverage_percent;estimated_art_coverage_percent
1994;estimated_art_coverage_percent;estimated_art_coverage_percent
1995;estimated_art_coverage_percent;estimated_art_coverage_percent
1996;estimated_art_coverage_percent;estimated_art_coverage_percent
1997;estimated_art_coverage_percent;estimated_art_coverage_percent
1998;estimated_art_coverage_percent;estimated_art_coverage_percent
1999;estimated_art_coverage_percent;estimated_art_coverage_percent
2000;estimated_art_coverage_percent;estimated_art_coverage_percent
2001;estimated_art_coverage_percent;estimated_art_coverage_percent
2002;estimated_art_coverage_percent;estimated_art_coverage_percent
2003;estimated_art_coverage_percent;estimated_art_coverage_percent
2004;estimated_art_coverage_percent;estimated_art_coverage_percent
2005;estimated_art_coverage_percent;estimated_art_coverage_percent
2006;estimated_art_coverage_percent;estimated_art_coverage_percent
2007;estimated_art_coverage_percent;estimated_art_coverage_percent
2008;estimated_art_coverage_percent;estimated_art_coverage_percent
2009;estimated_art_coverage_percent;estimated_art_coverage_percent
2010;estimated_art_coverage_percent;estimated_art_coverage_percent
2011;estimated_art_coverage_percent;estimated_art_coverage_percent
2012;estimated_art_coverage_percent;estimated_art_coverage_percent
2013;estimated_art_coverage_percent;estimated_art_coverage_percent
2014;estimated_art_coverage_percent;estimated_art_coverage_percent
2015;estimated_art_coverage_percent;estimated_art_coverage_percent
2016;estimated_art_coverage_percent;estimated_art_coverage_percent
2017;estimated_art_coverage_percent;estimated_art_coverage_percent
2018;estimated_art_coverage_percent;estimated_art_coverage_percent
2019;estimated_art_coverage_percent;estimated_art_coverage_percent
2020;estimated_art_coverage_percent;estimated_art_coverage_percent
2021;estimated_art_coverage_percent;estimated_art_coverage_percent
2022;estimated_art_coverage_percent;estimated_art_coverage_percent
2023;estimated_art_coverage_percent;estimated_art_coverage_percent
2024;estimated_art_coverage_percent;estimated_art_coverage_percent
2025;estimated_art_coverage_percent;estimated_art_coverage_percent
2026;estimated_art_coverage_percent;estimated_art_coverage_percent
2027;estimated_art_coverage_percent;estimated_art_coverage_percent
2028;estimated_art_coverage_percent;estimated_art_coverage_percent
2029;estimated_art_coverage_percent;estimated_art_coverage_percent
2030;estimated_art_coverage_percent;estimated_art_coverage_percent
2031;estimated_art_coverage_percent;estimated_art_coverage_percent
2032;estimated_art_coverage_percent;estimated_art_coverage_percent
2033;estimated_art_coverage_percent;estimated_art_coverage_percent
2034;estimated_art_coverage_percent;estimated_art_coverage_percent
2035;estimated_art_coverage_percent;estimated_art_coverage_percent
2036;estimated_art_coverage_percent;estimated_art_coverage_percent
2037;estimated_art_coverage_percent;estimated_art_coverage_percent
2038;estimated_art_coverage_percent;estimated_art_coverage_percent
2039;estimated_art_coverage_percent;estimated_art_coverage_percent
2040;estimated_art_coverage_percent;estimated_art_coverage_percent
2041;estimated_children_art_coverage_percent;estimated_children_art_coverage_percent
2042;estimated_children_art_coverage_percent;estimated_children_art_coverage_percent
2043;estimated_children_art_coverage_percent;estimated_children_art_coverage_percent
2044;estimated_children_art_coverage_percent;estimated_children_art_coverage_percent
2045;estimated_children_art_coverage_percent;estimated_children_art_coverage_percent
2046;estimated_children_art_coverage_percent;estimated_children_art_coverage_percent
2047;estimated_children_art_coverage_percent;estimated_children_art_coverage_percent
2048;estimated_children_art_coverage_percent;estimated_children_art_coverage_percent
2049;estimated_children_art_coverage_percent;estimated_children_art_coverage_percent
2050;estimated_children_art_coverage_percent;estimated_children_art_coverage_percent
2051;estimated_children_art_coverage_percent;estimated_children_art_coverage_percent
2052;estimated_children_art_coverage_percent;estimated_children_art_coverage_percent
2053;estimated_children_art_coverage_percent;estimated_children_art_coverage_percent
2054;estimated_children_art_coverage_percent;estimated_children_art_coverage_percent
2055;estimated_children_art_coverage_percent;estimated_children_art_coverage_percent
2056;estimated_children_art_coverage_percent;estimated_children_art_coverage_percent
2057;estimated_children_art_coverage_percent;estimated_children_art_coverage_percent
2058;estimated_children_art_coverage_percent;estimated_children_art_coverage_percent
2059;estimated_children_art_coverage_percent;estimated_children_art_coverage_percent
2060;estimated_children_art_coverage_percent;estimated_children_art_coverage_percent
2061;estimated_children_art_coverage_percent;estimated_children_art_coverage_percent
2062;estimated_children_art_coverage_percent;estimated_children_art_coverage_percent
2063;estimated_children_art_coverage_percent;estimated_children_art_coverage_percent
2064;estimated_children_art_coverage_percent;estimated_children_art_coverage_percent
2065;estimated_children_art_coverage_percent;estimated_children_art_coverage_percent
2066;estimated_children_art_coverage_percent;estimated_children_art_coverage_percent
2067;estimated_children_art_coverage_percent;estimated_children_art_coverage_percent
2068;estimated_children_art_coverage_percent;estimated_children_art_coverage_percent
2069;estimated_children_art_coverage_percent;estimated_children_art_coverage_percent
2070;estimated_children_art_coverage_percent;estimated_children_art_coverage_percent
2071;estimated_children_art_coverage_percent;estimated_children_art_coverage_percent
2072;estimated_children_art_coverage_percent;estimated_children_art_coverage_percent
2073;estimated_children_art_coverage_percent;estimated_children_art_coverage_percent
2074;estimated_children_art_coverage_percent;estimated_children_art_coverage_percent
2075;estimated_children_art_coverage_percent;estimated_children_art_coverage_percent
2076;estimated_children_art_coverage_percent;estimated_children_art_coverage_percent
2077;estimated_children_art_coverage_percent;estimated_children_art_coverage_percent
2078;estimated_children_art_coverage_percent;estimated_children_art_coverage_percent
2079;estimated_children_art_coverage_percent;estimated_children_art_coverage_percent
2080;estimated_children_art_coverage_percent;estimated_children_art_coverage_percent
2081;estimated_children_art_coverage_percent;estimated_children_art_coverage_percent
2082;estimated_children_art_coverage_percent;estimated_children_art_coverage_percent
2083;estimated_children_art_coverage_percent;estimated_children_art_coverage_percent
2084;estimated_children_art_coverage_percent;estimated_children_art_coverage_percent
2085;estimated_children_art_coverage_percent;estimated_children_art_coverage_percent
2086;estimated_children_art_coverage_percent;estimated_children_art_coverage_percent
2087;estimated_children_art_coverage_percent;estimated_children_art_coverage_percent
2088;estimated_children_art_coverage_percent;estimated_children_art_coverage_percent
2089;estimated_children_art_coverage_percent;estimated_children_art_coverage_percent
2090;estimated_children_art_coverage_percent;estimated_children_art_coverage_percent
2091;estimated_children_art_coverage_percent;estimated_children_art_coverage_percent
2092;estimated_children_art_coverage_percent;estimated_children_art_coverage_percent
2093;estimated_children_art_coverage_percent;estimated_children_art_coverage_percent
2094;estimated_children_art_coverage_percent;estimated_children_art_coverage_percent
2095;estimated_children_art_coverage_percent;estimated_children_art_coverage_percent
2096;estimated_children_art_coverage_percent;estimated_children_art_coverage_percent
2097;estimated_children_art_coverage_percent;estimated_children_art_coverage_percent
2098;estimated_children_art_coverage_percent;estimated_children_art_coverage_percent
2099;estimated_children_art_coverage_percent;estimated_children_art_coverage_percent
2100;estimated_children_art_coverage_percent;estimated_children_art_coverage_percent
2101;estimated_children_art_coverage_percent;estimated_children_art_coverage_percent
2102;estimated_children_art_coverage_percent;estimated_children_art_coverage_percent
2103;estimated_children_art_coverage_percent;estimated_children_art_coverage_percent
2104;estimated_children_art_coverage_percent;estimated_children_art_coverage_percent
2105;estimated_children_art_coverage_percent;estimated_children_art_coverage_percent
2106;estimated_children_art_coverage_percent;estimated_children_art_coverage_percent
2107;estimated_children_art_coverage_percent;estimated_children_art_coverage_percent
2108;estimated_children_art_coverage_percent;estimated_children_art_coverage_percent
2109;estimated_children_art_coverage_percent;estimated_children_art_coverage_percent
2110;estimated_children_art_coverage_percent;estimated_children_art_coverage_percent
2111;estimated_children_art_coverage_percent;estimated_children_art_coverage_percent
2112;estimated_children_art_coverage_percent;estimated_children_art_coverage_percent
2113;estimated_children_art_coverage_percent;estimated_children_art_coverage_percent
2114;estimated_children_art_coverage_percent;estimated_children_art_coverage_percent
2115;estimated_children_art_coverage_percent;estimated_children_art_coverage_percent
2116;estimated_children_art_coverage_percent;estimated_children_art_coverage_percent
2117;estimated_children_art_coverage_percent;estimated_children_art_coverage_percent
2118;estimated_children_art_coverage_percent;estimated_children_art_coverage_percent
2119;estimated_children_art_coverage_percent;estimated_children_art_coverage_percent
2120;estimated_children_art_coverage_percent;estimated_children_art_coverage_percent
2121;estimated_children_art_coverage_percent;estimated_children_art_coverage_percent
2122;estimated_children_art_coverage_percent;estimated_children_art_coverage_percent
2123;estimated_children_art_coverage_percent;estimated_children_art_coverage_percent
2124;estimated_children_art_coverage_percent;estimated_children_art_coverage_percent
2125;estimated_children_art_coverage_percent;estimated_children_art_coverage_percent
2126;estimated_children_art_coverage_percent;estimated_children_art_coverage_percent
2127;estimated_children_art_coverage_percent;estimated_children_art_coverage_percent
2128;estimated_children_art_coverage_percent;estimated_children_art_coverage_percent
2129;estimated_children_art_coverage_percent;estimated_children_art_coverage_percent
2130;estimated_children_art_coverage_percent;estimated_children_art_coverage_percent
2131;estimated_children_art_coverage_percent;estimated_children_art_coverage_percent
2132;estimated_children_art_coverage_percent;estimated_children_art_coverage_percent
2133;estimated_children_art_coverage_percent;estimated_children_art_coverage_percent
2134;estimated_children_art_coverage_percent;estimated_children_art_coverage_percent
2135;estimated_children_art_coverage_percent;estimated_children_art_coverage_percent
2136;estimated_children_art_coverage_percent;estimated_children_art_coverage_percent
2137;estimated_children_art_coverage_percent;estimated_children_art_coverage_percent
2138;estimated_children_art_coverage_percent;estimated_children_art_coverage_percent
2139;estimated_children_art_coverage_percent;estimated_children_art_coverage_percent
2140;estimated_children_art_coverage_percent;estimated_children_art_coverage_percent
2141;estimated_children_art_coverage_percent;estimated_children_art_coverage_percent
2142;estimated_children_art_coverage_percent;estimated_children_art_coverage_percent
2143;estimated_children_art_coverage_percent;estimated_children_art_coverage_percent
2144;estimated_children_art_coverage_percent;estimated_children_art_coverage_percent
2145;estimated_children_art_coverage_percent;estimated_children_art_coverage_percent
2146;estimated_children_art_coverage_percent;estimated_children_art_coverage_percent
2147;estimated_children_art_coverage_percent;estimated_children_art_coverage_percent
2148;estimated_children_art_coverage_percent;estimated_children_art_coverage_percent
2149;estimated_children_art_coverage_percent;estimated_children_art_coverage_percent
2150;estimated_children_art_coverage_percent;estimated_children_art_coverage_percent
2151;estimated_children_art_coverage_percent;estimated_children_art_coverage_percent
2152;estimated_children_art_coverage_percent;estimated_children_art_coverage_percent
2153;estimated_children_art_coverage_percent;estimated_children_art_coverage_percent
2154;estimated_children_art_coverage_percent;estimated_children_art_coverage_percent
2155;estimated_children_art_coverage_percent;estimated_children_art_coverage_percent
2156;estimated_children_art_coverage_percent;estimated_children_art_coverage_percent
2157;estimated_children_art_coverage_percent;estimated_children_art_coverage_percent
2158;estimated_children_art_coverage_percent;estimated_children_art_coverage_percent
2159;estimated_children_art_coverage_percent;estimated_children_art_coverage_percent
2160;estimated_children_art_coverage_percent;estimated_children_art_coverage_percent
2161;estimated_children_art_coverage_percent;estimated_children_art_coverage_percent
2162;estimated_children_art_coverage_percent;estimated_children_art_coverage_percent
2163;estimated_children_art_coverage_percent;estimated_children_art_coverage_percent
2164;estimated_children_art_coverage_percent;estimated_children_art_coverage_percent
2165;estimated_children_art_coverage_percent;estimated_children_art_coverage_percent
2166;estimated_children_art_coverage_percent;estimated_children_art_coverage_percent
2167;estimated_children_art_coverage_percent;estimated_children_art_coverage_percent
2168;estimated_children_art_coverage_percent;estimated_children_art_coverage_percent
2169;estimated_children_art_coverage_percent;estimated_children_art_coverage_percent
2170;estimated_children_art_coverage_percent;estimated_children_art_coverage_percent
2171;estimated_children_art_coverage_percent;estimated_children_art_coverage_percent
2172;estimated_children_art_coverage_percent;estimated_children_art_coverage_percent
2173;estimated_children_art_coverage_percent;estimated_children_art_coverage_percent
2174;estimated_children_art_coverage_percent;estimated_children_art_coverage_percent
2175;estimated_children_art_coverage_percent;estimated_children_art_coverage_percent
2176;estimated_children_art_coverage_percent;estimated_children_art_coverage_percent
2177;estimated_children_art_coverage_percent;estimated_children_art_coverage_percent
2178;estimated_children_art_coverage_percent;estimated_children_art_coverage_percent
2179;estimated_children_art_coverage_percent;estimated_children_art_coverage_percent
2180;estimated_children_art_coverage_percent;estimated_children_art_coverage_percent
2181;estimated_children_art_coverage_percent;estimated_children_art_coverage_percent
2182;estimated_children_art_coverage_percent;estimated_children_art_coverage_percent
2183;estimated_children_art_coverage_percent;estimated_children_art_coverage_percent
2184;estimated_children_art_coverage_percent;estimated_children_art_coverage_percent
2185;estimated_children_art_coverage_percent;estimated_children_art_coverage_percent
2186;estimated_children_art_coverage_percent;estimated_children_art_coverage_percent
2187;estimated_children_art_coverage_percent;estimated_children_art_coverage_percent
2188;estimated_children_art_coverage_percent;estimated_children_art_coverage_percent
2189;estimated_children_art_coverage_percent;estimated_children_art_coverage_percent
2190;estimated_children_art_coverage_percent;estimated_children_art_coverage_percent
2191;estimated_children_art_coverage_percent;estimated_children_art_coverage_percent
2192;estimated_children_art_coverage_percent;estimated_children_art_coverage_percent
2193;estimated_children_art_coverage_percent;estimated_children_art_coverage_percent
2194;estimated_children_art_coverage_percent;estimated_children_art_coverage_percent
2195;estimated_children_art_coverage_percent;estimated_children_art_coverage_percent
2196;estimated_children_art_coverage_percent;estimated_children_art_coverage_percent
2197;estimated_children_art_coverage_percent;estimated_children_art_coverage_percent
2198;estimated_children_art_coverage_percent;estimated_children_art_coverage_percent
2199;estimated_children_art_coverage_percent;estimated_children_art_coverage_percent
2200;estimated_children_art_coverage_percent;estimated_children_art_coverage_percent
2201;estimated_children_art_coverage_percent;estimated_children_art_coverage_percent
2202;estimated_children_art_coverage_percent;estimated_children_art_coverage_percent
2203;estimated_children_art_coverage_percent;estimated_children_art_coverage_percent
2204;estimated_children_art_coverage_percent;estimated_children_art_coverage_percent
2205;estimated_children_art_coverage_percent;estimated_children_art_coverage_percent
2206;estimated_children_art_coverage_percent;estimated_children_art_coverage_percent
2207;estimated_children_art_coverage_percent;estimated_children_art_coverage_percent
2208;estimated_children_art_coverage_percent;estimated_children_art_coverage_percent
2209;estimated_children_art_coverage_percent;estimated_children_art_coverage_percent
2210;estimated_children_art_coverage_percent;estimated_children_art_coverage_percent
2211;estimated_children_needing_art;estimated_children_needing_art
2212;estimated_children_needing_art;estimated_children_needing_art
2213;estimated_children_needing_art;estimated_children_needing_art
2214;estimated_children_needing_art;estimated_children_needing_art
2215;estimated_children_needing_art;estimated_children_needing_art
2216;estimated_children_needing_art;estimated_children_needing_art
2217;estimated_children_needing_art;estimated_children_needing_art
2218;estimated_children_needing_art;estimated_children_needing_art
2219;estimated_children_needing_art;estimated_children_needing_art
2220;estimated_children_needing_art;estimated_children_needing_art
2221;estimated_children_needing_art;estimated_children_needing_art
2222;estimated_children_needing_art;estimated_children_needing_art
2223;estimated_children_needing_art;estimated_children_needing_art
2224;estimated_children_needing_art;estimated_children_needing_art
2225;estimated_children_needing_art;estimated_children_needing_art
2226;estimated_children_needing_art;estimated_children_needing_art
2227;estimated_children_needing_art;estimated_children_needing_art
2228;estimated_children_needing_art;estimated_children_needing_art
2229;estimated_children_needing_art;estimated_children_needing_art
2230;estimated_children_needing_art;estimated_children_needing_art
2231;estimated_children_needing_art;estimated_children_needing_art
2232;estimated_children_needing_art;estimated_children_needing_art
2233;estimated_children_needing_art;estimated_children_needing_art
2234;estimated_children_needing_art;estimated_children_needing_art
2235;estimated_children_needing_art;estimated_children_needing_art
2236;estimated_children_needing_art;estimated_children_needing_art
2237;estimated_children_needing_art;estimated_children_needing_art
2238;estimated_children_needing_art;estimated_children_needing_art
2239;estimated_children_needing_art;estimated_children_needing_art
2240;estimated_children_needing_art;estimated_children_needing_art
2241;estimated_children_needing_art;estimated_children_needing_art
2242;estimated_children_needing_art;estimated_children_needing_art
2243;estimated_children_needing_art;estimated_children_needing_art
2244;estimated_children_needing_art;estimated_children_needing_art
2245;estimated_children_needing_art;estimated_children_needing_art
2246;estimated_children_needing_art;estimated_children_needing_art
2247;estimated_children_needing_art;estimated_children_needing_art
2248;estimated_children_needing_art;estimated_children_needing_art
2249;estimated_children_needing_art;estimated_children_needing_art
2250;estimated_children_needing_art;estimated_children_needing_art
2251;estimated_children_needing_art;estimated_children_needing_art
2252;estimated_children_needing_art;estimated_children_needing_art
2253;estimated_children_needing_art;estimated_children_needing_art
2254;estimated_children_needing_art;estimated_children_needing_art
2255;estimated_children_needing_art;estimated_children_needing_art
2256;estimated_children_needing_art;estimated_children_needing_art
2257;estimated_children_needing_art;estimated_children_needing_art
2258;estimated_children_needing_art;estimated_children_needing_art
2259;estimated_children_needing_art;estimated_children_needing_art
2260;estimated_children_needing_art;estimated_children_needing_art
2261;estimated_children_needing_art;estimated_children_needing_art
2262;estimated_children_needing_art;estimated_children_needing_art
2263;estimated_children_needing_art;estimated_children_needing_art
2264;estimated_children_needing_art;estimated_children_needing_art
2265;estimated_children_needing_art;estimated_children_needing_art
2266;estimated_children_needing_art;estimated_children_needing_art
2267;estimated_children_needing_art;estimated_children_needing_art
2268;estimated_children_needing_art;estimated_children_needing_art
2269;estimated_children_needing_art;estimated_children_needing_art
2270;estimated_children_needing_art;estimated_children_needing_art
2271;estimated_children_needing_art;estimated_children_needing_art
2272;estimated_children_needing_art;estimated_children_needing_art
2273;estimated_children_needing_art;estimated_children_needing_art
2274;estimated_children_needing_art;estimated_children_needing_art
2275;estimated_children_needing_art;estimated_children_needing_art
2276;estimated_children_needing_art;estimated_children_needing_art
2277;estimated_children_needing_art;estimated_children_needing_art
2278;estimated_children_needing_art;estimated_children_needing_art
2279;estimated_children_needing_art;estimated_children_needing_art
2280;estimated_children_needing_art;estimated_children_needing_art
2281;estimated_children_needing_art;estimated_children_needing_art
2282;estimated_children_needing_art;estimated_children_needing_art
2283;estimated_children_needing_art;estimated_children_needing_art
2284;estimated_children_needing_art;estimated_children_needing_art
2285;estimated_children_needing_art;estimated_children_needing_art
2286;estimated_children_needing_art;estimated_children_needing_art
2287;estimated_children_needing_art;estimated_children_needing_art
2288;estimated_children_needing_art;estimated_children_needing_art
2289;estimated_children_needing_art;estimated_children_needing_art
2290;estimated_children_needing_art;estimated_children_needing_art
2291;estimated_children_needing_art;estimated_children_needing_art
2292;estimated_children_needing_art;estimated_children_needing_art
2293;estimated_children_needing_art;estimated_children_needing_art
2294;estimated_children_needing_art;estimated_children_needing_art
2295;estimated_children_needing_art;estimated_children_needing_art
2296;estimated_children_needing_art;estimated_children_needing_art
2297;estimated_children_needing_art;estimated_children_needing_art
2298;estimated_children_needing_art;estimated_children_needing_art
2299;estimated_children_needing_art;estimated_children_needing_art
2300;estimated_children_needing_art;estimated_children_needing_art
2301;estimated_children_needing_art;estimated_children_needing_art
2302;estimated_children_needing_art;estimated_children_needing_art
2303;estimated_children_needing_art;estimated_children_needing_art
2304;estimated_children_needing_art;estimated_children_needing_art
2305;estimated_children_needing_art;estimated_children_needing_art
2306;estimated_children_needing_art;estimated_children_needing_art
2307;estimated_children_needing_art;estimated_children_needing_art
2308;estimated_children_needing_art;estimated_children_needing_art
2309;estimated_children_needing_art;estimated_children_needing_art
2310;estimated_children_needing_art;estimated_children_needing_art
2311;estimated_children_needing_art;estimated_children_needing_art
2312;estimated_children_needing_art;estimated_children_needing_art
2313;estimated_children_needing_art;estimated_children_needing_art
2314;estimated_children_needing_art;estimated_children_needing_art
2315;estimated_children_needing_art;estimated_children_needing_art
2316;estimated_children_needing_art;estimated_children_needing_art
2317;estimated_children_needing_art;estimated_children_needing_art
2318;estimated_children_needing_art;estimated_children_needing_art
2319;estimated_children_needing_art;estimated_children_needing_art
2320;estimated_children_needing_art;estimated_children_needing_art
2321;estimated_children_needing_art;estimated_children_needing_art
2322;estimated_children_needing_art;estimated_children_needing_art
2323;estimated_children_needing_art;estimated_children_needing_art
2324;estimated_children_needing_art;estimated_children_needing_art
2325;estimated_children_needing_art;estimated_children_needing_art
2326;estimated_children_needing_art;estimated_children_needing_art
2327;estimated_children_needing_art;estimated_children_needing_art
2328;estimated_children_needing_art;estimated_children_needing_art
2329;estimated_children_needing_art;estimated_children_needing_art
2330;estimated_children_needing_art;estimated_children_needing_art
2331;estimated_children_needing_art;estimated_children_needing_art
2332;estimated_children_needing_art;estimated_children_needing_art
2333;estimated_children_needing_art;estimated_children_needing_art
2334;estimated_children_needing_art;estimated_children_needing_art
2335;estimated_children_needing_art;estimated_children_needing_art
2336;estimated_children_needing_art;estimated_children_needing_art
2337;estimated_children_needing_art;estimated_children_needing_art
2338;estimated_children_needing_art;estimated_children_needing_art
2339;estimated_children_needing_art;estimated_children_needing_art
2340;estimated_children_needing_art;estimated_children_needing_art
2341;estimated_children_needing_art;estimated_children_needing_art
2342;estimated_children_needing_art;estimated_children_needing_art
2343;estimated_children_needing_art;estimated_children_needing_art
2344;estimated_children_needing_art;estimated_children_needing_art
2345;estimated_children_needing_art;estimated_children_needing_art
2346;estimated_children_needing_art;estimated_children_needing_art
2347;estimated_children_needing_art;estimated_children_needing_art
2348;estimated_children_needing_art;estimated_children_needing_art
2349;estimated_children_needing_art;estimated_children_needing_art
2350;estimated_children_needing_art;estimated_children_needing_art
2351;estimated_children_needing_art;estimated_children_needing_art
2352;estimated_children_needing_art;estimated_children_needing_art
2353;estimated_children_needing_art;estimated_children_needing_art
2354;estimated_children_needing_art;estimated_children_needing_art
2355;estimated_children_needing_art;estimated_children_needing_art
2356;estimated_children_needing_art;estimated_children_needing_art
2357;estimated_children_needing_art;estimated_children_needing_art
2358;estimated_children_needing_art;estimated_children_needing_art
2359;estimated_children_needing_art;estimated_children_needing_art
2360;estimated_children_needing_art;estimated_children_needing_art
2361;estimated_children_needing_art;estimated_children_needing_art
2362;estimated_children_needing_art;estimated_children_needing_art
2363;estimated_children_needing_art;estimated_children_needing_art
2364;estimated_children_needing_art;estimated_children_needing_art
2365;estimated_children_needing_art;estimated_children_needing_art
2366;estimated_children_needing_art;estimated_children_needing_art
2367;estimated_children_needing_art;estimated_children_needing_art
2368;estimated_children_needing_art;estimated_children_needing_art
2369;estimated_children_needing_art;estimated_children_needing_art
2370;estimated_children_needing_art;estimated_children_needing_art
2371;estimated_children_needing_art;estimated_children_needing_art
2372;estimated_children_needing_art;estimated_children_needing_art
2373;estimated_children_needing_art;estimated_children_needing_art
2374;estimated_children_needing_art;estimated_children_needing_art
2375;estimated_children_needing_art;estimated_children_needing_art
2376;estimated_children_needing_art;estimated_children_needing_art
2377;estimated_children_needing_art;estimated_children_needing_art
2378;estimated_children_needing_art;estimated_children_needing_art
2379;estimated_children_needing_art;estimated_children_needing_art
2380;estimated_children_needing_art;estimated_children_needing_art
2381;estimated_living_with_hiv;estimated_living_with_hiv
2382;estimated_living_with_hiv;estimated_living_with_hiv
2383;estimated_living_with_hiv;estimated_living_with_hiv
2384;estimated_living_with_hiv;estimated_living_with_hiv
2385;estimated_living_with_hiv;estimated_living_with_hiv
2386;estimated_living_with_hiv;estimated_living_with_hiv
2387;estimated_living_with_hiv;estimated_living_with_hiv
2388;estimated_living_with_hiv;estimated_living_with_hiv
2389;estimated_living_with_hiv;estimated_living_with_hiv
2390;estimated_living_with_hiv;estimated_living_with_hiv
2391;estimated_living_with_hiv;estimated_living_with_hiv
2392;estimated_living_with_hiv;estimated_living_with_hiv
2393;estimated_living_with_hiv;estimated_living_with_hiv
2394;estimated_living_with_hiv;estimated_living_with_hiv
2395;estimated_living_with_hiv;estimated_living_with_hiv
2396;estimated_living_with_hiv;estimated_living_with_hiv
2397;estimated_living_with_hiv;estimated_living_with_hiv
2398;estimated_living_with_hiv;estimated_living_with_hiv
2399;estimated_living_with_hiv;estimated_living_with_hiv
2400;estimated_living_with_hiv;estimated_living_with_hiv
2401;estimated_living_with_hiv;estimated_living_with_hiv
2402;estimated_living_with_hiv;estimated_living_with_hiv
2403;estimated_living_with_hiv;estimated_living_with_hiv
2404;estimated_living_with_hiv;estimated_living_with_hiv
2405;estimated_living_with_hiv;estimated_living_with_hiv
2406;estimated_living_with_hiv;estimated_living_with_hiv
2407;estimated_living_with_hiv;estimated_living_with_hiv
2408;estimated_living_with_hiv;estimated_living_with_hiv
2409;estimated_living_with_hiv;estimated_living_with_hiv
2410;estimated_living_with_hiv;estimated_living_with_hiv
2411;estimated_living_with_hiv;estimated_living_with_hiv
2412;estimated_living_with_hiv;estimated_living_with_hiv
2413;estimated_living_with_hiv;estimated_living_with_hiv
2414;estimated_living_with_hiv;estimated_living_with_hiv
2415;estimated_living_with_hiv;estimated_living_with_hiv
2416;estimated_living_with_hiv;estimated_living_with_hiv
2417;estimated_living_with_hiv;estimated_living_with_hiv
2418;estimated_living_with_hiv;estimated_living_with_hiv
2419;estimated_living_with_hiv;estimated_living_with_hiv
2420;estimated_living_with_hiv;estimated_living_with_hiv
2421;estimated_living_with_hiv;estimated_living_with_hiv
2422;estimated_living_with_hiv;estimated_living_with_hiv
2423;estimated_living_with_hiv;estimated_living_with_hiv
2424;estimated_living_with_hiv;estimated_living_with_hiv
2425;estimated_living_with_hiv;estimated_living_with_hiv
2426;estimated_living_with_hiv;estimated_living_with_hiv
2427;estimated_living_with_hiv;estimated_living_with_hiv
2428;estimated_living_with_hiv;estimated_living_with_hiv
2429;estimated_living_with_hiv;estimated_living_with_hiv
2430;estimated_living_with_hiv;estimated_living_with_hiv
2431;estimated_living_with_hiv;estimated_living_with_hiv
2432;estimated_living_with_hiv;estimated_living_with_hiv
2433;estimated_living_with_hiv;estimated_living_with_hiv
2434;estimated_living_with_hiv;estimated_living_with_hiv
2435;estimated_living_with_hiv;estimated_living_with_hiv
2436;estimated_living_with_hiv;estimated_living_with_hiv
2437;estimated_living_with_hiv;estimated_living_with_hiv
2438;estimated_living_with_hiv;estimated_living_with_hiv
2439;estimated_living_with_hiv;estimated_living_with_hiv
2440;estimated_living_with_hiv;estimated_living_with_hiv
2441;estimated_living_with_hiv;estimated_living_with_hiv
2442;estimated_living_with_hiv;estimated_living_with_hiv
2443;estimated_living_with_hiv;estimated_living_with_hiv
2444;estimated_living_with_hiv;estimated_living_with_hiv
2445;estimated_living_with_hiv;estimated_living_with_hiv
2446;estimated_living_with_hiv;estimated_living_with_hiv
2447;estimated_living_with_hiv;estimated_living_with_hiv
2448;estimated_living_with_hiv;estimated_living_with_hiv
2449;estimated_living_with_hiv;estimated_living_with_hiv
2450;estimated_living_with_hiv;estimated_living_with_hiv
2451;estimated_living_with_hiv;estimated_living_with_hiv
2452;estimated_living_with_hiv;estimated_living_with_hiv
2453;estimated_living_with_hiv;estimated_living_with_hiv
2454;estimated_living_with_hiv;estimated_living_with_hiv
2455;estimated_living_with_hiv;estimated_living_with_hiv
2456;estimated_living_with_hiv;estimated_living_with_hiv
2457;estimated_living_with_hiv;estimated_living_with_hiv
2458;estimated_living_with_hiv;estimated_living_with_hiv
2459;estimated_living_with_hiv;estimated_living_with_hiv
2460;estimated_living_with_hiv;estimated_living_with_hiv
2461;estimated_living_with_hiv;estimated_living_with_hiv
2462;estimated_living_with_hiv;estimated_living_with_hiv
2463;estimated_living_with_hiv;estimated_living_with_hiv
2464;estimated_living_with_hiv;estimated_living_with_hiv
2465;estimated_living_with_hiv;estimated_living_with_hiv
2466;estimated_living_with_hiv;estimated_living_with_hiv
2467;estimated_living_with_hiv;estimated_living_with_hiv
2468;estimated_living_with_hiv;estimated_living_with_hiv
2469;estimated_living_with_hiv;estimated_living_with_hiv
2470;estimated_living_with_hiv;estimated_living_with_hiv
2471;estimated_living_with_hiv;estimated_living_with_hiv
2472;estimated_living_with_hiv;estimated_living_with_hiv
2473;estimated_living_with_hiv;estimated_living_with_hiv
2474;estimated_living_with_hiv;estimated_living_with_hiv
2475;estimated_living_with_hiv;estimated_living_with_hiv
2476;estimated_living_with_hiv;estimated_living_with_hiv
2477;estimated_living_with_hiv;estimated_living_with_hiv
2478;estimated_living_with_hiv;estimated_living_with_hiv
2479;estimated_living_with_hiv;estimated_living_with_hiv
2480;estimated_living_with_hiv;estimated_living_with_hiv
2481;estimated_living_with_hiv;estimated_living_with_hiv
2482;estimated_living_with_hiv;estimated_living_with_hiv
2483;estimated_living_with_hiv;estimated_living_with_hiv
2484;estimated_living_with_hiv;estimated_living_with_hiv
2485;estimated_living_with_hiv;estimated_living_with_hiv
2486;estimated_living_with_hiv;estimated_living_with_hiv
2487;estimated_living_with_hiv;estimated_living_with_hiv
2488;estimated_living_with_hiv;estimated_living_with_hiv
2489;estimated_living_with_hiv;estimated_living_with_hiv
2490;estimated_living_with_hiv;estimated_living_with_hiv
2491;estimated_living_with_hiv;estimated_living_with_hiv
2492;estimated_living_with_hiv;estimated_living_with_hiv
2493;estimated_living_with_hiv;estimated_living_with_hiv
2494;estimated_living_with_hiv;estimated_living_with_hiv
2495;estimated_living_with_hiv;estimated_living_with_hiv
2496;estimated_living_with_hiv;estimated_living_with_hiv
2497;estimated_living_with_hiv;estimated_living_with_hiv
2498;estimated_living_with_hiv;estimated_living_with_hiv
2499;estimated_living_with_hiv;estimated_living_with_hiv
2500;estimated_living_with_hiv;estimated_living_with_hiv
2501;estimated_living_with_hiv;estimated_living_with_hiv
2502;estimated_living_with_hiv;estimated_living_with_hiv
2503;estimated_living_with_hiv;estimated_living_with_hiv
2504;estimated_living_with_hiv;estimated_living_with_hiv
2505;estimated_living_with_hiv;estimated_living_with_hiv
2506;estimated_living_with_hiv;estimated_living_with_hiv
2507;estimated_living_with_hiv;estimated_living_with_hiv
2508;estimated_living_with_hiv;estimated_living_with_hiv
2509;estimated_living_with_hiv;estimated_living_with_hiv
2510;estimated_living_with_hiv;estimated_living_with_hiv
2511;estimated_living_with_hiv;estimated_living_with_hiv
2512;estimated_living_with_hiv;estimated_living_with_hiv
2513;estimated_living_with_hiv;estimated_living_with_hiv
2514;estimated_living_with_hiv;estimated_living_with_hiv
2515;estimated_living_with_hiv;estimated_living_with_hiv
2516;estimated_living_with_hiv;estimated_living_with_hiv
2517;estimated_living_with_hiv;estimated_living_with_hiv
2518;estimated_living_with_hiv;estimated_living_with_hiv
2519;estimated_living_with_hiv;estimated_living_with_hiv
2520;estimated_living_with_hiv;estimated_living_with_hiv
2521;estimated_living_with_hiv;estimated_living_with_hiv
2522;estimated_living_with_hiv;estimated_living_with_hiv
2523;estimated_living_with_hiv;estimated_living_with_hiv
2524;estimated_living_with_hiv;estimated_living_with_hiv
2525;estimated_living_with_hiv;estimated_living_with_hiv
2526;estimated_living_with_hiv;estimated_living_with_hiv
2527;estimated_living_with_hiv;estimated_living_with_hiv
2528;estimated_living_with_hiv;estimated_living_with_hiv
2529;estimated_living_with_hiv;estimated_living_with_hiv
2530;estimated_living_with_hiv;estimated_living_with_hiv
2531;estimated_living_with_hiv;estimated_living_with_hiv
2532;estimated_living_with_hiv;estimated_living_with_hiv
2533;estimated_living_with_hiv;estimated_living_with_hiv
2534;estimated_living_with_hiv;estimated_living_with_hiv
2535;estimated_living_with_hiv;estimated_living_with_hiv
2536;estimated_living_with_hiv;estimated_living_with_hiv
2537;estimated_living_with_hiv;estimated_living_with_hiv
2538;estimated_living_with_hiv;estimated_living_with_hiv
2539;estimated_living_with_hiv;estimated_living_with_hiv
2540;estimated_living_with_hiv;estimated_living_with_hiv
2541;estimated_living_with_hiv;estimated_living_with_hiv
2542;estimated_living_with_hiv;estimated_living_with_hiv
2543;estimated_living_with_hiv;estimated_living_with_hiv
2544;estimated_living_with_hiv;estimated_living_with_hiv
2545;estimated_living_with_hiv;estimated_living_with_hiv
2546;estimated_living_with_hiv;estimated_living_with_hiv
2547;estimated_living_with_hiv;estimated_living_with_hiv
2548;estimated_living_with_hiv;estimated_living_with_hiv
2549;estimated_living_with_hiv;estimated_living_with_hiv
2550;estimated_living_with_hiv;estimated_living_with_hiv
2551;needing_antiretrovirals;needing_antiretrovirals
2552;needing_antiretrovirals;needing_antiretrovirals
2553;needing_antiretrovirals;needing_antiretrovirals
2554;needing_antiretrovirals;needing_antiretrovirals
2555;needing_antiretrovirals;needing_antiretrovirals
2556;needing_antiretrovirals;needing_antiretrovirals
2557;needing_antiretrovirals;needing_antiretrovirals
2558;needing_antiretrovirals;needing_antiretrovirals
2559;needing_antiretrovirals;needing_antiretrovirals
2560;needing_antiretrovirals;needing_antiretrovirals
2561;needing_antiretrovirals;needing_antiretrovirals
2562;needing_antiretrovirals;needing_antiretrovirals
2563;needing_antiretrovirals;needing_antiretrovirals
2564;needing_antiretrovirals;needing_antiretrovirals
2565;needing_antiretrovirals;needing_antiretrovirals
2566;needing_antiretrovirals;needing_antiretrovirals
2567;needing_antiretrovirals;needing_antiretrovirals
2568;needing_antiretrovirals;needing_antiretrovirals
2569;needing_antiretrovirals;needing_antiretrovirals
2570;needing_antiretrovirals;needing_antiretrovirals
2571;needing_antiretrovirals;needing_antiretrovirals
2572;needing_antiretrovirals;needing_antiretrovirals
2573;needing_antiretrovirals;needing_antiretrovirals
2574;needing_antiretrovirals;needing_antiretrovirals
2575;needing_antiretrovirals;needing_antiretrovirals
2576;needing_antiretrovirals;needing_antiretrovirals
2577;needing_antiretrovirals;needing_antiretrovirals
2578;needing_antiretrovirals;needing_antiretrovirals
2579;needing_antiretrovirals;needing_antiretrovirals
2580;needing_antiretrovirals;needing_antiretrovirals
2581;needing_antiretrovirals;needing_antiretrovirals
2582;needing_antiretrovirals;needing_antiretrovirals
2583;needing_antiretrovirals;needing_antiretrovirals
2584;needing_antiretrovirals;needing_antiretrovirals
2585;needing_antiretrovirals;needing_antiretrovirals
2586;needing_antiretrovirals;needing_antiretrovirals
2587;needing_antiretrovirals;needing_antiretrovirals
2588;needing_antiretrovirals;needing_antiretrovirals
2589;needing_antiretrovirals;needing_antiretrovirals
2590;needing_antiretrovirals;needing_antiretrovirals
2591;needing_antiretrovirals;needing_antiretrovirals
2592;needing_antiretrovirals;needing_antiretrovirals
2593;needing_antiretrovirals;needing_antiretrovirals
2594;needing_antiretrovirals;needing_antiretrovirals
2595;needing_antiretrovirals;needing_antiretrovirals
2596;needing_antiretrovirals;needing_antiretrovirals
2597;needing_antiretrovirals;needing_antiretrovirals
2598;needing_antiretrovirals;needing_antiretrovirals
2599;needing_antiretrovirals;needing_antiretrovirals
2600;needing_antiretrovirals;needing_antiretrovirals
2601;needing_antiretrovirals;needing_antiretrovirals
2602;needing_antiretrovirals;needing_antiretrovirals
2603;needing_antiretrovirals;needing_antiretrovirals
2604;needing_antiretrovirals;needing_antiretrovirals
2605;needing_antiretrovirals;needing_antiretrovirals
2606;needing_antiretrovirals;needing_antiretrovirals
2607;needing_antiretrovirals;needing_antiretrovirals
2608;needing_antiretrovirals;needing_antiretrovirals
2609;needing_antiretrovirals;needing_antiretrovirals
2610;needing_antiretrovirals;needing_antiretrovirals
2611;needing_antiretrovirals;needing_antiretrovirals
2612;needing_antiretrovirals;needing_antiretrovirals
2613;needing_antiretrovirals;needing_antiretrovirals
2614;needing_antiretrovirals;needing_antiretrovirals
2615;needing_antiretrovirals;needing_antiretrovirals
2616;needing_antiretrovirals;needing_antiretrovirals
2617;needing_antiretrovirals;needing_antiretrovirals
2618;needing_antiretrovirals;needing_antiretrovirals
2619;needing_antiretrovirals;needing_antiretrovirals
2620;needing_antiretrovirals;needing_antiretrovirals
2621;needing_antiretrovirals;needing_antiretrovirals
2622;needing_antiretrovirals;needing_antiretrovirals
2623;needing_antiretrovirals;needing_antiretrovirals
2624;needing_antiretrovirals;needing_antiretrovirals
2625;needing_antiretrovirals;needing_antiretrovirals
2626;needing_antiretrovirals;needing_antiretrovirals
2627;needing_antiretrovirals;needing_antiretrovirals
2628;needing_antiretrovirals;needing_antiretrovirals
2629;needing_antiretrovirals;needing_antiretrovirals
2630;needing_antiretrovirals;needing_antiretrovirals
2631;needing_antiretrovirals;needing_antiretrovirals
2632;needing_antiretrovirals;needing_antiretrovirals
2633;needing_antiretrovirals;needing_antiretrovirals
2634;needing_antiretrovirals;needing_antiretrovirals
2635;needing_antiretrovirals;needing_antiretrovirals
2636;needing_antiretrovirals;needing_antiretrovirals
2637;needing_antiretrovirals;needing_antiretrovirals
2638;needing_antiretrovirals;needing_antiretrovirals
2639;needing_antiretrovirals;needing_antiretrovirals
2640;needing_antiretrovirals;needing_antiretrovirals
2641;needing_antiretrovirals;needing_antiretrovirals
2642;needing_antiretrovirals;needing_antiretrovirals
2643;needing_antiretrovirals;needing_antiretrovirals
2644;needing_antiretrovirals;needing_antiretrovirals
2645;needing_antiretrovirals;needing_antiretrovirals
2646;needing_antiretrovirals;needing_antiretrovirals
2647;needing_antiretrovirals;needing_antiretrovirals
2648;needing_antiretrovirals;needing_antiretrovirals
2649;needing_antiretrovirals;needing_antiretrovirals
2650;needing_antiretrovirals;needing_antiretrovirals
2651;needing_antiretrovirals;needing_antiretrovirals
2652;needing_antiretrovirals;needing_antiretrovirals
2653;needing_antiretrovirals;needing_antiretrovirals
2654;needing_antiretrovirals;needing_antiretrovirals
2655;needing_antiretrovirals;needing_antiretrovirals
2656;needing_antiretrovirals;needing_antiretrovirals
2657;needing_antiretrovirals;needing_antiretrovirals
2658;needing_antiretrovirals;needing_antiretrovirals
2659;needing_antiretrovirals;needing_antiretrovirals
2660;needing_antiretrovirals;needing_antiretrovirals
2661;needing_antiretrovirals;needing_antiretrovirals
2662;needing_antiretrovirals;needing_antiretrovirals
2663;needing_antiretrovirals;needing_antiretrovirals
2664;needing_antiretrovirals;needing_antiretrovirals
2665;needing_antiretrovirals;needing_antiretrovirals
2666;needing_antiretrovirals;needing_antiretrovirals
2667;needing_antiretrovirals;needing_antiretrovirals
2668;needing_antiretrovirals;needing_antiretrovirals
2669;needing_antiretrovirals;needing_antiretrovirals
2670;needing_antiretrovirals;needing_antiretrovirals
2671;needing_antiretrovirals;needing_antiretrovirals
2672;needing_antiretrovirals;needing_antiretrovirals
2673;needing_antiretrovirals;needing_antiretrovirals
2674;needing_antiretrovirals;needing_antiretrovirals
2675;needing_antiretrovirals;needing_antiretrovirals
2676;needing_antiretrovirals;needing_antiretrovirals
2677;needing_antiretrovirals;needing_antiretrovirals
2678;needing_antiretrovirals;needing_antiretrovirals
2679;needing_antiretrovirals;needing_antiretrovirals
2680;needing_antiretrovirals;needing_antiretrovirals
2681;needing_antiretrovirals;needing_antiretrovirals
2682;needing_antiretrovirals;needing_antiretrovirals
2683;needing_antiretrovirals;needing_antiretrovirals
2684;needing_antiretrovirals;needing_antiretrovirals
2685;needing_antiretrovirals;needing_antiretrovirals
2686;needing_antiretrovirals;needing_antiretrovirals
2687;needing_antiretrovirals;needing_antiretrovirals
2688;needing_antiretrovirals;needing_antiretrovirals
2689;needing_antiretrovirals;needing_antiretrovirals
2690;needing_antiretrovirals;needing_antiretrovirals
2691;needing_antiretrovirals;needing_antiretrovirals
2692;needing_antiretrovirals;needing_antiretrovirals
2693;needing_antiretrovirals;needing_antiretrovirals
2694;needing_antiretrovirals;needing_antiretrovirals
2695;needing_antiretrovirals;needing_antiretrovirals
2696;needing_antiretrovirals;needing_antiretrovirals
2697;needing_antiretrovirals;needing_antiretrovirals
2698;needing_antiretrovirals;needing_antiretrovirals
2699;needing_antiretrovirals;needing_antiretrovirals
2700;needing_antiretrovirals;needing_antiretrovirals
2701;needing_antiretrovirals;needing_antiretrovirals
2702;needing_antiretrovirals;needing_antiretrovirals
2703;needing_antiretrovirals;needing_antiretrovirals
2704;needing_antiretrovirals;needing_antiretrovirals
2705;needing_antiretrovirals;needing_antiretrovirals
2706;needing_antiretrovirals;needing_antiretrovirals
2707;needing_antiretrovirals;needing_antiretrovirals
2708;needing_antiretrovirals;needing_antiretrovirals
2709;needing_antiretrovirals;needing_antiretrovirals
2710;needing_antiretrovirals;needing_antiretrovirals
2711;needing_antiretrovirals;needing_antiretrovirals
2712;needing_antiretrovirals;needing_antiretrovirals
2713;needing_antiretrovirals;needing_antiretrovirals
2714;needing_antiretrovirals;needing_antiretrovirals
2715;needing_antiretrovirals;needing_antiretrovirals
2716;needing_antiretrovirals;needing_antiretrovirals
2717;needing_antiretrovirals;needing_antiretrovirals
2718;needing_antiretrovirals;needing_antiretrovirals
2719;needing_antiretrovirals;needing_antiretrovirals
2720;needing_antiretrovirals;needing_antiretrovirals
2721;percentage_received;percentage_received
2722;percentage_received;percentage_received
2723;percentage_received;percentage_received
2724;percentage_received;percentage_received
2725;percentage_received;percentage_received
2726;percentage_received;percentage_received
2727;percentage_received;percentage_received
2728;percentage_received;percentage_received
2729;percentage_received;percentage_received
2730;percentage_received;percentage_received
2731;percentage_received;percentage_received
2732;percentage_received;percentage_received
2733;percentage_received;percentage_received
2734;percentage_received;percentage_received
2735;percentage_received;percentage_received
2736;percentage_received;percentage_received
2737;percentage_received;percentage_received
2738;percentage_received;percentage_received
2739;percentage_received;percentage_received
2740;percentage_received;percentage_received
2741;percentage_received;percentage_received
2742;percentage_received;percentage_received
2743;percentage_received;percentage_received
2744;percentage_received;percentage_received
2745;percentage_received;percentage_received
2746;percentage_received;percentage_received
2747;percentage_received;percentage_received
2748;percentage_received;percentage_received
2749;percentage_received;percentage_received
2750;percentage_received;percentage_received
2751;percentage_received;percentage_received
2752;percentage_received;percentage_received
2753;percentage_received;percentage_received
2754;percentage_received;percentage_received
2755;percentage_received;percentage_received
2756;percentage_received;percentage_received
2757;percentage_received;percentage_received
2758;percentage_received;percentage_received
2759;percentage_received;percentage_received
2760;percentage_received;percentage_received
2761;percentage_received;percentage_received
2762;percentage_received;percentage_received
2763;percentage_received;percentage_received
2764;percentage_received;percentage_received
2765;percentage_received;percentage_received
2766;percentage_received;percentage_received
2767;percentage_received;percentage_received
2768;percentage_received;percentage_received
2769;percentage_received;percentage_received
2770;percentage_received;percentage_received
2771;percentage_received;percentage_received
2772;percentage_received;percentage_received
2773;percentage_received;percentage_received
2774;percentage_received;percentage_received
2775;percentage_received;percentage_received
2776;percentage_received;percentage_received
2777;percentage_received;percentage_received
2778;percentage_received;percentage_received
2779;percentage_received;percentage_received
2780;percentage_received;percentage_received
2781;percentage_received;percentage_received
2782;percentage_received;percentage_received
2783;percentage_received;percentage_received
2784;percentage_received;percentage_received
2785;percentage_received;percentage_received
2786;percentage_received;percentage_received
2787;percentage_received;percentage_received
2788;percentage_received;percentage_received
2789;percentage_received;percentage_received
2790;percentage_received;percentage_received
2791;percentage_received;percentage_received
2792;percentage_received;percentage_received
2793;percentage_received;percentage_received
2794;percentage_received;percentage_received
2795;percentage_received;percentage_received
2796;percentage_received;percentage_received
2797;percentage_received;percentage_received
2798;percentage_received;percentage_received
2799;percentage_received;percentage_received
2800;percentage_received;percentage_received
2801;percentage_received;percentage_received
2802;percentage_received;percentage_received
2803;percentage_received;percentage_received
2804;percentage_received;percentage_received
2805;percentage_received;percentage_received
2806;percentage_received;percentage_received
2807;percentage_received;percentage_received
2808;percentage_received;percentage_received
2809;percentage_received;percentage_received
2810;percentage_received;percentage_received
2811;percentage_received;percentage_received
2812;percentage_received;percentage_received
2813;percentage_received;percentage_received
2814;percentage_received;percentage_received
2815;percentage_received;percentage_received
2816;percentage_received;percentage_received
2817;percentage_received;percentage_received
2818;percentage_received;percentage_received
2819;percentage_received;percentage_received
2820;percentage_received;percentage_received
2821;percentage_received;percentage_received
2822;percentage_received;percentage_received
2823;percentage_received;percentage_received
2824;percentage_received;percentage_received
2825;percentage_received;percentage_received
2826;percentage_received;percentage_received
2827;percentage_received;percentage_received
2828;percentage_received;percentage_received
2829;percentage_received;percentage_received
2830;percentage_received;percentage_received
2831;percentage_received;percentage_received
2832;percentage_received;percentage_received
2833;percentage_received;percentage_received
2834;percentage_received;percentage_received
2835;percentage_received;percentage_received
2836;percentage_received;percentage_received
2837;percentage_received;percentage_received
2838;percentage_received;percentage_received
2839;percentage_received;percentage_received
2840;percentage_received;percentage_received
2841;percentage_received;percentage_received
2842;percentage_received;percentage_received
2843;percentage_received;percentage_received
2844;percentage_received;percentage_received
2845;percentage_received;percentage_received
2846;percentage_received;percentage_received
2847;percentage_received;percentage_received
2848;percentage_received;percentage_received
2849;percentage_received;percentage_received
2850;percentage_received;percentage_received
2851;percentage_received;percentage_received
2852;percentage_received;percentage_received
2853;percentage_received;percentage_received
2854;percentage_received;percentage_received
2855;percentage_received;percentage_received
2856;percentage_received;percentage_received
2857;percentage_received;percentage_received
2858;percentage_received;percentage_received
2859;percentage_received;percentage_received
2860;percentage_received;percentage_received
2861;percentage_received;percentage_received
2862;percentage_received;percentage_received
2863;percentage_received;percentage_received
2864;percentage_received;percentage_received
2865;percentage_received;percentage_received
2866;percentage_received;percentage_received
2867;percentage_received;percentage_received
2868;percentage_received;percentage_received
2869;percentage_received;percentage_received
2870;percentage_received;percentage_received
2871;percentage_received;percentage_received
2872;percentage_received;percentage_received
2873;percentage_received;percentage_received
2874;percentage_received;percentage_received
2875;percentage_received;percentage_received
2876;percentage_received;percentage_received
2877;percentage_received;percentage_received
2878;percentage_received;percentage_received
2879;percentage_received;percentage_received
2880;percentage_received;percentage_received
2881;percentage_received;percentage_received
2882;percentage_received;percentage_received
2883;percentage_received;percentage_received
2884;percentage_received;percentage_received
2885;percentage_received;percentage_received
2886;percentage_received;percentage_received
2887;percentage_received;percentage_received
2888;percentage_received;percentage_received
2889;percentage_received;percentage_received
2890;percentage_received;percentage_received
2891;received_antiretrovirals;received_antiretrovirals
2892;received_antiretrovirals;received_antiretrovirals
2893;received_antiretrovirals;received_antiretrovirals
2894;received_antiretrovirals;received_antiretrovirals
2895;received_antiretrovirals;received_antiretrovirals
2896;received_antiretrovirals;received_antiretrovirals
2897;received_antiretrovirals;received_antiretrovirals
2898;received_antiretrovirals;received_antiretrovirals
2899;received_antiretrovirals;received_antiretrovirals
2900;received_antiretrovirals;received_antiretrovirals
2901;received_antiretrovirals;received_antiretrovirals
2902;received_antiretrovirals;received_antiretrovirals
2903;received_antiretrovirals;received_antiretrovirals
2904;received_antiretrovirals;received_antiretrovirals
2905;received_antiretrovirals;received_antiretrovirals
2906;received_antiretrovirals;received_antiretrovirals
2907;received_antiretrovirals;received_antiretrovirals
2908;received_antiretrovirals;received_antiretrovirals
2909;received_antiretrovirals;received_antiretrovirals
2910;received_antiretrovirals;received_antiretrovirals
2911;received_antiretrovirals;received_antiretrovirals
2912;received_antiretrovirals;received_antiretrovirals
2913;received_antiretrovirals;received_antiretrovirals
2914;received_antiretrovirals;received_antiretrovirals
2915;received_antiretrovirals;received_antiretrovirals
2916;received_antiretrovirals;received_antiretrovirals
2917;received_antiretrovirals;received_antiretrovirals
2918;received_antiretrovirals;received_antiretrovirals
2919;received_antiretrovirals;received_antiretrovirals
2920;received_antiretrovirals;received_antiretrovirals
2921;received_antiretrovirals;received_antiretrovirals
2922;received_antiretrovirals;received_antiretrovirals
2923;received_antiretrovirals;received_antiretrovirals
2924;received_antiretrovirals;received_antiretrovirals
2925;received_antiretrovirals;received_antiretrovirals
2926;received_antiretrovirals;received_antiretrovirals
2927;received_antiretrovirals;received_antiretrovirals
2928;received_antiretrovirals;received_antiretrovirals
2929;received_antiretrovirals;received_antiretrovirals
2930;received_antiretrovirals;received_antiretrovirals
2931;received_antiretrovirals;received_antiretrovirals
2932;received_antiretrovirals;received_antiretrovirals
2933;received_antiretrovirals;received_antiretrovirals
2934;received_antiretrovirals;received_antiretrovirals
2935;received_antiretrovirals;received_antiretrovirals
2936;received_antiretrovirals;received_antiretrovirals
2937;received_antiretrovirals;received_antiretrovirals
2938;received_antiretrovirals;received_antiretrovirals
2939;received_antiretrovirals;received_antiretrovirals
2940;received_antiretrovirals;received_antiretrovirals
2941;received_antiretrovirals;received_antiretrovirals
2942;received_antiretrovirals;received_antiretrovirals
2943;received_antiretrovirals;received_antiretrovirals
2944;received_antiretrovirals;received_antiretrovirals
2945;received_antiretrovirals;received_antiretrovirals
2946;received_antiretrovirals;received_antiretrovirals
2947;received_antiretrovirals;received_antiretrovirals
2948;received_antiretrovirals;received_antiretrovirals
2949;received_antiretrovirals;received_antiretrovirals
2950;received_antiretrovirals;received_antiretrovirals
2951;received_antiretrovirals;received_antiretrovirals
2952;received_antiretrovirals;received_antiretrovirals
2953;received_antiretrovirals;received_antiretrovirals
2954;received_antiretrovirals;received_antiretrovirals
2955;received_antiretrovirals;received_antiretrovirals
2956;received_antiretrovirals;received_antiretrovirals
2957;received_antiretrovirals;received_antiretrovirals
2958;received_antiretrovirals;received_antiretrovirals
2959;received_antiretrovirals;received_antiretrovirals
2960;received_antiretrovirals;received_antiretrovirals
2961;received_antiretrovirals;received_antiretrovirals
2962;received_antiretrovirals;received_antiretrovirals
2963;received_antiretrovirals;received_antiretrovirals
2964;received_antiretrovirals;received_antiretrovirals
2965;received_antiretrovirals;received_antiretrovirals
2966;received_antiretrovirals;received_antiretrovirals
2967;received_antiretrovirals;received_antiretrovirals
2968;received_antiretrovirals;received_antiretrovirals
2969;received_antiretrovirals;received_antiretrovirals
2970;received_antiretrovirals;received_antiretrovirals
2971;received_antiretrovirals;received_antiretrovirals
2972;received_antiretrovirals;received_antiretrovirals
2973;received_antiretrovirals;received_antiretrovirals
2974;received_antiretrovirals;received_antiretrovirals
2975;received_antiretrovirals;received_antiretrovirals
2976;received_antiretrovirals;received_antiretrovirals
2977;received_antiretrovirals;received_antiretrovirals
2978;received_antiretrovirals;received_antiretrovirals
2979;received_antiretrovirals;received_antiretrovirals
2980;received_antiretrovirals;received_antiretrovirals
2981;received_antiretrovirals;received_antiretrovirals
2982;received_antiretrovirals;received_antiretrovirals
2983;received_antiretrovirals;received_antiretrovirals
2984;received_antiretrovirals;received_antiretrovirals
2985;received_antiretrovirals;received_antiretrovirals
2986;received_antiretrovirals;received_antiretrovirals
2987;received_antiretrovirals;received_antiretrovirals
2988;received_antiretrovirals;received_antiretrovirals
2989;received_antiretrovirals;received_antiretrovirals
2990;received_antiretrovirals;received_antiretrovirals
2991;received_antiretrovirals;received_antiretrovirals
2992;received_antiretrovirals;received_antiretrovirals
2993;received_antiretrovirals;received_antiretrovirals
2994;received_antiretrovirals;received_antiretrovirals
2995;received_antiretrovirals;received_antiretrovirals
2996;received_antiretrovirals;received_antiretrovirals
2997;received_antiretrovirals;received_antiretrovirals
2998;received_antiretrovirals;received_antiretrovirals
2999;received_antiretrovirals;received_antiretrovirals
3000;received_antiretrovirals;received_antiretrovirals
3001;received_antiretrovirals;received_antiretrovirals
3002;received_antiretrovirals;received_antiretrovirals
3003;received_antiretrovirals;received_antiretrovirals
3004;received_antiretrovirals;received_antiretrovirals
3005;received_antiretrovirals;received_antiretrovirals
3006;received_antiretrovirals;received_antiretrovirals
3007;received_antiretrovirals;received_antiretrovirals
3008;received_antiretrovirals;received_antiretrovirals
3009;received_antiretrovirals;received_antiretrovirals
3010;received_antiretrovirals;received_antiretrovirals
3011;received_antiretrovirals;received_antiretrovirals
3012;received_antiretrovirals;received_antiretrovirals
3013;received_antiretrovirals;received_antiretrovirals
3014;received_antiretrovirals;received_antiretrovirals
3015;received_antiretrovirals;received_antiretrovirals
3016;received_antiretrovirals;received_antiretrovirals
3017;received_antiretrovirals;received_antiretrovirals
3018;received_antiretrovirals;received_antiretrovirals
3019;received_antiretrovirals;received_antiretrovirals
3020;received_antiretrovirals;received_antiretrovirals
3021;received_antiretrovirals;received_antiretrovirals
3022;received_antiretrovirals;received_antiretrovirals
3023;received_antiretrovirals;received_antiretrovirals
3024;received_antiretrovirals;received_antiretrovirals
3025;received_antiretrovirals;received_antiretrovirals
3026;received_antiretrovirals;received_antiretrovirals
3027;received_antiretrovirals;received_antiretrovirals
3028;received_antiretrovirals;received_antiretrovirals
3029;received_antiretrovirals;received_antiretrovirals
3030;received_antiretrovirals;received_antiretrovirals
3031;received_antiretrovirals;received_antiretrovirals
3032;received_antiretrovirals;received_antiretrovirals
3033;received_antiretrovirals;received_antiretrovirals
3034;received_antiretrovirals;received_antiretrovirals
3035;received_antiretrovirals;received_antiretrovirals
3036;received_antiretrovirals;received_antiretrovirals
3037;received_antiretrovirals;received_antiretrovirals
3038;received_antiretrovirals;received_antiretrovirals
3039;received_antiretrovirals;received_antiretrovirals
3040;received_antiretrovirals;received_antiretrovirals
3041;received_antiretrovirals;received_antiretrovirals
3042;received_antiretrovirals;received_antiretrovirals
3043;received_antiretrovirals;received_antiretrovirals
3044;received_antiretrovirals;received_antiretrovirals
3045;received_antiretrovirals;received_antiretrovirals
3046;received_antiretrovirals;received_antiretrovirals
3047;received_antiretrovirals;received_antiretrovirals
3048;received_antiretrovirals;received_antiretrovirals
3049;received_antiretrovirals;received_antiretrovirals
3050;received_antiretrovirals;received_antiretrovirals
3051;received_antiretrovirals;received_antiretrovirals
3052;received_antiretrovirals;received_antiretrovirals
3053;received_antiretrovirals;received_antiretrovirals
3054;received_antiretrovirals;received_antiretrovirals
3055;received_antiretrovirals;received_antiretrovirals
3056;received_antiretrovirals;received_antiretrovirals
3057;received_antiretrovirals;received_antiretrovirals
3058;received_antiretrovirals;received_antiretrovirals
3059;received_antiretrovirals;received_antiretrovirals
3060;received_antiretrovirals;received_antiretrovirals
3061;reported_children_receiving_art;reported_children_receiving_art
3062;reported_children_receiving_art;reported_children_receiving_art
3063;reported_children_receiving_art;reported_children_receiving_art
3064;reported_children_receiving_art;reported_children_receiving_art
3065;reported_children_receiving_art;reported_children_receiving_art
3066;reported_children_receiving_art;reported_children_receiving_art
3067;reported_children_receiving_art;reported_children_receiving_art
3068;reported_children_receiving_art;reported_children_receiving_art
3069;reported_children_receiving_art;reported_children_receiving_art
3070;reported_children_receiving_art;reported_children_receiving_art
3071;reported_children_receiving_art;reported_children_receiving_art
3072;reported_children_receiving_art;reported_children_receiving_art
3073;reported_children_receiving_art;reported_children_receiving_art
3074;reported_children_receiving_art;reported_children_receiving_art
3075;reported_children_receiving_art;reported_children_receiving_art
3076;reported_children_receiving_art;reported_children_receiving_art
3077;reported_children_receiving_art;reported_children_receiving_art
3078;reported_children_receiving_art;reported_children_receiving_art
3079;reported_children_receiving_art;reported_children_receiving_art
3080;reported_children_receiving_art;reported_children_receiving_art
3081;reported_children_receiving_art;reported_children_receiving_art
3082;reported_children_receiving_art;reported_children_receiving_art
3083;reported_children_receiving_art;reported_children_receiving_art
3084;reported_children_receiving_art;reported_children_receiving_art
3085;reported_children_receiving_art;reported_children_receiving_art
3086;reported_children_receiving_art;reported_children_receiving_art
3087;reported_children_receiving_art;reported_children_receiving_art
3088;reported_children_receiving_art;reported_children_receiving_art
3089;reported_children_receiving_art;reported_children_receiving_art
3090;reported_children_receiving_art;reported_children_receiving_art
3091;reported_children_receiving_art;reported_children_receiving_art
3092;reported_children_receiving_art;reported_children_receiving_art
3093;reported_children_receiving_art;reported_children_receiving_art
3094;reported_children_receiving_art;reported_children_receiving_art
3095;reported_children_receiving_art;reported_children_receiving_art
3096;reported_children_receiving_art;reported_children_receiving_art
3097;reported_children_receiving_art;reported_children_receiving_art
3098;reported_children_receiving_art;reported_children_receiving_art
3099;reported_children_receiving_art;reported_children_receiving_art
3100;reported_children_receiving_art;reported_children_receiving_art
3101;reported_children_receiving_art;reported_children_receiving_art
3102;reported_children_receiving_art;reported_children_receiving_art
3103;reported_children_receiving_art;reported_children_receiving_art
3104;reported_children_receiving_art;reported_children_receiving_art
3105;reported_children_receiving_art;reported_children_receiving_art
3106;reported_children_receiving_art;reported_children_receiving_art
3107;reported_children_receiving_art;reported_children_receiving_art
3108;reported_children_receiving_art;reported_children_receiving_art
3109;reported_children_receiving_art;reported_children_receiving_art
3110;reported_children_receiving_art;reported_children_receiving_art
3111;reported_children_receiving_art;reported_children_receiving_art
3112;reported_children_receiving_art;reported_children_receiving_art
3113;reported_children_receiving_art;reported_children_receiving_art
3114;reported_children_receiving_art;reported_children_receiving_art
3115;reported_children_receiving_art;reported_children_receiving_art
3116;reported_children_receiving_art;reported_children_receiving_art
3117;reported_children_receiving_art;reported_children_receiving_art
3118;reported_children_receiving_art;reported_children_receiving_art
3119;reported_children_receiving_art;reported_children_receiving_art
3120;reported_children_receiving_art;reported_children_receiving_art
3121;reported_children_receiving_art;reported_children_receiving_art
3122;reported_children_receiving_art;reported_children_receiving_art
3123;reported_children_receiving_art;reported_children_receiving_art
3124;reported_children_receiving_art;reported_children_receiving_art
3125;reported_children_receiving_art;reported_children_receiving_art
3126;reported_children_receiving_art;reported_children_receiving_art
3127;reported_children_receiving_art;reported_children_receiving_art
3128;reported_children_receiving_art;reported_children_receiving_art
3129;reported_children_receiving_art;reported_children_receiving_art
3130;reported_children_receiving_art;reported_children_receiving_art
3131;reported_children_receiving_art;reported_children_receiving_art
3132;reported_children_receiving_art;reported_children_receiving_art
3133;reported_children_receiving_art;reported_children_receiving_art
3134;reported_children_receiving_art;reported_children_receiving_art
3135;reported_children_receiving_art;reported_children_receiving_art
3136;reported_children_receiving_art;reported_children_receiving_art
3137;reported_children_receiving_art;reported_children_receiving_art
3138;reported_children_receiving_art;reported_children_receiving_art
3139;reported_children_receiving_art;reported_children_receiving_art
3140;reported_children_receiving_art;reported_children_receiving_art
3141;reported_children_receiving_art;reported_children_receiving_art
3142;reported_children_receiving_art;reported_children_receiving_art
3143;reported_children_receiving_art;reported_children_receiving_art
3144;reported_children_receiving_art;reported_children_receiving_art
3145;reported_children_receiving_art;reported_children_receiving_art
3146;reported_children_receiving_art;reported_children_receiving_art
3147;reported_children_receiving_art;reported_children_receiving_art
3148;reported_children_receiving_art;reported_children_receiving_art
3149;reported_children_receiving_art;reported_children_receiving_art
3150;reported_children_receiving_art;reported_children_receiving_art
3151;reported_children_receiving_art;reported_children_receiving_art
3152;reported_children_receiving_art;reported_children_receiving_art
3153;reported_children_receiving_art;reported_children_receiving_art
3154;reported_children_receiving_art;reported_children_receiving_art
3155;reported_children_receiving_art;reported_children_receiving_art
3156;reported_children_receiving_art;reported_children_receiving_art
3157;reported_children_receiving_art;reported_children_receiving_art
3158;reported_children_receiving_art;reported_children_receiving_art
3159;reported_children_receiving_art;reported_children_receiving_art
3160;reported_children_receiving_art;reported_children_receiving_art
3161;reported_children_receiving_art;reported_children_receiving_art
3162;reported_children_receiving_art;reported_children_receiving_art
3163;reported_children_receiving_art;reported_children_receiving_art
3164;reported_children_receiving_art;reported_children_receiving_art
3165;reported_children_receiving_art;reported_children_receiving_art
3166;reported_children_receiving_art;reported_children_receiving_art
3167;reported_children_receiving_art;reported_children_receiving_art
3168;reported_children_receiving_art;reported_children_receiving_art
3169;reported_children_receiving_art;reported_children_receiving_art
3170;reported_children_receiving_art;reported_children_receiving_art
3171;reported_children_receiving_art;reported_children_receiving_art
3172;reported_children_receiving_art;reported_children_receiving_art
3173;reported_children_receiving_art;reported_children_receiving_art
3174;reported_children_receiving_art;reported_children_receiving_art
3175;reported_children_receiving_art;reported_children_receiving_art
3176;reported_children_receiving_art;reported_children_receiving_art
3177;reported_children_receiving_art;reported_children_receiving_art
3178;reported_children_receiving_art;reported_children_receiving_art
3179;reported_children_receiving_art;reported_children_receiving_art
3180;reported_children_receiving_art;reported_children_receiving_art
3181;reported_children_receiving_art;reported_children_receiving_art
3182;reported_children_receiving_art;reported_children_receiving_art
3183;reported_children_receiving_art;reported_children_receiving_art
3184;reported_children_receiving_art;reported_children_receiving_art
3185;reported_children_receiving_art;reported_children_receiving_art
3186;reported_children_receiving_art;reported_children_receiving_art
3187;reported_children_receiving_art;reported_children_receiving_art
3188;reported_children_receiving_art;reported_children_receiving_art
3189;reported_children_receiving_art;reported_children_receiving_art
3190;reported_children_receiving_art;reported_children_receiving_art
3191;reported_children_receiving_art;reported_children_receiving_art
3192;reported_children_receiving_art;reported_children_receiving_art
3193;reported_children_receiving_art;reported_children_receiving_art
3194;reported_children_receiving_art;reported_children_receiving_art
3195;reported_children_receiving_art;reported_children_receiving_art
3196;reported_children_receiving_art;reported_children_receiving_art
3197;reported_children_receiving_art;reported_children_receiving_art
3198;reported_children_receiving_art;reported_children_receiving_art
3199;reported_children_receiving_art;reported_children_receiving_art
3200;reported_children_receiving_art;reported_children_receiving_art
3201;reported_children_receiving_art;reported_children_receiving_art
3202;reported_children_receiving_art;reported_children_receiving_art
3203;reported_children_receiving_art;reported_children_receiving_art
3204;reported_children_receiving_art;reported_children_receiving_art
3205;reported_children_receiving_art;reported_children_receiving_art
3206;reported_children_receiving_art;reported_children_receiving_art
3207;reported_children_receiving_art;reported_children_receiving_art
3208;reported_children_receiving_art;reported_children_receiving_art
3209;reported_children_receiving_art;reported_children_receiving_art
3210;reported_children_receiving_art;reported_children_receiving_art
3211;reported_children_receiving_art;reported_children_receiving_art
3212;reported_children_receiving_art;reported_children_receiving_art
3213;reported_children_receiving_art;reported_children_receiving_art
3214;reported_children_receiving_art;reported_children_receiving_art
3215;reported_children_receiving_art;reported_children_receiving_art
3216;reported_children_receiving_art;reported_children_receiving_art
3217;reported_children_receiving_art;reported_children_receiving_art
3218;reported_children_receiving_art;reported_children_receiving_art
3219;reported_children_receiving_art;reported_children_receiving_art
3220;reported_children_receiving_art;reported_children_receiving_art
3221;reported_children_receiving_art;reported_children_receiving_art
3222;reported_children_receiving_art;reported_children_receiving_art
3223;reported_children_receiving_art;reported_children_receiving_art
3224;reported_children_receiving_art;reported_children_receiving_art
3225;reported_children_receiving_art;reported_children_receiving_art
3226;reported_children_receiving_art;reported_children_receiving_art
3227;reported_children_receiving_art;reported_children_receiving_art
3228;reported_children_receiving_art;reported_children_receiving_art
3229;reported_children_receiving_art;reported_children_receiving_art
3230;reported_children_receiving_art;reported_children_receiving_art
3231;reported_receiving_art;reported_receiving_art
3232;reported_receiving_art;reported_receiving_art
3233;reported_receiving_art;reported_receiving_art
3234;reported_receiving_art;reported_receiving_art
3235;reported_receiving_art;reported_receiving_art
3236;reported_receiving_art;reported_receiving_art
3237;reported_receiving_art;reported_receiving_art
3238;reported_receiving_art;reported_receiving_art
3239;reported_receiving_art;reported_receiving_art
3240;reported_receiving_art;reported_receiving_art
3241;reported_receiving_art;reported_receiving_art
3242;reported_receiving_art;reported_receiving_art
3243;reported_receiving_art;reported_receiving_art
3244;reported_receiving_art;reported_receiving_art
3245;reported_receiving_art;reported_receiving_art
3246;reported_receiving_art;reported_receiving_art
3247;reported_receiving_art;reported_receiving_art
3248;reported_receiving_art;reported_receiving_art
3249;reported_receiving_art;reported_receiving_art
3250;reported_receiving_art;reported_receiving_art
3251;reported_receiving_art;reported_receiving_art
3252;reported_receiving_art;reported_receiving_art
3253;reported_receiving_art;reported_receiving_art
3254;reported_receiving_art;reported_receiving_art
3255;reported_receiving_art;reported_receiving_art
3256;reported_receiving_art;reported_receiving_art
3257;reported_receiving_art;reported_receiving_art
3258;reported_receiving_art;reported_receiving_art
3259;reported_receiving_art;reported_receiving_art
3260;reported_receiving_art;reported_receiving_art
3261;reported_receiving_art;reported_receiving_art
3262;reported_receiving_art;reported_receiving_art
3263;reported_receiving_art;reported_receiving_art
3264;reported_receiving_art;reported_receiving_art
3265;reported_receiving_art;reported_receiving_art
3266;reported_receiving_art;reported_receiving_art
3267;reported_receiving_art;reported_receiving_art
3268;reported_receiving_art;reported_receiving_art
3269;reported_receiving_art;reported_receiving_art
3270;reported_receiving_art;reported_receiving_art
3271;reported_receiving_art;reported_receiving_art
3272;reported_receiving_art;reported_receiving_art
3273;reported_receiving_art;reported_receiving_art
3274;reported_receiving_art;reported_receiving_art
3275;reported_receiving_art;reported_receiving_art
3276;reported_receiving_art;reported_receiving_art
3277;reported_receiving_art;reported_receiving_art
3278;reported_receiving_art;reported_receiving_art
3279;reported_receiving_art;reported_receiving_art
3280;reported_receiving_art;reported_receiving_art
3281;reported_receiving_art;reported_receiving_art
3282;reported_receiving_art;reported_receiving_art
3283;reported_receiving_art;reported_receiving_art
3284;reported_receiving_art;reported_receiving_art
3285;reported_receiving_art;reported_receiving_art
3286;reported_receiving_art;reported_receiving_art
3287;reported_receiving_art;reported_receiving_art
3288;reported_receiving_art;reported_receiving_art
3289;reported_receiving_art;reported_receiving_art
3290;reported_receiving_art;reported_receiving_art
3291;reported_receiving_art;reported_receiving_art
3292;reported_receiving_art;reported_receiving_art
3293;reported_receiving_art;reported_receiving_art
3294;reported_receiving_art;reported_receiving_art
3295;reported_receiving_art;reported_receiving_art
3296;reported_receiving_art;reported_receiving_art
3297;reported_receiving_art;reported_receiving_art
3298;reported_receiving_art;reported_receiving_art
3299;reported_receiving_art;reported_receiving_art
3300;reported_receiving_art;reported_receiving_art
3301;reported_receiving_art;reported_receiving_art
3302;reported_receiving_art;reported_receiving_art
3303;reported_receiving_art;reported_receiving_art
3304;reported_receiving_art;reported_receiving_art
3305;reported_receiving_art;reported_receiving_art
3306;reported_receiving_art;reported_receiving_art
3307;reported_receiving_art;reported_receiving_art
3308;reported_receiving_art;reported_receiving_art
3309;reported_receiving_art;reported_receiving_art
3310;reported_receiving_art;reported_receiving_art
3311;reported_receiving_art;reported_receiving_art
3312;reported_receiving_art;reported_receiving_art
3313;reported_receiving_art;reported_receiving_art
3314;reported_receiving_art;reported_receiving_art
3315;reported_receiving_art;reported_receiving_art
3316;reported_receiving_art;reported_receiving_art
3317;reported_receiving_art;reported_receiving_art
3318;reported_receiving_art;reported_receiving_art
3319;reported_receiving_art;reported_receiving_art
3320;reported_receiving_art;reported_receiving_art
3321;reported_receiving_art;reported_receiving_art
3322;reported_receiving_art;reported_receiving_art
3323;reported_receiving_art;reported_receiving_art
3324;reported_receiving_art;reported_receiving_art
3325;reported_receiving_art;reported_receiving_art
3326;reported_receiving_art;reported_receiving_art
3327;reported_receiving_art;reported_receiving_art
3328;reported_receiving_art;reported_receiving_art
3329;reported_receiving_art;reported_receiving_art
3330;reported_receiving_art;reported_receiving_art
3331;reported_receiving_art;reported_receiving_art
3332;reported_receiving_art;reported_receiving_art
3333;reported_receiving_art;reported_receiving_art
3334;reported_receiving_art;reported_receiving_art
3335;reported_receiving_art;reported_receiving_art
3336;reported_receiving_art;reported_receiving_art
3337;reported_receiving_art;reported_receiving_art
3338;reported_receiving_art;reported_receiving_art
3339;reported_receiving_art;reported_receiving_art
3340;reported_receiving_art;reported_receiving_art
3341;reported_receiving_art;reported_receiving_art
3342;reported_receiving_art;reported_receiving_art
3343;reported_receiving_art;reported_receiving_art
3344;reported_receiving_art;reported_receiving_art
3345;reported_receiving_art;reported_receiving_art
3346;reported_receiving_art;reported_receiving_art
3347;reported_receiving_art;reported_receiving_art
3348;reported_receiving_art;reported_receiving_art
3349;reported_receiving_art;reported_receiving_art
3350;reported_receiving_art;reported_receiving_art
3351;reported_receiving_art;reported_receiving_art
3352;reported_receiving_art;reported_receiving_art
3353;reported_receiving_art;reported_receiving_art
3354;reported_receiving_art;reported_receiving_art
3355;reported_receiving_art;reported_receiving_art
3356;reported_receiving_art;reported_receiving_art
3357;reported_receiving_art;reported_receiving_art
3358;reported_receiving_art;reported_receiving_art
3359;reported_receiving_art;reported_receiving_art
3360;reported_receiving_art;reported_receiving_art
3361;reported_receiving_art;reported_receiving_art
3362;reported_receiving_art;reported_receiving_art
3363;reported_receiving_art;reported_receiving_art
3364;reported_receiving_art;reported_receiving_art
3365;reported_receiving_art;reported_receiving_art
3366;reported_receiving_art;reported_receiving_art
3367;reported_receiving_art;reported_receiving_art
3368;reported_receiving_art;reported_receiving_art
3369;reported_receiving_art;reported_receiving_art
3370;reported_receiving_art;reported_receiving_art
3371;reported_receiving_art;reported_receiving_art
3372;reported_receiving_art;reported_receiving_art
3373;reported_receiving_art;reported_receiving_art
3374;reported_receiving_art;reported_receiving_art
3375;reported_receiving_art;reported_receiving_art
3376;reported_receiving_art;reported_receiving_art
3377;reported_receiving_art;reported_receiving_art
3378;reported_receiving_art;reported_receiving_art
3379;reported_receiving_art;reported_receiving_art
3380;reported_receiving_art;reported_receiving_art
3381;reported_receiving_art;reported_receiving_art
3382;reported_receiving_art;reported_receiving_art
3383;reported_receiving_art;reported_receiving_art
3384;reported_receiving_art;reported_receiving_art
3385;reported_receiving_art;reported_receiving_art
3386;reported_receiving_art;reported_receiving_art
3387;reported_receiving_art;reported_receiving_art
3388;reported_receiving_art;reported_receiving_art
3389;reported_receiving_art;reported_receiving_art
3390;reported_receiving_art;reported_receiving_art
3391;reported_receiving_art;reported_receiving_art
3392;reported_receiving_art;reported_receiving_art
3393;reported_receiving_art;reported_receiving_art
3394;reported_receiving_art;reported_receiving_art
3395;reported_receiving_art;reported_receiving_art
3396;reported_receiving_art;reported_receiving_art
3397;reported_receiving_art;reported_receiving_art
3398;reported_receiving_art;reported_receiving_art
3399;reported_receiving_art;reported_receiving_art
3400;reported_receiving_art;reported_receiving_art
