annee,Count,Count_median,Count_min,Count_max,WHO Region,id_pays,id_type_statistique,Received Antiretrovirals,Needing antiretrovirals,Percentage Recieved,Needing antiretrovirals_median,Needing antiretrovirals_min,Needing antiretrovirals_max,Percentage Recieved_median,Percentage Recieved_min,Percentage Recieved_max
2018,0.1[0.1–0.1]    ,         0.1 ,      0.1 ,      0.1 ,Eastern Mediterranean,1,1,,,,,,,,,
2018,na              ,             ,          ,          ,Europe,2,1,,,,,,,,,
2018,0.1[0.1–0.1]    ,         0.1 ,      0.1 ,      0.1 ,Africa,3,1,,,,,,,,,
2018,2.0[1.7–2.3]    ,         2.0 ,      1.7 ,      2.3 ,Africa,4,1,,,,,,,,,
2018,0.4[0.4–0.4]    ,         0.4 ,      0.4 ,      0.4 ,Americas,5,1,,,,,,,,,
2018,0.2[0.1–0.2]    ,         0.2 ,      0.1 ,      0.2 ,Europe,6,1,,,,,,,,,
2018,0.1[0.1–0.1]    ,         0.1 ,      0.1 ,      0.1 ,Western Pacific,7,1,,,,,,,,,
2018,na              ,             ,          ,          ,Europe,8,1,,,,,,,,,
2018,na              ,             ,          ,          ,Europe,9,1,,,,,,,,,
2018,1.8[1.5–1.9]    ,         1.8 ,      1.5 ,      1.9 ,Americas,10,1,,,,,,,,,
2018,na              ,             ,          ,          ,Eastern Mediterranean,11,1,,,,,,,,,
2018,0.1[0.1–0.1]    ,         0.1 ,      0.1 ,      0.1 ,South-East Asia,12,1,,,,,,,,,
2018,1.5[1.3–1.7]    ,         1.5 ,      1.3 ,      1.7 ,Americas,13,1,,,,,,,,,
2018,0.5[0.4–0.6]    ,         0.5 ,      0.4 ,      0.6 ,Europe,14,1,,,,,,,,,
2018,na              ,             ,          ,          ,Europe,15,1,,,,,,,,,
2018,1.9[1.7–2.1]    ,         1.9 ,      1.7 ,      2.1 ,Americas,16,1,,,,,,,,,
2018,1.0[0.7–1.7]    ,         1.0 ,      0.7 ,      1.7 ,Africa,17,1,,,,,,,,,
2018,0.3[0.1–0.5]    ,         0.3 ,      0.1 ,      0.5 ,South-East Asia,18,1,,,,,,,,,
2018,0.3[0.3–0.3]    ,         0.3 ,      0.3 ,      0.3 ,Americas,19,1,,,,,,,,,
2018,0.1[0.1–0.1]    ,         0.1 ,      0.1 ,      0.1 ,Europe,20,1,,,,,,,,,
2018,20.3[17.3–21.8] ,        20.3 ,     17.3 ,     21.8 ,Africa,21,1,,,,,,,,,
2018,0.5[0.4–0.7]    ,         0.5 ,      0.4 ,      0.7 ,Americas,22,1,,,,,,,,,
2018,na              ,             ,          ,          ,Western Pacific,23,1,,,,,,,,,
2018,0.1[0.1–0.1]    ,         0.1 ,      0.1 ,      0.1 ,Europe,24,1,,,,,,,,,
2018,0.7[0.6–0.9]    ,         0.7 ,      0.6 ,      0.9 ,Africa,25,1,,,,,,,,,
2018,1.0[0.9–1.2]    ,         1.0 ,      0.9 ,      1.2 ,Africa,26,1,,,,,,,,,
2018,0.6[0.5–0.7]    ,         0.6 ,      0.5 ,      0.7 ,Africa,27,1,,,,,,,,,
2018,0.5[0.5–0.6]    ,         0.5 ,      0.5 ,      0.6 ,Western Pacific,28,1,,,,,,,,,
2018,3.6[3.1–4.0]    ,         3.6 ,      3.1 ,      4.0 ,Africa,29,1,,,,,,,,,
2018,na              ,             ,          ,          ,Americas,30,1,,,,,,,,,
2018,3.6[2.9–4.5]    ,         3.6 ,      2.9 ,      4.5 ,Africa,31,1,,,,,,,,,
2018,1.3[1.0–1.7]    ,         1.3 ,      1.0 ,      1.7 ,Africa,32,1,,,,,,,,,
2018,0.5[0.5–0.6]    ,         0.5 ,      0.5 ,      0.6 ,Americas,33,1,,,,,,,,,
2018,na              ,             ,          ,          ,Western Pacific,34,1,,,,,,,,,
2018,0.4[0.3–0.5]    ,         0.4 ,      0.3 ,      0.5 ,Americas,35,1,,,,,,,,,
2018,0.1[0.1–0.1]    ,         0.1 ,      0.1 ,      0.1 ,Africa,36,1,,,,,,,,,
2018,2.6[2.0–3.5]    ,         2.6 ,      2.0 ,      3.5 ,Americas,37,1,,,,,,,,,
2018,0.4[0.4–0.5]    ,         0.4 ,      0.4 ,      0.5 ,Americas,38,1,,,,,,,,,
2018,2.6[2.0–3.3]    ,         2.6 ,      2.0 ,      3.3 ,Africa,39,1,,,,,,,,,
2018,0.1[0.1–0.1]    ,         0.1 ,      0.1 ,      0.1 ,Europe,40,1,,,,,,,,,
2018,0.4[0.3–0.5]    ,         0.4 ,      0.3 ,      0.5 ,Americas,41,1,,,,,,,,,
2018,na              ,             ,          ,          ,Europe,42,1,,,,,,,,,
2018,0.1[0.1–0.1]    ,         0.1 ,      0.1 ,      0.1 ,Europe,43,1,,,,,,,,,
2018,na              ,             ,          ,          ,Western Pacific,44,1,,,,,,,,,
2018,0.8[0.6–0.9]    ,         0.8 ,      0.6 ,      0.9 ,Africa,45,1,,,,,,,,,
2018,0.1[0.1–0.1]    ,         0.1 ,      0.1 ,      0.1 ,Europe,46,1,,,,,,,,,
2018,1.2[1.0–1.5]    ,         1.2 ,      1.0 ,      1.5 ,Eastern Mediterranean,47,1,,,,,,,,,
2018,0.9[0.7–1.3]    ,         0.9 ,      0.7 ,      1.3 ,Americas,48,1,,,,,,,,,
2018,0.4[0.2–0.6]    ,         0.4 ,      0.2 ,      0.6 ,Americas,49,1,,,,,,,,,
2018,0.1[0.1–0.1]    ,         0.1 ,      0.1 ,      0.1 ,Eastern Mediterranean,50,1,,,,,,,,,
2018,0.6[0.5–0.7]    ,         0.6 ,      0.5 ,      0.7 ,Americas,51,1,,,,,,,,,
2018,7.1[5.6–9.2]    ,         7.1 ,      5.6 ,      9.2 ,Africa,52,1,,,,,,,,,
2018,0.7[0.5–0.9]    ,         0.7 ,      0.5 ,      0.9 ,Africa,53,1,,,,,,,,,
2018,0.9[0.7–0.9]    ,         0.9 ,      0.7 ,      0.9 ,Europe,54,1,,,,,,,,,
2018,27.3[25.1–29.0] ,        27.3 ,     25.1 ,     29.0 ,Africa,55,1,,,,,,,,,
2018,1.0[0.7–1.4]    ,         1.0 ,      0.7 ,      1.4 ,Africa,56,1,,,,,,,,,
2018,na              ,             ,          ,          ,Western Pacific,57,1,,,,,,,,,
2018,0.1[0.1–0.1]    ,         0.1 ,      0.1 ,      0.1 ,Europe,58,1,,,,,,,,,
2018,0.3[0.3–0.4]    ,         0.3 ,      0.3 ,      0.4 ,Europe,59,1,,,,,,,,,
2018,3.8[2.9–4.9]    ,         3.8 ,      2.9 ,      4.9 ,Africa,60,1,,,,,,,,,
2018,1.9[1.6–2.5]    ,         1.9 ,      1.6 ,      2.5 ,Africa,61,1,,,,,,,,,
2018,0.4[0.3–0.4]    ,         0.4 ,      0.3 ,      0.4 ,Europe,62,1,,,,,,,,,
2018,0.1[0.1–0.1]    ,         0.1 ,      0.1 ,      0.1 ,Europe,63,1,,,,,,,,,
2018,1.7[1.4–2.0]    ,         1.7 ,      1.4 ,      2.0 ,Africa,64,1,,,,,,,,,
2018,na              ,             ,          ,          ,Europe,65,1,,,,,,,,,
2018,0.4[0.3–0.4]    ,         0.4 ,      0.3 ,      0.4 ,Americas,66,1,,,,,,,,,
2018,1.4[1.2–1.7]    ,         1.4 ,      1.2 ,      1.7 ,Africa,67,1,,,,,,,,,
2018,3.5[3.0–4.0]    ,         3.5 ,      3.0 ,      4.0 ,Africa,68,1,,,,,,,,,
2018,1.4[1.3–1.6]    ,         1.4 ,      1.3 ,      1.6 ,Americas,69,1,,,,,,,,,
2018,2.0[1.8–2.3]    ,         2.0 ,      1.8 ,      2.3 ,Americas,70,1,,,,,,,,,
2018,0.3[0.3–0.4]    ,         0.3 ,      0.3 ,      0.4 ,Americas,71,1,,,,,,,,,
2018,0.1[0.1–0.1]    ,         0.1 ,      0.1 ,      0.1 ,Europe,72,1,,,,,,,,,
2018,0.1[0.1–0.1]    ,         0.1 ,      0.1 ,      0.1 ,Europe,73,1,,,,,,,,,
2018,na              ,             ,          ,          ,South-East Asia,74,1,,,,,,,,,
2018,0.4[0.4–0.5]    ,         0.4 ,      0.4 ,      0.5 ,South-East Asia,75,1,,,,,,,,,
2018,0.1[0.1–0.2]    ,         0.1 ,      0.1 ,      0.2 ,Eastern Mediterranean,76,1,,,,,,,,,
2018,0.2[0.2–0.2]    ,         0.2 ,      0.2 ,      0.2 ,Europe,77,1,,,,,,,,,
2018,0.2[0.1–0.2]    ,         0.2 ,      0.1 ,      0.2 ,Europe,78,1,,,,,,,,,
2018,0.3[0.2–0.3]    ,         0.3 ,      0.2 ,      0.3 ,Europe,79,1,,,,,,,,,
2018,1.9[1.6–2.1]    ,         1.9 ,      1.6 ,      2.1 ,Americas,80,1,,,,,,,,,
2018,0.1[0.1–0.1]    ,         0.1 ,      0.1 ,      0.1 ,Western Pacific,81,1,,,,,,,,,
2018,0.1[0.1–0.1]    ,         0.1 ,      0.1 ,      0.1 ,Eastern Mediterranean,82,1,,,,,,,,,
2018,0.2[0.2–0.2]    ,         0.2 ,      0.2 ,      0.2 ,Europe,83,1,,,,,,,,,
2018,4.7[4.0–5.7]    ,         4.7 ,      4.0 ,      5.7 ,Africa,84,1,,,,,,,,,
2018,0.1[0.1–0.1]    ,         0.1 ,      0.1 ,      0.1 ,Eastern Mediterranean,85,1,,,,,,,,,
2018,0.2[0.2–0.3]    ,         0.2 ,      0.2 ,      0.3 ,Europe,86,1,,,,,,,,,
2018,0.3[0.2–0.3]    ,         0.3 ,      0.2 ,      0.3 ,Western Pacific,87,1,,,,,,,,,
2018,0.4[0.4–0.5]    ,         0.4 ,      0.4 ,      0.5 ,Europe,88,1,,,,,,,,,
2018,0.1[0.1–0.1]    ,         0.1 ,      0.1 ,      0.1 ,Eastern Mediterranean,89,1,,,,,,,,,
2018,23.6[21.2–24.7] ,        23.6 ,     21.2 ,     24.7 ,Africa,90,1,,,,,,,,,
2018,1.3[1.1–1.4]    ,         1.3 ,      1.1 ,      1.4 ,Africa,91,1,,,,,,,,,
2018,0.2[0.2–0.2]    ,         0.2 ,      0.2 ,      0.2 ,Eastern Mediterranean,92,1,,,,,,,,,
2018,na              ,             ,          ,          ,Europe,93,1,,,,,,,,,
2018,0.3[0.2–0.3]    ,         0.3 ,      0.2 ,      0.3 ,Europe,94,1,,,,,,,,,
2018,0.3[0.2–0.4]    ,         0.3 ,      0.2 ,      0.4 ,Africa,95,1,,,,,,,,,
2018,9.2[8.0–10.0]   ,         9.2 ,      8.0 ,     10.0 ,Africa,96,1,,,,,,,,,
2018,0.4[0.4–0.5]    ,         0.4 ,      0.4 ,      0.5 ,Western Pacific,97,1,,,,,,,,,
2018,na              ,             ,          ,          ,South-East Asia,98,1,,,,,,,,,
2018,1.4[1.1–1.7]    ,         1.4 ,      1.1 ,      1.7 ,Africa,99,1,,,,,,,,,
2018,na              ,             ,          ,          ,Europe,100,1,,,,,,,,,
2018,0.2[0.2–0.3]    ,         0.2 ,      0.2 ,      0.3 ,Africa,101,1,,,,,,,,,
2018,1.3[1.1–1.5]    ,         1.3 ,      1.1 ,      1.5 ,Africa,102,1,,,,,,,,,
2018,0.2[0.2–0.3]    ,         0.2 ,      0.2 ,      0.3 ,Americas,103,1,,,,,,,,,
2018,0.1[0.1–0.1]    ,         0.1 ,      0.1 ,      0.1 ,Western Pacific,104,1,,,,,,,,,
2018,0.1[0.1–0.1]    ,         0.1 ,      0.1 ,      0.1 ,Europe,105,1,,,,,,,,,
2018,0.1[0.1–0.1]    ,         0.1 ,      0.1 ,      0.1 ,Eastern Mediterranean,106,1,,,,,,,,,
2018,12.6[10.0–15.7] ,        12.6 ,     10.0 ,     15.7 ,Africa,107,1,,,,,,,,,
2018,0.8[0.6–0.9]    ,         0.8 ,      0.6 ,      0.9 ,South-East Asia,108,1,,,,,,,,,
2018,11.8[10.6–12.7] ,        11.8 ,     10.6 ,     12.7 ,Africa,109,1,,,,,,,,,
2018,0.1[0.1–0.2]    ,         0.1 ,      0.1 ,      0.2 ,South-East Asia,110,1,,,,,,,,,
2018,na              ,             ,          ,          ,Europe,111,1,,,,,,,,,
2018,0.1[0.1–0.1]    ,         0.1 ,      0.1 ,      0.1 ,Western Pacific,112,1,,,,,,,,,
2018,0.2[0.2–0.3]    ,         0.2 ,      0.2 ,      0.3 ,Americas,113,1,,,,,,,,,
2018,0.3[0.2–0.3]    ,         0.3 ,      0.2 ,      0.3 ,Africa,114,1,,,,,,,,,
2018,1.5[1.1–2.1]    ,         1.5 ,      1.1 ,      2.1 ,Africa,115,1,,,,,,,,,
2018,0.1[0.1–0.2]    ,         0.1 ,      0.1 ,      0.2 ,Europe,116,1,,,,,,,,,
2018,0.2[0.1–0.2]    ,         0.2 ,      0.1 ,      0.2 ,Eastern Mediterranean,117,1,,,,,,,,,
2018,0.1[0.1–0.2]    ,         0.1 ,      0.1 ,      0.2 ,Eastern Mediterranean,118,1,,,,,,,,,
2018,0.9[0.8–1.0]    ,         0.9 ,      0.8 ,      1.0 ,Americas,119,1,,,,,,,,,
2018,0.8[0.7–0.9]    ,         0.8 ,      0.7 ,      0.9 ,Western Pacific,120,1,,,,,,,,,
2018,0.5[0.3–0.7]    ,         0.5 ,      0.3 ,      0.7 ,Americas,121,1,,,,,,,,,
2018,0.3[0.2–0.4]    ,         0.3 ,      0.2 ,      0.4 ,Americas,122,1,,,,,,,,,
2018,0.1[0.1–0.2]    ,         0.1 ,      0.1 ,      0.2 ,Western Pacific,123,1,,,,,,,,,
2018,na              ,             ,          ,          ,Europe,124,1,,,,,,,,,
2018,0.5[0.4–0.5]    ,         0.5 ,      0.4 ,      0.5 ,Europe,125,1,,,,,,,,,
2018,na              ,             ,          ,          ,Eastern Mediterranean,126,1,,,,,,,,,
2018,na              ,             ,          ,          ,Western Pacific,127,1,,,,,,,,,
2018,0.6[0.5–0.8]    ,         0.6 ,      0.5 ,      0.8 ,Europe,128,1,,,,,,,,,
2018,0.1[0.1–0.1]    ,         0.1 ,      0.1 ,      0.1 ,Europe,129,1,,,,,,,,,
2018,0.1[0.1–0.2]    ,         0.1 ,      0.1 ,      0.2 ,Europe,130,1,,,,,,,,,
2018,na              ,             ,          ,          ,Europe,131,1,,,,,,,,,
2018,2.5[2.1–2.8]    ,         2.5 ,      2.1 ,      2.8 ,Africa,132,1,,,,,,,,,
2018,na              ,             ,          ,          ,Eastern Mediterranean,133,1,,,,,,,,,
2018,0.4[0.4–0.5]    ,         0.4 ,      0.4 ,      0.5 ,Africa,134,1,,,,,,,,,
2018,0.1[0.1–0.1]    ,         0.1 ,      0.1 ,      0.1 ,Europe,135,1,,,,,,,,,
2018,1.5[1.2–1.9]    ,         1.5 ,      1.2 ,      1.9 ,Africa,136,1,,,,,,,,,
2018,0.2[0.2–0.3]    ,         0.2 ,      0.2 ,      0.3 ,Western Pacific,137,1,,,,,,,,,
2018,0.1[0.1–0.1]    ,         0.1 ,      0.1 ,      0.1 ,Europe,138,1,,,,,,,,,
2018,0.1[0.1–0.1]    ,         0.1 ,      0.1 ,      0.1 ,Europe,139,1,,,,,,,,,
2018,0.1[0.1–0.2]    ,         0.1 ,      0.1 ,      0.2 ,Eastern Mediterranean,140,1,,,,,,,,,
2018,20.4[17.4–22.5] ,        20.4 ,     17.4 ,     22.5 ,Africa,141,1,,,,,,,,,
2018,2.5[1.9–3.1]    ,         2.5 ,      1.9 ,      3.1 ,Africa,142,1,,,,,,,,,
2018,0.3[0.3–0.4]    ,         0.3 ,      0.3 ,      0.4 ,Europe,143,1,,,,,,,,,
2018,0.1[0.1–0.1]    ,         0.1 ,      0.1 ,      0.1 ,South-East Asia,144,1,,,,,,,,,
2018,0.2[0.1–0.5]    ,         0.2 ,      0.1 ,      0.5 ,Eastern Mediterranean,145,1,,,,,,,,,
2018,1.4[0.9–2.0]    ,         1.4 ,      0.9 ,      2.0 ,Americas,146,1,,,,,,,,,
2018,na              ,             ,          ,          ,Europe,147,1,,,,,,,,,
2018,na              ,             ,          ,          ,Europe,148,1,,,,,,,,,
2018,0.1[0.1–0.1]    ,         0.1 ,      0.1 ,      0.1 ,Eastern Mediterranean,149,1,,,,,,,,,
2018,0.2[0.2–0.3]    ,         0.2 ,      0.2 ,      0.3 ,Europe,150,1,,,,,,,,,
2018,1.1[0.9–1.3]    ,         1.1 ,      0.9 ,      1.3 ,South-East Asia,151,1,,,,,,,,,
2018,na              ,             ,          ,          ,South-East Asia,152,1,,,,,,,,,
2018,2.3[2.1–2.5]    ,         2.3 ,      2.1 ,      2.5 ,Africa,153,1,,,,,,,,,
2018,na              ,             ,          ,          ,Americas,154,1,,,,,,,,,
2018,0.1[0.1–0.1]    ,         0.1 ,      0.1 ,      0.1 ,Eastern Mediterranean,155,1,,,,,,,,,
2018,na              ,             ,          ,          ,Europe,156,1,,,,,,,,,
2018,na              ,             ,          ,          ,Europe,157,1,,,,,,,,,
2018,5.7[5.4–6.1]    ,         5.7 ,      5.4 ,      6.1 ,Africa,158,1,,,,,,,,,
2018,1.0[0.9–1.0]    ,         1.0 ,      0.9 ,      1.0 ,Europe,159,1,,,,,,,,,
2018,na              ,             ,          ,          ,Eastern Mediterranean,160,1,,,,,,,,,
2018,na              ,             ,          ,          ,Europe,161,1,,,,,,,,,
2018,4.6[4.0–5.1]    ,         4.6 ,      4.0 ,      5.1 ,Africa,162,1,,,,,,,,,
2018,na              ,             ,          ,          ,Americas,163,1,,,,,,,,,
2018,0.6[0.4–0.8]    ,         0.6 ,      0.4 ,      0.8 ,Americas,164,1,,,,,,,,,
2018,0.2[0.2–0.2]    ,         0.2 ,      0.2 ,      0.2 ,Europe,165,1,,,,,,,,,
2018,na              ,             ,          ,          ,Americas,166,1,,,,,,,,,
2018,0.3[0.3–0.4]    ,         0.3 ,      0.3 ,      0.4 ,Western Pacific,167,1,,,,,,,,,
2018,0.1[0.1–0.1]    ,         0.1 ,      0.1 ,      0.1 ,Eastern Mediterranean,168,1,,,,,,,,,
2018,11.3[10.0–12.6] ,        11.3 ,     10.0 ,     12.6 ,Africa,169,1,,,,,,,,,
2018,12.7[10.8–14.5] ,        12.7 ,     10.8 ,     14.5 ,Africa,170,1,,,,,,,,,
2010,0.1[0.1–0.1]    ,         0.1 ,      0.1 ,      0.1 ,Eastern Mediterranean,1,1,,,,,,,,,
2010,na              ,             ,          ,          ,Europe,2,1,,,,,,,,,
2010,0.1[0.1–0.1]    ,         0.1 ,      0.1 ,      0.1 ,Africa,3,1,,,,,,,,,
2010,1.7[1.5–2.0]    ,         1.7 ,      1.5 ,      2.0 ,Africa,4,1,,,,,,,,,
2010,0.4[0.3–0.4]    ,         0.4 ,      0.3 ,      0.4 ,Americas,5,1,,,,,,,,,
2010,0.2[0.1–0.2]    ,         0.2 ,      0.1 ,      0.2 ,Europe,6,1,,,,,,,,,
2010,0.1[0.1–0.1]    ,         0.1 ,      0.1 ,      0.1 ,Western Pacific,7,1,,,,,,,,,
2010,na              ,             ,          ,          ,Europe,8,1,,,,,,,,,
2010,na              ,             ,          ,          ,Europe,9,1,,,,,,,,,
2010,2.2[1.9–2.5]    ,         2.2 ,      1.9 ,      2.5 ,Americas,10,1,,,,,,,,,
2010,na              ,             ,          ,          ,Eastern Mediterranean,11,1,,,,,,,,,
2010,0.1[0.1–0.1]    ,         0.1 ,      0.1 ,      0.1 ,South-East Asia,12,1,,,,,,,,,
2010,1.3[1.2–1.4]    ,         1.3 ,      1.2 ,      1.4 ,Americas,13,1,,,,,,,,,
2010,0.2[0.2–0.3]    ,         0.2 ,      0.2 ,      0.3 ,Europe,14,1,,,,,,,,,
2010,na              ,             ,          ,          ,Europe,15,1,,,,,,,,,
2010,1.9[1.7–2.1]    ,         1.9 ,      1.7 ,      2.1 ,Americas,16,1,,,,,,,,,
2010,1.1[0.7–1.8]    ,         1.1 ,      0.7 ,      1.8 ,Africa,17,1,,,,,,,,,
2010,0.3[0.1–0.6]    ,         0.3 ,      0.1 ,      0.6 ,South-East Asia,18,1,,,,,,,,,
2010,0.4[0.3–0.4]    ,         0.4 ,      0.3 ,      0.4 ,Americas,19,1,,,,,,,,,
2010,0.1[0.1–0.1]    ,         0.1 ,      0.1 ,      0.1 ,Europe,20,1,,,,,,,,,
2010,23.2[20.9–24.8] ,        23.2 ,     20.9 ,     24.8 ,Africa,21,1,,,,,,,,,
2010,0.5[0.4–0.6]    ,         0.5 ,      0.4 ,      0.6 ,Americas,22,1,,,,,,,,,
2010,na              ,             ,          ,          ,Western Pacific,23,1,,,,,,,,,
2010,0.1[0.1–0.1]    ,         0.1 ,      0.1 ,      0.1 ,Europe,24,1,,,,,,,,,
2010,1.2[0.9–1.4]    ,         1.2 ,      0.9 ,      1.4 ,Africa,25,1,,,,,,,,,
2010,1.6[1.3–1.8]    ,         1.6 ,      1.3 ,      1.8 ,Africa,26,1,,,,,,,,,
2010,0.6[0.5–0.8]    ,         0.6 ,      0.5 ,      0.8 ,Africa,27,1,,,,,,,,,
2010,0.8[0.7–1.0]    ,         0.8 ,      0.7 ,      1.0 ,Western Pacific,28,1,,,,,,,,,
2010,4.5[3.9–4.9]    ,         4.5 ,      3.9 ,      4.9 ,Africa,29,1,,,,,,,,,
2010,na              ,             ,          ,          ,Americas,30,1,,,,,,,,,
2010,5.0[4.2–5.9]    ,         5.0 ,      4.2 ,      5.9 ,Africa,31,1,,,,,,,,,
2010,1.5[1.2–1.8]    ,         1.5 ,      1.2 ,      1.8 ,Africa,32,1,,,,,,,,,
2010,0.4[0.3–0.4]    ,         0.4 ,      0.3 ,      0.4 ,Americas,33,1,,,,,,,,,
2010,na              ,             ,          ,          ,Western Pacific,34,1,,,,,,,,,
2010,0.4[0.3–0.5]    ,         0.4 ,      0.3 ,      0.5 ,Americas,35,1,,,,,,,,,
2010,0.1[0.1–0.1]    ,         0.1 ,      0.1 ,      0.1 ,Africa,36,1,,,,,,,,,
2010,3.1[2.6–3.7]    ,         3.1 ,      2.6 ,      3.7 ,Americas,37,1,,,,,,,,,
2010,0.3[0.3–0.3]    ,         0.3 ,      0.3 ,      0.3 ,Americas,38,1,,,,,,,,,
2010,3.6[2.8–4.6]    ,         3.6 ,      2.8 ,      4.6 ,Africa,39,1,,,,,,,,,
2010,0.1[0.1–0.1]    ,         0.1 ,      0.1 ,      0.1 ,Europe,40,1,,,,,,,,,
2010,0.2[0.2–0.3]    ,         0.2 ,      0.2 ,      0.3 ,Americas,41,1,,,,,,,,,
2010,na              ,             ,          ,          ,Europe,42,1,,,,,,,,,
2010,0.1[0.1–0.1]    ,         0.1 ,      0.1 ,      0.1 ,Europe,43,1,,,,,,,,,
2010,na              ,             ,          ,          ,Western Pacific,44,1,,,,,,,,,
2010,1.1[0.9–1.3]    ,         1.1 ,      0.9 ,      1.3 ,Africa,45,1,,,,,,,,,
2010,0.1[0.1–0.2]    ,         0.1 ,      0.1 ,      0.2 ,Europe,46,1,,,,,,,,,
2010,1.6[1.2–1.9]    ,         1.6 ,      1.2 ,      1.9 ,Eastern Mediterranean,47,1,,,,,,,,,
2010,1.2[0.9–1.5]    ,         1.2 ,      0.9 ,      1.5 ,Americas,48,1,,,,,,,,,
2010,0.4[0.2–0.6]    ,         0.4 ,      0.2 ,      0.6 ,Americas,49,1,,,,,,,,,
2010,0.1[0.1–0.1]    ,         0.1 ,      0.1 ,      0.1 ,Eastern Mediterranean,50,1,,,,,,,,,
2010,0.7[0.6–0.9]    ,         0.7 ,      0.6 ,      0.9 ,Americas,51,1,,,,,,,,,
2010,5.7[4.8–6.7]    ,         5.7 ,      4.8 ,      6.7 ,Africa,52,1,,,,,,,,,
2010,0.9[0.7–1.2]    ,         0.9 ,      0.7 ,      1.2 ,Africa,53,1,,,,,,,,,
2010,0.7[0.6–0.8]    ,         0.7 ,      0.6 ,      0.8 ,Europe,54,1,,,,,,,,,
2010,27.4[25.2–29.3] ,        27.4 ,     25.2 ,     29.3 ,Africa,55,1,,,,,,,,,
2010,1.3[1.0–1.8]    ,         1.3 ,      1.0 ,      1.8 ,Africa,56,1,,,,,,,,,
2010,na              ,             ,          ,          ,Western Pacific,57,1,,,,,,,,,
2010,0.1[0.1–0.1]    ,         0.1 ,      0.1 ,      0.1 ,Europe,58,1,,,,,,,,,
2010,0.3[0.3–0.4]    ,         0.3 ,      0.3 ,      0.4 ,Europe,59,1,,,,,,,,,
2010,4.1[3.4–5.0]    ,         4.1 ,      3.4 ,      5.0 ,Africa,60,1,,,,,,,,,
2010,1.9[1.5–2.4]    ,         1.9 ,      1.5 ,      2.4 ,Africa,61,1,,,,,,,,,
2010,0.2[0.2–0.2]    ,         0.2 ,      0.2 ,      0.2 ,Europe,62,1,,,,,,,,,
2010,0.1[0.1–0.1]    ,         0.1 ,      0.1 ,      0.1 ,Europe,63,1,,,,,,,,,
2010,1.9[1.6–2.2]    ,         1.9 ,      1.6 ,      2.2 ,Africa,64,1,,,,,,,,,
2010,na              ,             ,          ,          ,Europe,65,1,,,,,,,,,
2010,0.6[0.5–0.6]    ,         0.6 ,      0.5 ,      0.6 ,Americas,66,1,,,,,,,,,
2010,1.6[1.3–1.9]    ,         1.6 ,      1.3 ,      1.9 ,Africa,67,1,,,,,,,,,
2010,3.8[3.4–4.3]    ,         3.8 ,      3.4 ,      4.3 ,Africa,68,1,,,,,,,,,
2010,1.5[1.4–1.7]    ,         1.5 ,      1.4 ,      1.7 ,Americas,69,1,,,,,,,,,
2010,2.1[2.0–2.3]    ,         2.1 ,      2.0 ,      2.3 ,Americas,70,1,,,,,,,,,
2010,0.5[0.4–0.6]    ,         0.5 ,      0.4 ,      0.6 ,Americas,71,1,,,,,,,,,
2010,0.1[0.1–0.1]    ,         0.1 ,      0.1 ,      0.1 ,Europe,72,1,,,,,,,,,
2010,0.1[0.1–0.1]    ,         0.1 ,      0.1 ,      0.1 ,Europe,73,1,,,,,,,,,
2010,na              ,             ,          ,          ,South-East Asia,74,1,,,,,,,,,
2010,0.4[0.3–0.4]    ,         0.4 ,      0.3 ,      0.4 ,South-East Asia,75,1,,,,,,,,,
2010,0.1[0.1–0.1]    ,         0.1 ,      0.1 ,      0.1 ,Eastern Mediterranean,76,1,,,,,,,,,
2010,0.2[0.1–0.2]    ,         0.2 ,      0.1 ,      0.2 ,Europe,77,1,,,,,,,,,
2010,0.1[0.1–0.1]    ,         0.1 ,      0.1 ,      0.1 ,Europe,78,1,,,,,,,,,
2010,0.3[0.2–0.3]    ,         0.3 ,      0.2 ,      0.3 ,Europe,79,1,,,,,,,,,
2010,2.1[1.8–2.3]    ,         2.1 ,      1.8 ,      2.3 ,Americas,80,1,,,,,,,,,
2010,0.1[0.1–0.1]    ,         0.1 ,      0.1 ,      0.1 ,Western Pacific,81,1,,,,,,,,,
2010,0.1[0.1–0.1]    ,         0.1 ,      0.1 ,      0.1 ,Eastern Mediterranean,82,1,,,,,,,,,
2010,0.1[0.1–0.1]    ,         0.1 ,      0.1 ,      0.1 ,Europe,83,1,,,,,,,,,
2010,6.0[5.1–7.1]    ,         6.0 ,      5.1 ,      7.1 ,Africa,84,1,,,,,,,,,
2010,0.1[0.1–0.1]    ,         0.1 ,      0.1 ,      0.1 ,Eastern Mediterranean,85,1,,,,,,,,,
2010,0.1[0.1–0.2]    ,         0.1 ,      0.1 ,      0.2 ,Europe,86,1,,,,,,,,,
2010,0.3[0.2–0.3]    ,         0.3 ,      0.2 ,      0.3 ,Western Pacific,87,1,,,,,,,,,
2010,0.3[0.3–0.4]    ,         0.3 ,      0.3 ,      0.4 ,Europe,88,1,,,,,,,,,
2010,0.1[0.1–0.1]    ,         0.1 ,      0.1 ,      0.1 ,Eastern Mediterranean,89,1,,,,,,,,,
2010,24.1[22.7–24.9] ,        24.1 ,     22.7 ,     24.9 ,Africa,90,1,,,,,,,,,
2010,1.7[1.5–2.0]    ,         1.7 ,      1.5 ,      2.0 ,Africa,91,1,,,,,,,,,
2010,0.2[0.1–0.2]    ,         0.2 ,      0.1 ,      0.2 ,Eastern Mediterranean,92,1,,,,,,,,,
2010,na              ,             ,          ,          ,Europe,93,1,,,,,,,,,
2010,0.2[0.2–0.2]    ,         0.2 ,      0.2 ,      0.2 ,Europe,94,1,,,,,,,,,
2010,0.2[0.2–0.2]    ,         0.2 ,      0.2 ,      0.2 ,Africa,95,1,,,,,,,,,
2010,10.6[9.3–11.7]  ,        10.6 ,      9.3 ,     11.7 ,Africa,96,1,,,,,,,,,
2010,0.4[0.4–0.5]    ,         0.4 ,      0.4 ,      0.5 ,Western Pacific,97,1,,,,,,,,,
2010,na              ,             ,          ,          ,South-East Asia,98,1,,,,,,,,,
2010,1.4[1.1–1.6]    ,         1.4 ,      1.1 ,      1.6 ,Africa,99,1,,,,,,,,,
2010,na              ,             ,          ,          ,Europe,100,1,,,,,,,,,
2010,0.4[0.3–0.4]    ,         0.4 ,      0.3 ,      0.4 ,Africa,101,1,,,,,,,,,
2010,1.3[1.2–1.4]    ,         1.3 ,      1.2 ,      1.4 ,Africa,102,1,,,,,,,,,
2010,0.2[0.2–0.3]    ,         0.2 ,      0.2 ,      0.3 ,Americas,103,1,,,,,,,,,
2010,0.1[0.1–0.1]    ,         0.1 ,      0.1 ,      0.1 ,Western Pacific,104,1,,,,,,,,,
2010,0.1[0.1–0.1]    ,         0.1 ,      0.1 ,      0.1 ,Europe,105,1,,,,,,,,,
2010,0.1[0.1–0.1]    ,         0.1 ,      0.1 ,      0.1 ,Eastern Mediterranean,106,1,,,,,,,,,
2010,12.0[9.5–14.9]  ,        12.0 ,      9.5 ,     14.9 ,Africa,107,1,,,,,,,,,
2010,0.8[0.6–0.9]    ,         0.8 ,      0.6 ,      0.9 ,South-East Asia,108,1,,,,,,,,,
2010,13.4[12.2–14.2] ,        13.4 ,     12.2 ,     14.2 ,Africa,109,1,,,,,,,,,
2010,0.2[0.2–0.2]    ,         0.2 ,      0.2 ,      0.2 ,South-East Asia,110,1,,,,,,,,,
2010,0.2[0.1–0.2]    ,         0.2 ,      0.1 ,      0.2 ,Europe,111,1,,,,,,,,,
2010,0.1[0.1–0.1]    ,         0.1 ,      0.1 ,      0.1 ,Western Pacific,112,1,,,,,,,,,
2010,0.2[0.2–0.3]    ,         0.2 ,      0.2 ,      0.3 ,Americas,113,1,,,,,,,,,
2010,0.4[0.4–0.5]    ,         0.4 ,      0.4 ,      0.5 ,Africa,114,1,,,,,,,,,
2010,1.6[1.2–2.1]    ,         1.6 ,      1.2 ,      2.1 ,Africa,115,1,,,,,,,,,
2010,0.1[0.1–0.2]    ,         0.1 ,      0.1 ,      0.2 ,Europe,116,1,,,,,,,,,
2010,0.1[0.1–0.1]    ,         0.1 ,      0.1 ,      0.1 ,Eastern Mediterranean,117,1,,,,,,,,,
2010,0.1[0.1–0.1]    ,         0.1 ,      0.1 ,      0.1 ,Eastern Mediterranean,118,1,,,,,,,,,
2010,0.8[0.8–0.9]    ,         0.8 ,      0.8 ,      0.9 ,Americas,119,1,,,,,,,,,
2010,0.8[0.7–1.0]    ,         0.8 ,      0.7 ,      1.0 ,Western Pacific,120,1,,,,,,,,,
2010,0.5[0.4–0.8]    ,         0.5 ,      0.4 ,      0.8 ,Americas,121,1,,,,,,,,,
2010,0.3[0.3–0.5]    ,         0.3 ,      0.3 ,      0.5 ,Americas,122,1,,,,,,,,,
2010,0.1[0.1–0.1]    ,         0.1 ,      0.1 ,      0.1 ,Western Pacific,123,1,,,,,,,,,
2010,na              ,             ,          ,          ,Europe,124,1,,,,,,,,,
2010,0.6[0.5–0.6]    ,         0.6 ,      0.5 ,      0.6 ,Europe,125,1,,,,,,,,,
2010,na              ,             ,          ,          ,Eastern Mediterranean,126,1,,,,,,,,,
2010,na              ,             ,          ,          ,Western Pacific,127,1,,,,,,,,,
2010,0.5[0.4–0.7]    ,         0.5 ,      0.4 ,      0.7 ,Europe,128,1,,,,,,,,,
2010,0.1[0.1–0.1]    ,         0.1 ,      0.1 ,      0.1 ,Europe,129,1,,,,,,,,,
2010,0.1[0.1–0.1]    ,         0.1 ,      0.1 ,      0.1 ,Europe,130,1,,,,,,,,,
2010,na              ,             ,          ,          ,Europe,131,1,,,,,,,,,
2010,3.3[2.8–3.7]    ,         3.3 ,      2.8 ,      3.7 ,Africa,132,1,,,,,,,,,
2010,na              ,             ,          ,          ,Eastern Mediterranean,133,1,,,,,,,,,
2010,0.6[0.5–0.6]    ,         0.6 ,      0.5 ,      0.6 ,Africa,134,1,,,,,,,,,
2010,0.1[0.1–0.1]    ,         0.1 ,      0.1 ,      0.1 ,Europe,135,1,,,,,,,,,
2010,1.5[1.2–1.9]    ,         1.5 ,      1.2 ,      1.9 ,Africa,136,1,,,,,,,,,
2010,0.3[0.2–0.3]    ,         0.3 ,      0.2 ,      0.3 ,Western Pacific,137,1,,,,,,,,,
2010,0.1[0.1–0.1]    ,         0.1 ,      0.1 ,      0.1 ,Europe,138,1,,,,,,,,,
2010,0.1[0.1–0.1]    ,         0.1 ,      0.1 ,      0.1 ,Europe,139,1,,,,,,,,,
2010,0.3[0.2–0.3]    ,         0.3 ,      0.2 ,      0.3 ,Eastern Mediterranean,140,1,,,,,,,,,
2010,18.9[16.8–20.7] ,        18.9 ,     16.8 ,     20.7 ,Africa,141,1,,,,,,,,,
2010,2.4[1.9–3.0]    ,         2.4 ,      1.9 ,      3.0 ,Africa,142,1,,,,,,,,,
2010,0.4[0.3–0.4]    ,         0.4 ,      0.3 ,      0.4 ,Europe,143,1,,,,,,,,,
2010,0.1[0.1–0.1]    ,         0.1 ,      0.1 ,      0.1 ,South-East Asia,144,1,,,,,,,,,
2010,0.2[0.2–0.3]    ,         0.2 ,      0.2 ,      0.3 ,Eastern Mediterranean,145,1,,,,,,,,,
2010,1.4[1.0–1.9]    ,         1.4 ,      1.0 ,      1.9 ,Americas,146,1,,,,,,,,,
2010,na              ,             ,          ,          ,Europe,147,1,,,,,,,,,
2010,na              ,             ,          ,          ,Europe,148,1,,,,,,,,,
2010,0.1[0.1–0.1]    ,         0.1 ,      0.1 ,      0.1 ,Eastern Mediterranean,149,1,,,,,,,,,
2010,0.2[0.2–0.2]    ,         0.2 ,      0.2 ,      0.2 ,Europe,150,1,,,,,,,,,
2010,1.5[1.2–1.8]    ,         1.5 ,      1.2 ,      1.8 ,South-East Asia,151,1,,,,,,,,,
2010,na              ,             ,          ,          ,South-East Asia,152,1,,,,,,,,,
2010,2.9[2.6–3.1]    ,         2.9 ,      2.6 ,      3.1 ,Africa,153,1,,,,,,,,,
2010,na              ,             ,          ,          ,Americas,154,1,,,,,,,,,
2010,0.1[0.1–0.1]    ,         0.1 ,      0.1 ,      0.1 ,Eastern Mediterranean,155,1,,,,,,,,,
2010,na              ,             ,          ,          ,Europe,156,1,,,,,,,,,
2010,na              ,             ,          ,          ,Europe,157,1,,,,,,,,,
2010,6.8[6.5–7.1]    ,         6.8 ,      6.5 ,      7.1 ,Africa,158,1,,,,,,,,,
2010,0.9[0.9–0.9]    ,         0.9 ,      0.9 ,      0.9 ,Europe,159,1,,,,,,,,,
2010,na              ,             ,          ,          ,Eastern Mediterranean,160,1,,,,,,,,,
2010,na              ,             ,          ,          ,Europe,161,1,,,,,,,,,
2010,5.0[4.3–5.7]    ,         5.0 ,      4.3 ,      5.7 ,Africa,162,1,,,,,,,,,
2010,0.4[0.3–0.5]    ,         0.4 ,      0.3 ,      0.5 ,Americas,163,1,,,,,,,,,
2010,0.5[0.4–0.5]    ,         0.5 ,      0.4 ,      0.5 ,Americas,164,1,,,,,,,,,
2010,0.1[0.1–0.2]    ,         0.1 ,      0.1 ,      0.2 ,Europe,165,1,,,,,,,,,
2010,na              ,             ,          ,          ,Americas,166,1,,,,,,,,,
2010,0.4[0.3–0.4]    ,         0.4 ,      0.3 ,      0.4 ,Western Pacific,167,1,,,,,,,,,
2010,0.1[0.1–0.1]    ,         0.1 ,      0.1 ,      0.1 ,Eastern Mediterranean,168,1,,,,,,,,,
2010,13.0[11.5–14.5] ,        13.0 ,     11.5 ,     14.5 ,Africa,169,1,,,,,,,,,
2010,15.4[13.1–17.5] ,        15.4 ,     13.1 ,     17.5 ,Africa,170,1,,,,,,,,,
2005,0.1[0.1–0.1]    ,         0.1 ,      0.1 ,      0.1 ,Eastern Mediterranean,1,1,,,,,,,,,
2005,na              ,             ,          ,          ,Europe,2,1,,,,,,,,,
2005,0.1[0.1–0.1]    ,         0.1 ,      0.1 ,      0.1 ,Africa,3,1,,,,,,,,,
2005,1.4[1.2–1.7]    ,         1.4 ,      1.2 ,      1.7 ,Africa,4,1,,,,,,,,,
2005,0.3[0.3–0.4]    ,         0.3 ,      0.3 ,      0.4 ,Americas,5,1,,,,,,,,,
2005,0.1[0.1–0.2]    ,         0.1 ,      0.1 ,      0.2 ,Europe,6,1,,,,,,,,,
2005,0.1[0.1–0.1]    ,         0.1 ,      0.1 ,      0.1 ,Western Pacific,7,1,,,,,,,,,
2005,na              ,             ,          ,          ,Europe,8,1,,,,,,,,,
2005,na              ,             ,          ,          ,Europe,9,1,,,,,,,,,
2005,2.3[1.9–2.7]    ,         2.3 ,      1.9 ,      2.7 ,Americas,10,1,,,,,,,,,
2005,na              ,             ,          ,          ,Eastern Mediterranean,11,1,,,,,,,,,
2005,0.1[0.1–0.1]    ,         0.1 ,      0.1 ,      0.1 ,South-East Asia,12,1,,,,,,,,,
2005,1.0[0.9–1.1]    ,         1.0 ,      0.9 ,      1.1 ,Americas,13,1,,,,,,,,,
2005,0.1[0.1–0.1]    ,         0.1 ,      0.1 ,      0.1 ,Europe,14,1,,,,,,,,,
2005,na              ,             ,          ,          ,Europe,15,1,,,,,,,,,
2005,1.7[1.5–1.9]    ,         1.7 ,      1.5 ,      1.9 ,Americas,16,1,,,,,,,,,
2005,1.3[0.8–2.1]    ,         1.3 ,      0.8 ,      2.1 ,Africa,17,1,,,,,,,,,
2005,0.3[0.1–0.6]    ,         0.3 ,      0.1 ,      0.6 ,South-East Asia,18,1,,,,,,,,,
2005,0.5[0.5–0.5]    ,         0.5 ,      0.5 ,      0.5 ,Americas,19,1,,,,,,,,,
2005,0.1[0.1–0.1]    ,         0.1 ,      0.1 ,      0.1 ,Europe,20,1,,,,,,,,,
2005,24.6[22.1–25.9] ,        24.6 ,     22.1 ,     25.9 ,Africa,21,1,,,,,,,,,
2005,0.5[0.3–0.6]    ,         0.5 ,      0.3 ,      0.6 ,Americas,22,1,,,,,,,,,
2005,na              ,             ,          ,          ,Western Pacific,23,1,,,,,,,,,
2005,0.1[0.1–0.1]    ,         0.1 ,      0.1 ,      0.1 ,Europe,24,1,,,,,,,,,
2005,1.5[1.1–1.8]    ,         1.5 ,      1.1 ,      1.8 ,Africa,25,1,,,,,,,,,
2005,2.2[1.7–2.6]    ,         2.2 ,      1.7 ,      2.6 ,Africa,26,1,,,,,,,,,
2005,0.6[0.5–1.0]    ,         0.6 ,      0.5 ,      1.0 ,Africa,27,1,,,,,,,,,
2005,1.0[0.8–1.2]    ,         1.0 ,      0.8 ,      1.2 ,Western Pacific,28,1,,,,,,,,,
2005,4.8[4.3–5.1]    ,         4.8 ,      4.3 ,      5.1 ,Africa,29,1,,,,,,,,,
2005,na              ,             ,          ,          ,Americas,30,1,,,,,,,,,
2005,5.9[4.9–7.0]    ,         5.9 ,      4.9 ,      7.0 ,Africa,31,1,,,,,,,,,
2005,1.5[1.2–2.0]    ,         1.5 ,      1.2 ,      2.0 ,Africa,32,1,,,,,,,,,
2005,0.2[0.2–0.3]    ,         0.2 ,      0.2 ,      0.3 ,Americas,33,1,,,,,,,,,
2005,na              ,             ,          ,          ,Western Pacific,34,1,,,,,,,,,
2005,0.4[0.3–0.5]    ,         0.4 ,      0.3 ,      0.5 ,Americas,35,1,,,,,,,,,
2005,0.1[0.1–0.1]    ,         0.1 ,      0.1 ,      0.1 ,Africa,36,1,,,,,,,,,
2005,3.5[2.8–4.1]    ,         3.5 ,      2.8 ,      4.1 ,Americas,37,1,,,,,,,,,
2005,0.2[0.2–0.3]    ,         0.2 ,      0.2 ,      0.3 ,Americas,38,1,,,,,,,,,
2005,4.4[3.4–5.6]    ,         4.4 ,      3.4 ,      5.6 ,Africa,39,1,,,,,,,,,
2005,0.1[0.1–0.1]    ,         0.1 ,      0.1 ,      0.1 ,Europe,40,1,,,,,,,,,
2005,0.1[0.1–0.2]    ,         0.1 ,      0.1 ,      0.2 ,Americas,41,1,,,,,,,,,
2005,na              ,             ,          ,          ,Europe,42,1,,,,,,,,,
2005,0.1[0.1–0.1]    ,         0.1 ,      0.1 ,      0.1 ,Europe,43,1,,,,,,,,,
2005,na              ,             ,          ,          ,Western Pacific,44,1,,,,,,,,,
2005,1.4[1.2–1.7]    ,         1.4 ,      1.2 ,      1.7 ,Africa,45,1,,,,,,,,,
2005,0.1[0.1–0.2]    ,         0.1 ,      0.1 ,      0.2 ,Europe,46,1,,,,,,,,,
2005,2.1[1.8–2.5]    ,         2.1 ,      1.8 ,      2.5 ,Eastern Mediterranean,47,1,,,,,,,,,
2005,1.4[1.1–1.9]    ,         1.4 ,      1.1 ,      1.9 ,Americas,48,1,,,,,,,,,
2005,0.4[0.2–0.6]    ,         0.4 ,      0.2 ,      0.6 ,Americas,49,1,,,,,,,,,
2005,0.1[0.1–0.1]    ,         0.1 ,      0.1 ,      0.1 ,Eastern Mediterranean,50,1,,,,,,,,,
2005,0.7[0.5–0.9]    ,         0.7 ,      0.5 ,      0.9 ,Americas,51,1,,,,,,,,,
2005,4.6[3.6–5.9]    ,         4.6 ,      3.6 ,      5.9 ,Africa,52,1,,,,,,,,,
2005,1.1[0.8–1.5]    ,         1.1 ,      0.8 ,      1.5 ,Africa,53,1,,,,,,,,,
2005,0.7[0.6–0.7]    ,         0.7 ,      0.6 ,      0.7 ,Europe,54,1,,,,,,,,,
2005,26.3[23.9–27.8] ,        26.3 ,     23.9 ,     27.8 ,Africa,55,1,,,,,,,,,
2005,1.7[1.2–2.2]    ,         1.7 ,      1.2 ,      2.2 ,Africa,56,1,,,,,,,,,
2005,na              ,             ,          ,          ,Western Pacific,57,1,,,,,,,,,
2005,0.1[0.1–0.1]    ,         0.1 ,      0.1 ,      0.1 ,Europe,58,1,,,,,,,,,
2005,0.3[0.3–0.3]    ,         0.3 ,      0.3 ,      0.3 ,Europe,59,1,,,,,,,,,
2005,4.2[3.3–5.3]    ,         4.2 ,      3.3 ,      5.3 ,Africa,60,1,,,,,,,,,
2005,1.8[1.4–2.3]    ,         1.8 ,      1.4 ,      2.3 ,Africa,61,1,,,,,,,,,
2005,0.1[0.1–0.1]    ,         0.1 ,      0.1 ,      0.1 ,Europe,62,1,,,,,,,,,
2005,0.1[0.1–0.1]    ,         0.1 ,      0.1 ,      0.1 ,Europe,63,1,,,,,,,,,
2005,2.1[1.8–2.4]    ,         2.1 ,      1.8 ,      2.4 ,Africa,64,1,,,,,,,,,
2005,na              ,             ,          ,          ,Europe,65,1,,,,,,,,,
2005,0.7[0.6–0.7]    ,         0.7 ,      0.6 ,      0.7 ,Americas,66,1,,,,,,,,,
2005,1.7[1.4–1.9]    ,         1.7 ,      1.4 ,      1.9 ,Africa,67,1,,,,,,,,,
2005,3.8[3.4–4.2]    ,         3.8 ,      3.4 ,      4.2 ,Africa,68,1,,,,,,,,,
2005,1.3[1.1–1.4]    ,         1.3 ,      1.1 ,      1.4 ,Americas,69,1,,,,,,,,,
2005,2.4[2.2–2.6]    ,         2.4 ,      2.2 ,      2.6 ,Americas,70,1,,,,,,,,,
2005,0.7[0.5–0.9]    ,         0.7 ,      0.5 ,      0.9 ,Americas,71,1,,,,,,,,,
2005,0.1[0.1–0.1]    ,         0.1 ,      0.1 ,      0.1 ,Europe,72,1,,,,,,,,,
2005,0.1[0.1–0.1]    ,         0.1 ,      0.1 ,      0.1 ,Europe,73,1,,,,,,,,,
2005,na              ,             ,          ,          ,South-East Asia,74,1,,,,,,,,,
2005,0.2[0.2–0.3]    ,         0.2 ,      0.2 ,      0.3 ,South-East Asia,75,1,,,,,,,,,
2005,0.1[0.1–0.1]    ,         0.1 ,      0.1 ,      0.1 ,Eastern Mediterranean,76,1,,,,,,,,,
2005,0.1[0.1–0.1]    ,         0.1 ,      0.1 ,      0.1 ,Europe,77,1,,,,,,,,,
2005,0.1[0.1–0.1]    ,         0.1 ,      0.1 ,      0.1 ,Europe,78,1,,,,,,,,,
2005,0.2[0.2–0.3]    ,         0.2 ,      0.2 ,      0.3 ,Europe,79,1,,,,,,,,,
2005,2.3[2.0–2.6]    ,         2.3 ,      2.0 ,      2.6 ,Americas,80,1,,,,,,,,,
2005,0.1[0.1–0.1]    ,         0.1 ,      0.1 ,      0.1 ,Western Pacific,81,1,,,,,,,,,
2005,0.1[0.1–0.1]    ,         0.1 ,      0.1 ,      0.1 ,Eastern Mediterranean,82,1,,,,,,,,,
2005,0.1[0.1–0.1]    ,         0.1 ,      0.1 ,      0.1 ,Europe,83,1,,,,,,,,,
2005,7.3[6.2–8.7]    ,         7.3 ,      6.2 ,      8.7 ,Africa,84,1,,,,,,,,,
2005,0.1[0.1–0.1]    ,         0.1 ,      0.1 ,      0.1 ,Eastern Mediterranean,85,1,,,,,,,,,
2005,0.1[0.1–0.1]    ,         0.1 ,      0.1 ,      0.1 ,Europe,86,1,,,,,,,,,
2005,0.2[0.2–0.3]    ,         0.2 ,      0.2 ,      0.3 ,Western Pacific,87,1,,,,,,,,,
2005,0.3[0.2–0.3]    ,         0.3 ,      0.2 ,      0.3 ,Europe,88,1,,,,,,,,,
2005,0.1[0.1–0.1]    ,         0.1 ,      0.1 ,      0.1 ,Eastern Mediterranean,89,1,,,,,,,,,
2005,23.8[22.9–24.8] ,        23.8 ,     22.9 ,     24.8 ,Africa,90,1,,,,,,,,,
2005,2.1[1.9–2.4]    ,         2.1 ,      1.9 ,      2.4 ,Africa,91,1,,,,,,,,,
2005,0.1[0.1–0.1]    ,         0.1 ,      0.1 ,      0.1 ,Eastern Mediterranean,92,1,,,,,,,,,
2005,na              ,             ,          ,          ,Europe,93,1,,,,,,,,,
2005,0.2[0.1–0.2]    ,         0.2 ,      0.1 ,      0.2 ,Europe,94,1,,,,,,,,,
2005,0.2[0.2–0.2]    ,         0.2 ,      0.2 ,      0.2 ,Africa,95,1,,,,,,,,,
2005,12.2[10.5–13.4] ,        12.2 ,     10.5 ,     13.4 ,Africa,96,1,,,,,,,,,
2005,0.4[0.4–0.5]    ,         0.4 ,      0.4 ,      0.5 ,Western Pacific,97,1,,,,,,,,,
2005,na              ,             ,          ,          ,South-East Asia,98,1,,,,,,,,,
2005,1.5[1.2–1.8]    ,         1.5 ,      1.2 ,      1.8 ,Africa,99,1,,,,,,,,,
2005,na              ,             ,          ,          ,Europe,100,1,,,,,,,,,
2005,0.5[0.4–0.6]    ,         0.5 ,      0.4 ,      0.6 ,Africa,101,1,,,,,,,,,
2005,1.0[0.8–1.4]    ,         1.0 ,      0.8 ,      1.4 ,Africa,102,1,,,,,,,,,
2005,0.2[0.2–0.3]    ,         0.2 ,      0.2 ,      0.3 ,Americas,103,1,,,,,,,,,
2005,0.1[0.1–0.1]    ,         0.1 ,      0.1 ,      0.1 ,Western Pacific,104,1,,,,,,,,,
2005,0.1[0.1–0.1]    ,         0.1 ,      0.1 ,      0.1 ,Europe,105,1,,,,,,,,,
2005,0.1[0.1–0.1]    ,         0.1 ,      0.1 ,      0.1 ,Eastern Mediterranean,106,1,,,,,,,,,
2005,11.1[8.9–13.8]  ,        11.1 ,      8.9 ,     13.8 ,Africa,107,1,,,,,,,,,
2005,0.8[0.6–0.9]    ,         0.8 ,      0.6 ,      0.9 ,South-East Asia,108,1,,,,,,,,,
2005,13.8[12.6–14.7] ,        13.8 ,     12.6 ,     14.7 ,Africa,109,1,,,,,,,,,
2005,0.2[0.2–0.2]    ,         0.2 ,      0.2 ,      0.2 ,South-East Asia,110,1,,,,,,,,,
2005,0.2[0.1–0.2]    ,         0.2 ,      0.1 ,      0.2 ,Europe,111,1,,,,,,,,,
2005,0.1[0.1–0.1]    ,         0.1 ,      0.1 ,      0.1 ,Western Pacific,112,1,,,,,,,,,
2005,0.2[0.1–0.3]    ,         0.2 ,      0.1 ,      0.3 ,Americas,113,1,,,,,,,,,
2005,0.6[0.5–0.6]    ,         0.6 ,      0.5 ,      0.6 ,Africa,114,1,,,,,,,,,
2005,1.7[1.2–2.2]    ,         1.7 ,      1.2 ,      2.2 ,Africa,115,1,,,,,,,,,
2005,0.1[0.1–0.1]    ,         0.1 ,      0.1 ,      0.1 ,Europe,116,1,,,,,,,,,
2005,0.1[0.1–0.1]    ,         0.1 ,      0.1 ,      0.1 ,Eastern Mediterranean,117,1,,,,,,,,,
2005,0.1[0.1–0.1]    ,         0.1 ,      0.1 ,      0.1 ,Eastern Mediterranean,118,1,,,,,,,,,
2005,0.8[0.7–0.8]    ,         0.8 ,      0.7 ,      0.8 ,Americas,119,1,,,,,,,,,
2005,1.0[0.9–1.1]    ,         1.0 ,      0.9 ,      1.1 ,Western Pacific,120,1,,,,,,,,,
2005,0.6[0.4–0.8]    ,         0.6 ,      0.4 ,      0.8 ,Americas,121,1,,,,,,,,,
2005,0.4[0.3–0.5]    ,         0.4 ,      0.3 ,      0.5 ,Americas,122,1,,,,,,,,,
2005,0.1[0.1–0.1]    ,         0.1 ,      0.1 ,      0.1 ,Western Pacific,123,1,,,,,,,,,
2005,na              ,             ,          ,          ,Europe,124,1,,,,,,,,,
2005,0.6[0.5–0.6]    ,         0.6 ,      0.5 ,      0.6 ,Europe,125,1,,,,,,,,,
2005,na              ,             ,          ,          ,Eastern Mediterranean,126,1,,,,,,,,,
2005,na              ,             ,          ,          ,Western Pacific,127,1,,,,,,,,,
2005,0.4[0.3–0.5]    ,         0.4 ,      0.3 ,      0.5 ,Europe,128,1,,,,,,,,,
2005,0.1[0.1–0.1]    ,         0.1 ,      0.1 ,      0.1 ,Europe,129,1,,,,,,,,,
2005,0.1[0.1–0.1]    ,         0.1 ,      0.1 ,      0.1 ,Europe,130,1,,,,,,,,,
2005,na              ,             ,          ,          ,Europe,131,1,,,,,,,,,
2005,3.8[3.2–4.3]    ,         3.8 ,      3.2 ,      4.3 ,Africa,132,1,,,,,,,,,
2005,na              ,             ,          ,          ,Eastern Mediterranean,133,1,,,,,,,,,
2005,0.7[0.6–0.7]    ,         0.7 ,      0.6 ,      0.7 ,Africa,134,1,,,,,,,,,
2005,0.1[0.1–0.1]    ,         0.1 ,      0.1 ,      0.1 ,Europe,135,1,,,,,,,,,
2005,1.5[1.3–1.9]    ,         1.5 ,      1.3 ,      1.9 ,Africa,136,1,,,,,,,,,
2005,0.2[0.1–0.2]    ,         0.2 ,      0.1 ,      0.2 ,Western Pacific,137,1,,,,,,,,,
2005,0.1[0.1–0.1]    ,         0.1 ,      0.1 ,      0.1 ,Europe,138,1,,,,,,,,,
2005,0.1[0.1–0.1]    ,         0.1 ,      0.1 ,      0.1 ,Europe,139,1,,,,,,,,,
2005,0.4[0.3–0.4]    ,         0.4 ,      0.3 ,      0.4 ,Eastern Mediterranean,140,1,,,,,,,,,
2005,16.8[15.0–18.4] ,        16.8 ,     15.0 ,     18.4 ,Africa,141,1,,,,,,,,,
2005,2.5[2.0–3.2]    ,         2.5 ,      2.0 ,      3.2 ,Africa,142,1,,,,,,,,,
2005,0.4[0.3–0.4]    ,         0.4 ,      0.3 ,      0.4 ,Europe,143,1,,,,,,,,,
2005,0.1[0.1–0.1]    ,         0.1 ,      0.1 ,      0.1 ,South-East Asia,144,1,,,,,,,,,
2005,0.2[0.1–0.2]    ,         0.2 ,      0.1 ,      0.2 ,Eastern Mediterranean,145,1,,,,,,,,,
2005,1.3[1.0–1.9]    ,         1.3 ,      1.0 ,      1.9 ,Americas,146,1,,,,,,,,,
2005,na              ,             ,          ,          ,Europe,147,1,,,,,,,,,
2005,na              ,             ,          ,          ,Europe,148,1,,,,,,,,,
2005,0.1[0.1–0.1]    ,         0.1 ,      0.1 ,      0.1 ,Eastern Mediterranean,149,1,,,,,,,,,
2005,0.1[0.1–0.2]    ,         0.1 ,      0.1 ,      0.2 ,Europe,150,1,,,,,,,,,
2005,1.6[1.3–2.1]    ,         1.6 ,      1.3 ,      2.1 ,South-East Asia,151,1,,,,,,,,,
2005,na              ,             ,          ,          ,South-East Asia,152,1,,,,,,,,,
2005,3.3[3.0–3.6]    ,         3.3 ,      3.0 ,      3.6 ,Africa,153,1,,,,,,,,,
2005,na              ,             ,          ,          ,Americas,154,1,,,,,,,,,
2005,0.1[0.1–0.1]    ,         0.1 ,      0.1 ,      0.1 ,Eastern Mediterranean,155,1,,,,,,,,,
2005,na              ,             ,          ,          ,Europe,156,1,,,,,,,,,
2005,na              ,             ,          ,          ,Europe,157,1,,,,,,,,,
2005,7.3[6.9–7.6]    ,         7.3 ,      6.9 ,      7.6 ,Africa,158,1,,,,,,,,,
2005,0.9[0.8–0.9]    ,         0.9 ,      0.8 ,      0.9 ,Europe,159,1,,,,,,,,,
2005,na              ,             ,          ,          ,Eastern Mediterranean,160,1,,,,,,,,,
2005,na              ,             ,          ,          ,Europe,161,1,,,,,,,,,
2005,5.4[4.6–6.1]    ,         5.4 ,      4.6 ,      6.1 ,Africa,162,1,,,,,,,,,
2005,na              ,             ,          ,          ,Americas,163,1,,,,,,,,,
2005,0.4[0.3–0.5]    ,         0.4 ,      0.3 ,      0.5 ,Americas,164,1,,,,,,,,,
2005,0.1[0.1–0.1]    ,         0.1 ,      0.1 ,      0.1 ,Europe,165,1,,,,,,,,,
2005,na              ,             ,          ,          ,Americas,166,1,,,,,,,,,
2005,0.3[0.3–0.4]    ,         0.3 ,      0.3 ,      0.4 ,Western Pacific,167,1,,,,,,,,,
2005,0.1[0.1–0.1]    ,         0.1 ,      0.1 ,      0.1 ,Eastern Mediterranean,168,1,,,,,,,,,
2005,14.1[12.5–15.8] ,        14.1 ,     12.5 ,     15.8 ,Africa,169,1,,,,,,,,,
2005,19.0[16.2–21.6] ,        19.0 ,     16.2 ,     21.6 ,Africa,170,1,,,,,,,,,
2000,0.1[0.1–0.1]    ,         0.1 ,      0.1 ,      0.1 ,Eastern Mediterranean,1,1,,,,,,,,,
2000,na              ,             ,          ,          ,Europe,2,1,,,,,,,,,
2000,0.1[0.1–0.1]    ,         0.1 ,      0.1 ,      0.1 ,Africa,3,1,,,,,,,,,
2000,1.0[0.8–1.2]    ,         1.0 ,      0.8 ,      1.2 ,Africa,4,1,,,,,,,,,
2000,0.3[0.3–0.3]    ,         0.3 ,      0.3 ,      0.3 ,Americas,5,1,,,,,,,,,
2000,0.1[0.1–0.1]    ,         0.1 ,      0.1 ,      0.1 ,Europe,6,1,,,,,,,,,
2000,0.1[0.1–0.1]    ,         0.1 ,      0.1 ,      0.1 ,Western Pacific,7,1,,,,,,,,,
2000,na              ,             ,          ,          ,Europe,8,1,,,,,,,,,
2000,na              ,             ,          ,          ,Europe,9,1,,,,,,,,,
2000,2.6[2.2–3.1]    ,         2.6 ,      2.2 ,      3.1 ,Americas,10,1,,,,,,,,,
2000,na              ,             ,          ,          ,Eastern Mediterranean,11,1,,,,,,,,,
2000,0.1[0.1–0.1]    ,         0.1 ,      0.1 ,      0.1 ,South-East Asia,12,1,,,,,,,,,
2000,0.7[0.6–0.8]    ,         0.7 ,      0.6 ,      0.8 ,Americas,13,1,,,,,,,,,
2000,0.1[0.1–0.1]    ,         0.1 ,      0.1 ,      0.1 ,Europe,14,1,,,,,,,,,
2000,na              ,             ,          ,          ,Europe,15,1,,,,,,,,,
2000,1.3[1.2–1.4]    ,         1.3 ,      1.2 ,      1.4 ,Americas,16,1,,,,,,,,,
2000,1.3[0.9–2.2]    ,         1.3 ,      0.9 ,      2.2 ,Africa,17,1,,,,,,,,,
2000,0.2[0.1–0.3]    ,         0.2 ,      0.1 ,      0.3 ,South-East Asia,18,1,,,,,,,,,
2000,0.5[0.5–0.5]    ,         0.5 ,      0.5 ,      0.5 ,Americas,19,1,,,,,,,,,
2000,0.1[0.1–0.1]    ,         0.1 ,      0.1 ,      0.1 ,Europe,20,1,,,,,,,,,
2000,26.3[25.1–27.2] ,        26.3 ,     25.1 ,     27.2 ,Africa,21,1,,,,,,,,,
2000,0.4[0.3–0.5]    ,         0.4 ,      0.3 ,      0.5 ,Americas,22,1,,,,,,,,,
2000,na              ,             ,          ,          ,Western Pacific,23,1,,,,,,,,,
2000,0.1[0.1–0.1]    ,         0.1 ,      0.1 ,      0.1 ,Europe,24,1,,,,,,,,,
2000,2.1[1.7–2.6]    ,         2.1 ,      1.7 ,      2.6 ,Africa,25,1,,,,,,,,,
2000,3.3[2.8–4.0]    ,         3.3 ,      2.8 ,      4.0 ,Africa,26,1,,,,,,,,,
2000,0.7[0.5–1.1]    ,         0.7 ,      0.5 ,      1.1 ,Africa,27,1,,,,,,,,,
2000,1.2[1.1–1.4]    ,         1.2 ,      1.1 ,      1.4 ,Western Pacific,28,1,,,,,,,,,
2000,4.6[4.3–4.9]    ,         4.6 ,      4.3 ,      4.9 ,Africa,29,1,,,,,,,,,
2000,na              ,             ,          ,          ,Americas,30,1,,,,,,,,,
2000,7.2[6.1–8.6]    ,         7.2 ,      6.1 ,      8.6 ,Africa,31,1,,,,,,,,,
2000,1.8[1.3–2.3]    ,         1.8 ,      1.3 ,      2.3 ,Africa,32,1,,,,,,,,,
2000,0.2[0.1–0.2]    ,         0.2 ,      0.1 ,      0.2 ,Americas,33,1,,,,,,,,,
2000,na              ,             ,          ,          ,Western Pacific,34,1,,,,,,,,,
2000,0.4[0.4–0.5]    ,         0.4 ,      0.4 ,      0.5 ,Americas,35,1,,,,,,,,,
2000,0.1[0.1–0.1]    ,         0.1 ,      0.1 ,      0.1 ,Africa,36,1,,,,,,,,,
2000,4.2[3.4–5.1]    ,         4.2 ,      3.4 ,      5.1 ,Americas,37,1,,,,,,,,,
2000,0.2[0.2–0.2]    ,         0.2 ,      0.2 ,      0.2 ,Americas,38,1,,,,,,,,,
2000,5.6[4.4–7.2]    ,         5.6 ,      4.4 ,      7.2 ,Africa,39,1,,,,,,,,,
2000,0.1[0.1–0.1]    ,         0.1 ,      0.1 ,      0.1 ,Europe,40,1,,,,,,,,,
2000,0.1[0.1–0.1]    ,         0.1 ,      0.1 ,      0.1 ,Americas,41,1,,,,,,,,,
2000,na              ,             ,          ,          ,Europe,42,1,,,,,,,,,
2000,0.1[0.1–0.1]    ,         0.1 ,      0.1 ,      0.1 ,Europe,43,1,,,,,,,,,
2000,na              ,             ,          ,          ,Western Pacific,44,1,,,,,,,,,
2000,1.8[1.5–2.1]    ,         1.8 ,      1.5 ,      2.1 ,Africa,45,1,,,,,,,,,
2000,0.1[0.1–0.1]    ,         0.1 ,      0.1 ,      0.1 ,Europe,46,1,,,,,,,,,
2000,2.2[1.7–2.9]    ,         2.2 ,      1.7 ,      2.9 ,Eastern Mediterranean,47,1,,,,,,,,,
2000,1.7[1.3–2.4]    ,         1.7 ,      1.3 ,      2.4 ,Americas,48,1,,,,,,,,,
2000,0.4[0.2–0.6]    ,         0.4 ,      0.2 ,      0.6 ,Americas,49,1,,,,,,,,,
2000,0.1[0.1–0.1]    ,         0.1 ,      0.1 ,      0.1 ,Eastern Mediterranean,50,1,,,,,,,,,
2000,0.6[0.5–0.7]    ,         0.6 ,      0.5 ,      0.7 ,Americas,51,1,,,,,,,,,
2000,3.5[2.5–4.9]    ,         3.5 ,      2.5 ,      4.9 ,Africa,52,1,,,,,,,,,
2000,1.5[1.1–1.9]    ,         1.5 ,      1.1 ,      1.9 ,Africa,53,1,,,,,,,,,
2000,0.4[0.4–0.5]    ,         0.4 ,      0.4 ,      0.5 ,Europe,54,1,,,,,,,,,
2000,24.6[23.0–26.5] ,        24.6 ,     23.0 ,     26.5 ,Africa,55,1,,,,,,,,,
2000,2.4[1.7–3.2]    ,         2.4 ,      1.7 ,      3.2 ,Africa,56,1,,,,,,,,,
2000,na              ,             ,          ,          ,Western Pacific,57,1,,,,,,,,,
2000,0.1[0.1–0.1]    ,         0.1 ,      0.1 ,      0.1 ,Europe,58,1,,,,,,,,,
2000,0.2[0.2–0.3]    ,         0.2 ,      0.2 ,      0.3 ,Europe,59,1,,,,,,,,,
2000,4.1[3.0–5.6]    ,         4.1 ,      3.0 ,      5.6 ,Africa,60,1,,,,,,,,,
2000,1.4[1.1–1.9]    ,         1.4 ,      1.1 ,      1.9 ,Africa,61,1,,,,,,,,,
2000,0.1[0.1–0.1]    ,         0.1 ,      0.1 ,      0.1 ,Europe,62,1,,,,,,,,,
2000,0.1[0.1–0.1]    ,         0.1 ,      0.1 ,      0.1 ,Europe,63,1,,,,,,,,,
2000,2.4[2.1–2.7]    ,         2.4 ,      2.1 ,      2.7 ,Africa,64,1,,,,,,,,,
2000,na              ,             ,          ,          ,Europe,65,1,,,,,,,,,
2000,0.7[0.7–0.7]    ,         0.7 ,      0.7 ,      0.7 ,Americas,66,1,,,,,,,,,
2000,1.7[1.4–2.0]    ,         1.7 ,      1.4 ,      2.0 ,Africa,67,1,,,,,,,,,
2000,3.2[2.8–3.5]    ,         3.2 ,      2.8 ,      3.5 ,Africa,68,1,,,,,,,,,
2000,0.6[0.4–0.7]    ,         0.6 ,      0.4 ,      0.7 ,Americas,69,1,,,,,,,,,
2000,3.0[2.7–3.4]    ,         3.0 ,      2.7 ,      3.4 ,Americas,70,1,,,,,,,,,
2000,1.1[0.9–1.4]    ,         1.1 ,      0.9 ,      1.4 ,Americas,71,1,,,,,,,,,
2000,0.1[0.1–0.1]    ,         0.1 ,      0.1 ,      0.1 ,Europe,72,1,,,,,,,,,
2000,0.1[0.1–0.1]    ,         0.1 ,      0.1 ,      0.1 ,Europe,73,1,,,,,,,,,
2000,na              ,             ,          ,          ,South-East Asia,74,1,,,,,,,,,
2000,0.1[0.1–0.1]    ,         0.1 ,      0.1 ,      0.1 ,South-East Asia,75,1,,,,,,,,,
2000,0.1[0.1–0.1]    ,         0.1 ,      0.1 ,      0.1 ,Eastern Mediterranean,76,1,,,,,,,,,
2000,0.1[0.1–0.1]    ,         0.1 ,      0.1 ,      0.1 ,Europe,77,1,,,,,,,,,
2000,0.1[0.1–0.1]    ,         0.1 ,      0.1 ,      0.1 ,Europe,78,1,,,,,,,,,
2000,0.2[0.2–0.2]    ,         0.2 ,      0.2 ,      0.2 ,Europe,79,1,,,,,,,,,
2000,2.8[2.5–3.0]    ,         2.8 ,      2.5 ,      3.0 ,Americas,80,1,,,,,,,,,
2000,0.1[0.1–0.1]    ,         0.1 ,      0.1 ,      0.1 ,Western Pacific,81,1,,,,,,,,,
2000,0.1[0.1–0.1]    ,         0.1 ,      0.1 ,      0.1 ,Eastern Mediterranean,82,1,,,,,,,,,
2000,0.1[0.1–0.1]    ,         0.1 ,      0.1 ,      0.1 ,Europe,83,1,,,,,,,,,
2000,9.8[8.4–11.7]   ,         9.8 ,      8.4 ,     11.7 ,Africa,84,1,,,,,,,,,
2000,0.1[0.1–0.1]    ,         0.1 ,      0.1 ,      0.1 ,Eastern Mediterranean,85,1,,,,,,,,,
2000,0.1[0.1–0.1]    ,         0.1 ,      0.1 ,      0.1 ,Europe,86,1,,,,,,,,,
2000,0.1[0.1–0.1]    ,         0.1 ,      0.1 ,      0.1 ,Western Pacific,87,1,,,,,,,,,
2000,0.2[0.2–0.2]    ,         0.2 ,      0.2 ,      0.2 ,Europe,88,1,,,,,,,,,
2000,0.1[0.1–0.1]    ,         0.1 ,      0.1 ,      0.1 ,Eastern Mediterranean,89,1,,,,,,,,,
2000,23.2[21.5–24.8] ,        23.2 ,     21.5 ,     24.8 ,Africa,90,1,,,,,,,,,
2000,2.6[2.4–2.7]    ,         2.6 ,      2.4 ,      2.7 ,Africa,91,1,,,,,,,,,
2000,0.1[0.1–0.1]    ,         0.1 ,      0.1 ,      0.1 ,Eastern Mediterranean,92,1,,,,,,,,,
2000,na              ,             ,          ,          ,Europe,93,1,,,,,,,,,
2000,0.1[0.1–0.1]    ,         0.1 ,      0.1 ,      0.1 ,Europe,94,1,,,,,,,,,
2000,0.2[0.1–0.3]    ,         0.2 ,      0.1 ,      0.3 ,Africa,95,1,,,,,,,,,
2000,14.4[13.0–15.4] ,        14.4 ,     13.0 ,     15.4 ,Africa,96,1,,,,,,,,,
2000,0.4[0.3–0.5]    ,         0.4 ,      0.3 ,      0.5 ,Western Pacific,97,1,,,,,,,,,
2000,na              ,             ,          ,          ,South-East Asia,98,1,,,,,,,,,
2000,1.8[1.5–2.2]    ,         1.8 ,      1.5 ,      2.2 ,Africa,99,1,,,,,,,,,
2000,na              ,             ,          ,          ,Europe,100,1,,,,,,,,,
2000,0.4[0.4–0.5]    ,         0.4 ,      0.4 ,      0.5 ,Africa,101,1,,,,,,,,,
2000,0.4[0.2–0.8]    ,         0.4 ,      0.2 ,      0.8 ,Africa,102,1,,,,,,,,,
2000,0.2[0.2–0.3]    ,         0.2 ,      0.2 ,      0.3 ,Americas,103,1,,,,,,,,,
2000,0.1[0.1–0.1]    ,         0.1 ,      0.1 ,      0.1 ,Western Pacific,104,1,,,,,,,,,
2000,0.1[0.1–0.1]    ,         0.1 ,      0.1 ,      0.1 ,Europe,105,1,,,,,,,,,
2000,0.1[0.1–0.1]    ,         0.1 ,      0.1 ,      0.1 ,Eastern Mediterranean,106,1,,,,,,,,,
2000,8.8[7.0–11.0]   ,         8.8 ,      7.0 ,     11.0 ,Africa,107,1,,,,,,,,,
2000,0.6[0.5–0.7]    ,         0.6 ,      0.5 ,      0.7 ,South-East Asia,108,1,,,,,,,,,
2000,14.0[13.1–15.1] ,        14.0 ,     13.1 ,     15.1 ,Africa,109,1,,,,,,,,,
2000,0.1[0.1–0.1]    ,         0.1 ,      0.1 ,      0.1 ,South-East Asia,110,1,,,,,,,,,
2000,0.1[0.1–0.1]    ,         0.1 ,      0.1 ,      0.1 ,Europe,111,1,,,,,,,,,
2000,0.1[0.1–0.1]    ,         0.1 ,      0.1 ,      0.1 ,Western Pacific,112,1,,,,,,,,,
2000,0.1[0.1–0.2]    ,         0.1 ,      0.1 ,      0.2 ,Americas,113,1,,,,,,,,,
2000,0.6[0.5–0.7]    ,         0.6 ,      0.5 ,      0.7 ,Africa,114,1,,,,,,,,,
2000,1.8[1.3–2.4]    ,         1.8 ,      1.3 ,      2.4 ,Africa,115,1,,,,,,,,,
2000,0.1[0.1–0.1]    ,         0.1 ,      0.1 ,      0.1 ,Europe,116,1,,,,,,,,,
2000,0.1[0.1–0.1]    ,         0.1 ,      0.1 ,      0.1 ,Eastern Mediterranean,117,1,,,,,,,,,
2000,0.1[0.1–0.1]    ,         0.1 ,      0.1 ,      0.1 ,Eastern Mediterranean,118,1,,,,,,,,,
2000,0.6[0.6–0.7]    ,         0.6 ,      0.6 ,      0.7 ,Americas,119,1,,,,,,,,,
2000,0.6[0.5–0.8]    ,         0.6 ,      0.5 ,      0.8 ,Western Pacific,120,1,,,,,,,,,
2000,0.5[0.3–0.7]    ,         0.5 ,      0.3 ,      0.7 ,Americas,121,1,,,,,,,,,
2000,0.5[0.4–0.6]    ,         0.5 ,      0.4 ,      0.6 ,Americas,122,1,,,,,,,,,
2000,0.1[0.1–0.1]    ,         0.1 ,      0.1 ,      0.1 ,Western Pacific,123,1,,,,,,,,,
2000,na              ,             ,          ,          ,Europe,124,1,,,,,,,,,
2000,0.5[0.5–0.6]    ,         0.5 ,      0.5 ,      0.6 ,Europe,125,1,,,,,,,,,
2000,na              ,             ,          ,          ,Eastern Mediterranean,126,1,,,,,,,,,
2000,na              ,             ,          ,          ,Western Pacific,127,1,,,,,,,,,
2000,0.3[0.3–0.4]    ,         0.3 ,      0.3 ,      0.4 ,Europe,128,1,,,,,,,,,
2000,0.1[0.1–0.1]    ,         0.1 ,      0.1 ,      0.1 ,Europe,129,1,,,,,,,,,
2000,0.1[0.1–0.1]    ,         0.1 ,      0.1 ,      0.1 ,Europe,130,1,,,,,,,,,
2000,na              ,             ,          ,          ,Europe,131,1,,,,,,,,,
2000,5.2[4.6–5.9]    ,         5.2 ,      4.6 ,      5.9 ,Africa,132,1,,,,,,,,,
2000,na              ,             ,          ,          ,Eastern Mediterranean,133,1,,,,,,,,,
2000,0.6[0.5–0.7]    ,         0.6 ,      0.5 ,      0.7 ,Africa,134,1,,,,,,,,,
2000,0.1[0.1–0.1]    ,         0.1 ,      0.1 ,      0.1 ,Europe,135,1,,,,,,,,,
2000,1.5[1.2–1.9]    ,         1.5 ,      1.2 ,      1.9 ,Africa,136,1,,,,,,,,,
2000,0.1[0.1–0.2]    ,         0.1 ,      0.1 ,      0.2 ,Western Pacific,137,1,,,,,,,,,
2000,0.1[0.1–0.1]    ,         0.1 ,      0.1 ,      0.1 ,Europe,138,1,,,,,,,,,
2000,0.1[0.1–0.1]    ,         0.1 ,      0.1 ,      0.1 ,Europe,139,1,,,,,,,,,
2000,0.4[0.3–0.4]    ,         0.4 ,      0.3 ,      0.4 ,Eastern Mediterranean,140,1,,,,,,,,,
2000,12.6[10.7–13.9] ,        12.6 ,     10.7 ,     13.9 ,Africa,141,1,,,,,,,,,
2000,2.5[1.5–3.2]    ,         2.5 ,      1.5 ,      3.2 ,Africa,142,1,,,,,,,,,
2000,0.4[0.3–0.4]    ,         0.4 ,      0.3 ,      0.4 ,Europe,143,1,,,,,,,,,
2000,0.1[0.1–0.1]    ,         0.1 ,      0.1 ,      0.1 ,South-East Asia,144,1,,,,,,,,,
2000,0.1[0.1–0.2]    ,         0.1 ,      0.1 ,      0.2 ,Eastern Mediterranean,145,1,,,,,,,,,
2000,1.1[0.8–1.6]    ,         1.1 ,      0.8 ,      1.6 ,Americas,146,1,,,,,,,,,
2000,na              ,             ,          ,          ,Europe,147,1,,,,,,,,,
2000,na              ,             ,          ,          ,Europe,148,1,,,,,,,,,
2000,0.1[0.1–0.1]    ,         0.1 ,      0.1 ,      0.1 ,Eastern Mediterranean,149,1,,,,,,,,,
2000,0.1[0.1–0.1]    ,         0.1 ,      0.1 ,      0.1 ,Europe,150,1,,,,,,,,,
2000,2.0[1.6–2.5]    ,         2.0 ,      1.6 ,      2.5 ,South-East Asia,151,1,,,,,,,,,
2000,na              ,             ,          ,          ,South-East Asia,152,1,,,,,,,,,
2000,3.6[3.2–3.8]    ,         3.6 ,      3.2 ,      3.8 ,Africa,153,1,,,,,,,,,
2000,na              ,             ,          ,          ,Americas,154,1,,,,,,,,,
2000,0.1[0.1–0.1]    ,         0.1 ,      0.1 ,      0.1 ,Eastern Mediterranean,155,1,,,,,,,,,
2000,na              ,             ,          ,          ,Europe,156,1,,,,,,,,,
2000,na              ,             ,          ,          ,Europe,157,1,,,,,,,,,
2000,8.3[7.7–8.9]    ,         8.3 ,      7.7 ,      8.9 ,Africa,158,1,,,,,,,,,
2000,0.6[0.6–0.7]    ,         0.6 ,      0.6 ,      0.7 ,Europe,159,1,,,,,,,,,
2000,na              ,             ,          ,          ,Eastern Mediterranean,160,1,,,,,,,,,
2000,na              ,             ,          ,          ,Europe,161,1,,,,,,,,,
2000,6.3[5.5–6.9]    ,         6.3 ,      5.5 ,      6.9 ,Africa,162,1,,,,,,,,,
2000,na              ,             ,          ,          ,Americas,163,1,,,,,,,,,
2000,0.3[0.2–0.6]    ,         0.3 ,      0.2 ,      0.6 ,Americas,164,1,,,,,,,,,
2000,0.1[0.1–0.1]    ,         0.1 ,      0.1 ,      0.1 ,Europe,165,1,,,,,,,,,
2000,na              ,             ,          ,          ,Americas,166,1,,,,,,,,,
2000,0.3[0.2–0.3]    ,         0.3 ,      0.2 ,      0.3 ,Western Pacific,167,1,,,,,,,,,
2000,0.1[0.1–0.1]    ,         0.1 ,      0.1 ,      0.1 ,Eastern Mediterranean,168,1,,,,,,,,,
2000,16.2[14.3–18.2] ,        16.2 ,     14.3 ,     18.2 ,Africa,169,1,,,,,,,,,
2000,25.0[21.2–28.3] ,        25.0 ,     21.2 ,     28.3 ,Africa,170,1,,,,,,,,,
2018,500[200–610]          ,         500 ,      200 ,      610 ,Eastern Mediterranean,1,2,,,,,,,,,
2018,na                    ,             ,          ,          ,Europe,2,2,,,,,,,,,
2018,200[200–200]          ,         200 ,      200 ,      200 ,Africa,3,2,,,,,,,,,
2018,14000[9500–18000]     ,       14000 ,     9500 ,    18000 ,Africa,4,2,,,,,,,,,
2018,1700[1300–2100]       ,        1700 ,     1300 ,     2100 ,Americas,5,2,,,,,,,,,
2018,200[100–200]          ,         200 ,      100 ,      200 ,Europe,6,2,,,,,,,,,
2018,200[200–500]          ,         200 ,      200 ,      500 ,Western Pacific,7,2,,,,,,,,,
2018,na                    ,             ,          ,          ,Europe,8,2,,,,,,,,,
2018,na                    ,             ,          ,          ,Europe,9,2,,,,,,,,,
2018,200[200–500]          ,         200 ,      200 ,      500 ,Americas,10,2,,,,,,,,,
2018,na                    ,             ,          ,          ,Eastern Mediterranean,11,2,,,,,,,,,
2018,580[500–680]          ,         580 ,      500 ,      680 ,South-East Asia,12,2,,,,,,,,,
2018,100[100–100]          ,         100 ,      100 ,      100 ,Americas,13,2,,,,,,,,,
2018,500[200–500]          ,         500 ,      200 ,      500 ,Europe,14,2,,,,,,,,,
2018,na                    ,             ,          ,          ,Europe,15,2,,,,,,,,,
2018,200[200–500]          ,         200 ,      200 ,      500 ,Americas,16,2,,,,,,,,,
2018,2200[1100–4400]       ,        2200 ,     1100 ,     4400 ,Africa,17,2,,,,,,,,,
2018,100[100–200]          ,         100 ,      100 ,      200 ,South-East Asia,18,2,,,,,,,,,
2018,670[550–760]          ,         670 ,      550 ,      760 ,Americas,19,2,,,,,,,,,
2018,100[100–100]          ,         100 ,      100 ,      100 ,Europe,20,2,,,,,,,,,
2018,4800[4100–5700]       ,        4800 ,     4100 ,     5700 ,Africa,21,2,,,,,,,,,
2018,15000[11000–19000]    ,       15000 ,    11000 ,    19000 ,Americas,22,2,,,,,,,,,
2018,na                    ,             ,          ,          ,Western Pacific,23,2,,,,,,,,,
2018,100[100–100]          ,         100 ,      100 ,      100 ,Europe,24,2,,,,,,,,,
2018,3300[2400–4400]       ,        3300 ,     2400 ,     4400 ,Africa,25,2,,,,,,,,,
2018,1900[1400–2500]       ,        1900 ,     1400 ,     2500 ,Africa,26,2,,,,,,,,,
2018,100[100–100]          ,         100 ,      100 ,      100 ,Africa,27,2,,,,,,,,,
2018,1300[920–1900]        ,        1300 ,      920 ,     1900 ,Western Pacific,28,2,,,,,,,,,
2018,18000[15000–21000]    ,       18000 ,    15000 ,    21000 ,Africa,29,2,,,,,,,,,
2018,na                    ,             ,          ,          ,Americas,30,2,,,,,,,,,
2018,4800[3700–6400]       ,        4800 ,     3700 ,     6400 ,Africa,31,2,,,,,,,,,
2018,3100[2000–4500]       ,        3100 ,     2000 ,     4500 ,Africa,32,2,,,,,,,,,
2018,590[500–770]          ,         590 ,      500 ,      770 ,Americas,33,2,,,,,,,,,
2018,na                    ,             ,          ,          ,Western Pacific,34,2,,,,,,,,,
2018,na                    ,             ,          ,          ,Americas,35,2,,,,,,,,,
2018,100[100–100]          ,         100 ,      100 ,      100 ,Africa,36,2,,,,,,,,,
2018,4000[2800–5400]       ,        4000 ,     2800 ,     5400 ,Americas,37,2,,,,,,,,,
2018,500[200–500]          ,         500 ,      200 ,      500 ,Americas,38,2,,,,,,,,,
2018,16000[11000–23000]    ,       16000 ,    11000 ,    23000 ,Africa,39,2,,,,,,,,,
2018,100[100–100]          ,         100 ,      100 ,      100 ,Europe,40,2,,,,,,,,,
2018,500[500–580]          ,         500 ,      500 ,      580 ,Americas,41,2,,,,,,,,,
2018,na                    ,             ,          ,          ,Europe,42,2,,,,,,,,,
2018,100[100–100]          ,         100 ,      100 ,      100 ,Europe,43,2,,,,,,,,,
2018,na                    ,             ,          ,          ,Western Pacific,44,2,,,,,,,,,
2018,13000[10000–17000]    ,       13000 ,    10000 ,    17000 ,Africa,45,2,,,,,,,,,
2018,100[100–100]          ,         100 ,      100 ,      100 ,Europe,46,2,,,,,,,,,
2018,500[500–550]          ,         500 ,      500 ,      550 ,Eastern Mediterranean,47,2,,,,,,,,,
2018,1200[750–1900]        ,        1200 ,      750 ,     1900 ,Americas,48,2,,,,,,,,,
2018,620[500–1500]         ,         620 ,      500 ,     1500 ,Americas,49,2,,,,,,,,,
2018,500[500–500]          ,         500 ,      500 ,      500 ,Eastern Mediterranean,50,2,,,,,,,,,
2018,700[500–1000]         ,         700 ,      500 ,     1000 ,Americas,51,2,,,,,,,,,
2018,1800[1200–2600]       ,        1800 ,     1200 ,     2600 ,Africa,52,2,,,,,,,,,
2018,500[500–890]          ,         500 ,      500 ,      890 ,Africa,53,2,,,,,,,,,
2018,100[100–200]          ,         100 ,      100 ,      200 ,Europe,54,2,,,,,,,,,
2018,2400[2000–2900]       ,        2400 ,     2000 ,     2900 ,Africa,55,2,,,,,,,,,
2018,11000[6800–19000]     ,       11000 ,     6800 ,    19000 ,Africa,56,2,,,,,,,,,
2018,na                    ,             ,          ,          ,Western Pacific,57,2,,,,,,,,,
2018,100[100–100]          ,         100 ,      100 ,      100 ,Europe,58,2,,,,,,,,,
2018,500[500–540]          ,         500 ,      500 ,      540 ,Europe,59,2,,,,,,,,,
2018,1200[790–1700]        ,        1200 ,      790 ,     1700 ,Africa,60,2,,,,,,,,,
2018,980[650–1400]         ,         980 ,      650 ,     1400 ,Africa,61,2,,,,,,,,,
2018,500[200–500]          ,         500 ,      200 ,      500 ,Europe,62,2,,,,,,,,,
2018,500[500–670]          ,         500 ,      500 ,      670 ,Europe,63,2,,,,,,,,,
2018,14000[11000–18000]    ,       14000 ,    11000 ,    18000 ,Africa,64,2,,,,,,,,,
2018,na                    ,             ,          ,          ,Europe,65,2,,,,,,,,,
2018,2200[2000–2400]       ,        2200 ,     2000 ,     2400 ,Americas,66,2,,,,,,,,,
2018,4300[3300–5400]       ,        4300 ,     3300 ,     5400 ,Africa,67,2,,,,,,,,,
2018,1800[1400–2100]       ,        1800 ,     1400 ,     2100 ,Africa,68,2,,,,,,,,,
2018,200[100–200]          ,         200 ,      100 ,      200 ,Americas,69,2,,,,,,,,,
2018,2700[2200–3600]       ,        2700 ,     2200 ,     3600 ,Americas,70,2,,,,,,,,,
2018,780[540–1100]         ,         780 ,      540 ,     1100 ,Americas,71,2,,,,,,,,,
2018,100[100–100]          ,         100 ,      100 ,      100 ,Europe,72,2,,,,,,,,,
2018,100[100–100]          ,         100 ,      100 ,      100 ,Europe,73,2,,,,,,,,,
2018,na                    ,             ,          ,          ,South-East Asia,74,2,,,,,,,,,
2018,38000[33000–43000]    ,       38000 ,    33000 ,    43000 ,South-East Asia,75,2,,,,,,,,,
2018,2600[1400–5100]       ,        2600 ,     1400 ,     5100 ,Eastern Mediterranean,76,2,,,,,,,,,
2018,100[100–100]          ,         100 ,      100 ,      100 ,Europe,77,2,,,,,,,,,
2018,100[100–100]          ,         100 ,      100 ,      100 ,Europe,78,2,,,,,,,,,
2018,710[510–930]          ,         710 ,      510 ,      930 ,Europe,79,2,,,,,,,,,
2018,1500[1300–1800]       ,        1500 ,     1300 ,     1800 ,Americas,80,2,,,,,,,,,
2018,na                    ,             ,          ,          ,Western Pacific,81,2,,,,,,,,,
2018,100[100–100]          ,         100 ,      100 ,      100 ,Eastern Mediterranean,82,2,,,,,,,,,
2018,500[500–530]          ,         500 ,      500 ,      530 ,Europe,83,2,,,,,,,,,
2018,25000[18000–38000]    ,       25000 ,    18000 ,    38000 ,Africa,84,2,,,,,,,,,
2018,100[100–100]          ,         100 ,      100 ,      100 ,Eastern Mediterranean,85,2,,,,,,,,,
2018,200[200–500]          ,         200 ,      200 ,      500 ,Europe,86,2,,,,,,,,,
2018,500[500–500]          ,         500 ,      500 ,      500 ,Western Pacific,87,2,,,,,,,,,
2018,100[100–100]          ,         100 ,      100 ,      100 ,Europe,88,2,,,,,,,,,
2018,100[100–100]          ,         100 ,      100 ,      100 ,Eastern Mediterranean,89,2,,,,,,,,,
2018,6100[5000–7600]       ,        6100 ,     5000 ,     7600 ,Africa,90,2,,,,,,,,,
2018,1800[1700–1900]       ,        1800 ,     1700 ,     1900 ,Africa,91,2,,,,,,,,,
2018,200[200–200]          ,         200 ,      200 ,      200 ,Eastern Mediterranean,92,2,,,,,,,,,
2018,na                    ,             ,          ,          ,Europe,93,2,,,,,,,,,
2018,100[100–100]          ,         100 ,      100 ,      100 ,Europe,94,2,,,,,,,,,
2018,1700[1200–2300]       ,        1700 ,     1200 ,     2300 ,Africa,95,2,,,,,,,,,
2018,13000[11000–16000]    ,       13000 ,    11000 ,    16000 ,Africa,96,2,,,,,,,,,
2018,2600[2100–3300]       ,        2600 ,     2100 ,     3300 ,Western Pacific,97,2,,,,,,,,,
2018,na                    ,             ,          ,          ,South-East Asia,98,2,,,,,,,,,
2018,6500[5000–8700]       ,        6500 ,     5000 ,     8700 ,Africa,99,2,,,,,,,,,
2018,na                    ,             ,          ,          ,Europe,100,2,,,,,,,,,
2018,500[200–500]          ,         500 ,      200 ,      500 ,Africa,101,2,,,,,,,,,
2018,610[500–820]          ,         610 ,      500 ,      820 ,Africa,102,2,,,,,,,,,
2018,na                    ,             ,          ,          ,Americas,103,2,,,,,,,,,
2018,100[100–100]          ,         100 ,      100 ,      100 ,Western Pacific,104,2,,,,,,,,,
2018,100[100–100]          ,         100 ,      100 ,      100 ,Europe,105,2,,,,,,,,,
2018,500[500–600]          ,         500 ,      500 ,      600 ,Eastern Mediterranean,106,2,,,,,,,,,
2018,54000[39000–73000]    ,       54000 ,    39000 ,    73000 ,Africa,107,2,,,,,,,,,
2018,7800[5900–11000]      ,        7800 ,     5900 ,    11000 ,South-East Asia,108,2,,,,,,,,,
2018,2700[2300–3200]       ,        2700 ,     2300 ,     3200 ,Africa,109,2,,,,,,,,,
2018,910[700–1200]         ,         910 ,      700 ,     1200 ,South-East Asia,110,2,,,,,,,,,
2018,na                    ,             ,          ,          ,Europe,111,2,,,,,,,,,
2018,100[100–100]          ,         100 ,      100 ,      100 ,Western Pacific,112,2,,,,,,,,,
2018,200[200–500]          ,         200 ,      200 ,      500 ,Americas,113,2,,,,,,,,,
2018,1200[970–1700]        ,        1200 ,      970 ,     1700 ,Africa,114,2,,,,,,,,,
2018,53000[31000–89000]    ,       53000 ,    31000 ,    89000 ,Africa,115,2,,,,,,,,,
2018,100[100–100]          ,         100 ,      100 ,      100 ,Europe,116,2,,,,,,,,,
2018,100[100–100]          ,         100 ,      100 ,      100 ,Eastern Mediterranean,117,2,,,,,,,,,
2018,6400[5200–7600]       ,        6400 ,     5200 ,     7600 ,Eastern Mediterranean,118,2,,,,,,,,,
2018,500[500–530]          ,         500 ,      500 ,      530 ,Americas,119,2,,,,,,,,,
2018,na                    ,             ,          ,          ,Western Pacific,120,2,,,,,,,,,
2018,720[500–1200]         ,         720 ,      500 ,     1200 ,Americas,121,2,,,,,,,,,
2018,1000[650–1900]        ,        1000 ,      650 ,     1900 ,Americas,122,2,,,,,,,,,
2018,1200[800–1700]        ,        1200 ,      800 ,     1700 ,Western Pacific,123,2,,,,,,,,,
2018,na                    ,             ,          ,          ,Europe,124,2,,,,,,,,,
2018,500[500–500]          ,         500 ,      500 ,      500 ,Europe,125,2,,,,,,,,,
2018,na                    ,             ,          ,          ,Eastern Mediterranean,126,2,,,,,,,,,
2018,na                    ,             ,          ,          ,Western Pacific,127,2,,,,,,,,,
2018,570[500–860]          ,         570 ,      500 ,      860 ,Europe,128,2,,,,,,,,,
2018,100[100–100]          ,         100 ,      100 ,      100 ,Europe,129,2,,,,,,,,,
2018,200[100–200]          ,         200 ,      100 ,      200 ,Europe,130,2,,,,,,,,,
2018,na                    ,             ,          ,          ,Europe,131,2,,,,,,,,,
2018,2900[2400–3500]       ,        2900 ,     2400 ,     3500 ,Africa,132,2,,,,,,,,,
2018,na                    ,             ,          ,          ,Eastern Mediterranean,133,2,,,,,,,,,
2018,1300[1000–1600]       ,        1300 ,     1000 ,     1600 ,Africa,134,2,,,,,,,,,
2018,100[100–100]          ,         100 ,      100 ,      100 ,Europe,135,2,,,,,,,,,
2018,2100[1600–2800]       ,        2100 ,     1600 ,     2800 ,Africa,136,2,,,,,,,,,
2018,100[100–100]          ,         100 ,      100 ,      100 ,Western Pacific,137,2,,,,,,,,,
2018,100[100–100]          ,         100 ,      100 ,      100 ,Europe,138,2,,,,,,,,,
2018,100[100–100]          ,         100 ,      100 ,      100 ,Europe,139,2,,,,,,,,,
2018,710[530–1000]         ,         710 ,      530 ,     1000 ,Eastern Mediterranean,140,2,,,,,,,,,
2018,71000[52000–91000]    ,       71000 ,    52000 ,    91000 ,Africa,141,2,,,,,,,,,
2018,9900[6900–13000]      ,        9900 ,     6900 ,    13000 ,Africa,142,2,,,,,,,,,
2018,na                    ,             ,          ,          ,Europe,143,2,,,,,,,,,
2018,200[200–500]          ,         200 ,      200 ,      500 ,South-East Asia,144,2,,,,,,,,,
2018,2900[1400–5200]       ,        2900 ,     1400 ,     5200 ,Eastern Mediterranean,145,2,,,,,,,,,
2018,100[100–200]          ,         100 ,      100 ,      200 ,Americas,146,2,,,,,,,,,
2018,na                    ,             ,          ,          ,Europe,147,2,,,,,,,,,
2018,na                    ,             ,          ,          ,Europe,148,2,,,,,,,,,
2018,100[100–100]          ,         100 ,      100 ,      100 ,Eastern Mediterranean,149,2,,,,,,,,,
2018,500[500–500]          ,         500 ,      500 ,      500 ,Europe,150,2,,,,,,,,,
2018,18000[13000–26000]    ,       18000 ,    13000 ,    26000 ,South-East Asia,151,2,,,,,,,,,
2018,na                    ,             ,          ,          ,South-East Asia,152,2,,,,,,,,,
2018,3800[3300–4200]       ,        3800 ,     3300 ,     4200 ,Africa,153,2,,,,,,,,,
2018,na                    ,             ,          ,          ,Americas,154,2,,,,,,,,,
2018,100[100–200]          ,         100 ,      100 ,      200 ,Eastern Mediterranean,155,2,,,,,,,,,
2018,na                    ,             ,          ,          ,Europe,156,2,,,,,,,,,
2018,na                    ,             ,          ,          ,Europe,157,2,,,,,,,,,
2018,23000[19000–31000]    ,       23000 ,    19000 ,    31000 ,Africa,158,2,,,,,,,,,
2018,6100[4700–8000]       ,        6100 ,     4700 ,     8000 ,Europe,159,2,,,,,,,,,
2018,na                    ,             ,          ,          ,Eastern Mediterranean,160,2,,,,,,,,,
2018,na                    ,             ,          ,          ,Europe,161,2,,,,,,,,,
2018,24000[20000–29000]    ,       24000 ,    20000 ,    29000 ,Africa,162,2,,,,,,,,,
2018,na                    ,             ,          ,          ,Americas,163,2,,,,,,,,,
2018,200[100–500]          ,         200 ,      100 ,      500 ,Americas,164,2,,,,,,,,,
2018,1300[1100–1500]       ,        1300 ,     1100 ,     1500 ,Europe,165,2,,,,,,,,,
2018,na                    ,             ,          ,          ,Americas,166,2,,,,,,,,,
2018,4700[3200–6200]       ,        4700 ,     3200 ,     6200 ,Western Pacific,167,2,,,,,,,,,
2018,500[200–520]          ,         500 ,      200 ,      520 ,Eastern Mediterranean,168,2,,,,,,,,,
2018,17000[13000–22000]    ,       17000 ,    13000 ,    22000 ,Africa,169,2,,,,,,,,,
2018,22000[17000–27000]    ,       22000 ,    17000 ,    27000 ,Africa,170,2,,,,,,,,,
2010,500[200–500]          ,         500 ,      200 ,      500 ,Eastern Mediterranean,1,2,,,,,,,,,
2010,na                    ,             ,          ,          ,Europe,2,2,,,,,,,,,
2010,200[100–200]          ,         200 ,      100 ,      200 ,Africa,3,2,,,,,,,,,
2010,10000[7300–13000]     ,       10000 ,     7300 ,    13000 ,Africa,4,2,,,,,,,,,
2010,1600[1300–2000]       ,        1600 ,     1300 ,     2000 ,Americas,5,2,,,,,,,,,
2010,200[200–200]          ,         200 ,      200 ,      200 ,Europe,6,2,,,,,,,,,
2010,500[200–500]          ,         500 ,      200 ,      500 ,Western Pacific,7,2,,,,,,,,,
2010,na                    ,             ,          ,          ,Europe,8,2,,,,,,,,,
2010,na                    ,             ,          ,          ,Europe,9,2,,,,,,,,,
2010,200[200–500]          ,         200 ,      200 ,      500 ,Americas,10,2,,,,,,,,,
2010,na                    ,             ,          ,          ,Eastern Mediterranean,11,2,,,,,,,,,
2010,500[500–500]          ,         500 ,      500 ,      500 ,South-East Asia,12,2,,,,,,,,,
2010,100[100–100]          ,         100 ,      100 ,      100 ,Americas,13,2,,,,,,,,,
2010,200[100–500]          ,         200 ,      100 ,      500 ,Europe,14,2,,,,,,,,,
2010,na                    ,             ,          ,          ,Europe,15,2,,,,,,,,,
2010,200[100–200]          ,         200 ,      100 ,      200 ,Americas,16,2,,,,,,,,,
2010,2000[980–4100]        ,        2000 ,      980 ,     4100 ,Africa,17,2,,,,,,,,,
2010,100[100–500]          ,         100 ,      100 ,      500 ,South-East Asia,18,2,,,,,,,,,
2010,1600[1500–1800]       ,        1600 ,     1500 ,     1800 ,Americas,19,2,,,,,,,,,
2010,100[100–100]          ,         100 ,      100 ,      100 ,Europe,20,2,,,,,,,,,
2010,7300[6500–8000]       ,        7300 ,     6500 ,     8000 ,Africa,21,2,,,,,,,,,
2010,15000[11000–19000]    ,       15000 ,    11000 ,    19000 ,Americas,22,2,,,,,,,,,
2010,na                    ,             ,          ,          ,Western Pacific,23,2,,,,,,,,,
2010,100[100–100]          ,         100 ,      100 ,      100 ,Europe,24,2,,,,,,,,,
2010,4800[3600–6300]       ,        4800 ,     3600 ,     6300 ,Africa,25,2,,,,,,,,,
2010,5200[4100–6400]       ,        5200 ,     4100 ,     6400 ,Africa,26,2,,,,,,,,,
2010,100[100–100]          ,         100 ,      100 ,      100 ,Africa,27,2,,,,,,,,,
2010,2500[1900–3400]       ,        2500 ,     1900 ,     3400 ,Western Pacific,28,2,,,,,,,,,
2010,22000[19000–25000]    ,       22000 ,    19000 ,    25000 ,Africa,29,2,,,,,,,,,
2010,na                    ,             ,          ,          ,Americas,30,2,,,,,,,,,
2010,7800[6400–9400]       ,        7800 ,     6400 ,     9400 ,Africa,31,2,,,,,,,,,
2010,3500[2600–4800]       ,        3500 ,     2600 ,     4800 ,Africa,32,2,,,,,,,,,
2010,na                    ,             ,          ,          ,Americas,33,2,,,,,,,,,
2010,na                    ,             ,          ,          ,Western Pacific,34,2,,,,,,,,,
2010,na                    ,             ,          ,          ,Americas,35,2,,,,,,,,,
2010,100[100–100]          ,         100 ,      100 ,      100 ,Africa,36,2,,,,,,,,,
2010,3900[3100–4800]       ,        3900 ,     3100 ,     4800 ,Americas,37,2,,,,,,,,,
2010,500[200–500]          ,         500 ,      200 ,      500 ,Americas,38,2,,,,,,,,,
2010,24000[17000–34000]    ,       24000 ,    17000 ,    34000 ,Africa,39,2,,,,,,,,,
2010,100[100–100]          ,         100 ,      100 ,      100 ,Europe,40,2,,,,,,,,,
2010,500[200–500]          ,         500 ,      200 ,      500 ,Americas,41,2,,,,,,,,,
2010,na                    ,             ,          ,          ,Europe,42,2,,,,,,,,,
2010,100[100–100]          ,         100 ,      100 ,      100 ,Europe,43,2,,,,,,,,,
2010,na                    ,             ,          ,          ,Western Pacific,44,2,,,,,,,,,
2010,34000[27000–40000]    ,       34000 ,    27000 ,    40000 ,Africa,45,2,,,,,,,,,
2010,100[100–100]          ,         100 ,      100 ,      100 ,Europe,46,2,,,,,,,,,
2010,630[500–780]          ,         630 ,      500 ,      780 ,Eastern Mediterranean,47,2,,,,,,,,,
2010,3000[2100–4300]       ,        3000 ,     2100 ,     4300 ,Americas,48,2,,,,,,,,,
2010,1100[520–2200]        ,        1100 ,      520 ,     2200 ,Americas,49,2,,,,,,,,,
2010,200[200–500]          ,         200 ,      200 ,      500 ,Eastern Mediterranean,50,2,,,,,,,,,
2010,500[500–730]          ,         500 ,      500 ,      730 ,Americas,51,2,,,,,,,,,
2010,1400[970–1900]        ,        1400 ,      970 ,     1900 ,Africa,52,2,,,,,,,,,
2010,620[500–980]          ,         620 ,      500 ,      980 ,Africa,53,2,,,,,,,,,
2010,200[200–200]          ,         200 ,      200 ,      200 ,Europe,54,2,,,,,,,,,
2010,3800[3400–4200]       ,        3800 ,     3400 ,     4200 ,Africa,55,2,,,,,,,,,
2010,20000[12000–35000]    ,       20000 ,    12000 ,    35000 ,Africa,56,2,,,,,,,,,
2010,na                    ,             ,          ,          ,Western Pacific,57,2,,,,,,,,,
2010,100[100–100]          ,         100 ,      100 ,      100 ,Europe,58,2,,,,,,,,,
2010,600[500–780]          ,         600 ,      500 ,      780 ,Europe,59,2,,,,,,,,,
2010,1600[1100–2100]       ,        1600 ,     1100 ,     2100 ,Africa,60,2,,,,,,,,,
2010,970[660–1400]         ,         970 ,      660 ,     1400 ,Africa,61,2,,,,,,,,,
2010,100[100–100]          ,         100 ,      100 ,      100 ,Europe,62,2,,,,,,,,,
2010,500[500–720]          ,         500 ,      500 ,      720 ,Europe,63,2,,,,,,,,,
2010,17000[14000–19000]    ,       17000 ,    14000 ,    19000 ,Africa,64,2,,,,,,,,,
2010,na                    ,             ,          ,          ,Europe,65,2,,,,,,,,,
2010,1700[1500–1900]       ,        1700 ,     1500 ,     1900 ,Americas,66,2,,,,,,,,,
2010,4100[3300–5000]       ,        4100 ,     3300 ,     5000 ,Africa,67,2,,,,,,,,,
2010,1900[1500–2200]       ,        1900 ,     1500 ,     2200 ,Africa,68,2,,,,,,,,,
2010,100[100–200]          ,         100 ,      100 ,      200 ,Americas,69,2,,,,,,,,,
2010,4900[3800–6600]       ,        4900 ,     3800 ,     6600 ,Americas,70,2,,,,,,,,,
2010,1400[990–1800]        ,        1400 ,      990 ,     1800 ,Americas,71,2,,,,,,,,,
2010,100[100–100]          ,         100 ,      100 ,      100 ,Europe,72,2,,,,,,,,,
2010,100[100–100]          ,         100 ,      100 ,      100 ,Europe,73,2,,,,,,,,,
2010,na                    ,             ,          ,          ,South-East Asia,74,2,,,,,,,,,
2010,24000[19000–28000]    ,       24000 ,    19000 ,    28000 ,South-East Asia,75,2,,,,,,,,,
2010,2400[1700–3500]       ,        2400 ,     1700 ,     3500 ,Eastern Mediterranean,76,2,,,,,,,,,
2010,100[100–100]          ,         100 ,      100 ,      100 ,Europe,77,2,,,,,,,,,
2010,100[100–100]          ,         100 ,      100 ,      100 ,Europe,78,2,,,,,,,,,
2010,830[620–1100]         ,         830 ,      620 ,     1100 ,Europe,79,2,,,,,,,,,
2010,1800[1500–2100]       ,        1800 ,     1500 ,     2100 ,Americas,80,2,,,,,,,,,
2010,na                    ,             ,          ,          ,Western Pacific,81,2,,,,,,,,,
2010,100[100–100]          ,         100 ,      100 ,      100 ,Eastern Mediterranean,82,2,,,,,,,,,
2010,500[500–500]          ,         500 ,      500 ,      500 ,Europe,83,2,,,,,,,,,
2010,56000[41000–86000]    ,       56000 ,    41000 ,    86000 ,Africa,84,2,,,,,,,,,
2010,100[100–100]          ,         100 ,      100 ,      100 ,Eastern Mediterranean,85,2,,,,,,,,,
2010,200[100–200]          ,         200 ,      100 ,      200 ,Europe,86,2,,,,,,,,,
2010,500[500–500]          ,         500 ,      500 ,      500 ,Western Pacific,87,2,,,,,,,,,
2010,200[200–200]          ,         200 ,      200 ,      200 ,Europe,88,2,,,,,,,,,
2010,100[100–100]          ,         100 ,      100 ,      100 ,Eastern Mediterranean,89,2,,,,,,,,,
2010,7200[5600–10000]      ,        7200 ,     5600 ,    10000 ,Africa,90,2,,,,,,,,,
2010,2700[2600–2900]       ,        2700 ,     2600 ,     2900 ,Africa,91,2,,,,,,,,,
2010,100[100–200]          ,         100 ,      100 ,      200 ,Eastern Mediterranean,92,2,,,,,,,,,
2010,na                    ,             ,          ,          ,Europe,93,2,,,,,,,,,
2010,100[100–100]          ,         100 ,      100 ,      100 ,Europe,94,2,,,,,,,,,
2010,1400[1000–1700]       ,        1400 ,     1000 ,     1700 ,Africa,95,2,,,,,,,,,
2010,29000[25000–33000]    ,       29000 ,    25000 ,    33000 ,Africa,96,2,,,,,,,,,
2010,2900[2400–3300]       ,        2900 ,     2400 ,     3300 ,Western Pacific,97,2,,,,,,,,,
2010,na                    ,             ,          ,          ,South-East Asia,98,2,,,,,,,,,
2010,5300[4100–6700]       ,        5300 ,     4100 ,     6700 ,Africa,99,2,,,,,,,,,
2010,na                    ,             ,          ,          ,Europe,100,2,,,,,,,,,
2010,500[500–500]          ,         500 ,      500 ,      500 ,Africa,101,2,,,,,,,,,
2010,500[500–680]          ,         500 ,      500 ,      680 ,Africa,102,2,,,,,,,,,
2010,na                    ,             ,          ,          ,Americas,103,2,,,,,,,,,
2010,100[100–100]          ,         100 ,      100 ,      100 ,Western Pacific,104,2,,,,,,,,,
2010,100[100–100]          ,         100 ,      100 ,      100 ,Europe,105,2,,,,,,,,,
2010,550[500–840]          ,         550 ,      500 ,      840 ,Eastern Mediterranean,106,2,,,,,,,,,
2010,64000[46000–87000]    ,       64000 ,    46000 ,    87000 ,Africa,107,2,,,,,,,,,
2010,11000[9600–13000]     ,       11000 ,     9600 ,    13000 ,South-East Asia,108,2,,,,,,,,,
2010,3500[3000–3900]       ,        3500 ,     3000 ,     3900 ,Africa,109,2,,,,,,,,,
2010,1400[1200–1700]       ,        1400 ,     1200 ,     1700 ,South-East Asia,110,2,,,,,,,,,
2010,200[200–500]          ,         200 ,      200 ,      500 ,Europe,111,2,,,,,,,,,
2010,100[100–100]          ,         100 ,      100 ,      100 ,Western Pacific,112,2,,,,,,,,,
2010,500[200–500]          ,         500 ,      200 ,      500 ,Americas,113,2,,,,,,,,,
2010,1700[1300–2100]       ,        1700 ,     1300 ,     2100 ,Africa,114,2,,,,,,,,,
2010,72000[42000–120000]   ,       72000 ,    42000 ,   120000 ,Africa,115,2,,,,,,,,,
2010,100[100–100]          ,         100 ,      100 ,      100 ,Europe,116,2,,,,,,,,,
2010,100[100–100]          ,         100 ,      100 ,      100 ,Eastern Mediterranean,117,2,,,,,,,,,
2010,1400[870–1900]        ,        1400 ,      870 ,     1900 ,Eastern Mediterranean,118,2,,,,,,,,,
2010,500[500–570]          ,         500 ,      500 ,      570 ,Americas,119,2,,,,,,,,,
2010,na                    ,             ,          ,          ,Western Pacific,120,2,,,,,,,,,
2010,790[540–1200]         ,         790 ,      540 ,     1200 ,Americas,121,2,,,,,,,,,
2010,2100[1400–3300]       ,        2100 ,     1400 ,     3300 ,Americas,122,2,,,,,,,,,
2010,500[200–500]          ,         500 ,      200 ,      500 ,Western Pacific,123,2,,,,,,,,,
2010,na                    ,             ,          ,          ,Europe,124,2,,,,,,,,,
2010,930[730–1200]         ,         930 ,      730 ,     1200 ,Europe,125,2,,,,,,,,,
2010,na                    ,             ,          ,          ,Eastern Mediterranean,126,2,,,,,,,,,
2010,na                    ,             ,          ,          ,Western Pacific,127,2,,,,,,,,,
2010,740[510–1100]         ,         740 ,      510 ,     1100 ,Europe,128,2,,,,,,,,,
2010,100[100–100]          ,         100 ,      100 ,      100 ,Europe,129,2,,,,,,,,,
2010,200[100–200]          ,         200 ,      100 ,      200 ,Europe,130,2,,,,,,,,,
2010,na                    ,             ,          ,          ,Europe,131,2,,,,,,,,,
2010,5700[4700–7100]       ,        5700 ,     4700 ,     7100 ,Africa,132,2,,,,,,,,,
2010,na                    ,             ,          ,          ,Eastern Mediterranean,133,2,,,,,,,,,
2010,1300[1000–1800]       ,        1300 ,     1000 ,     1800 ,Africa,134,2,,,,,,,,,
2010,100[100–100]          ,         100 ,      100 ,      100 ,Europe,135,2,,,,,,,,,
2010,2900[2400–3600]       ,        2900 ,     2400 ,     3600 ,Africa,136,2,,,,,,,,,
2010,100[100–200]          ,         100 ,      100 ,      200 ,Western Pacific,137,2,,,,,,,,,
2010,100[100–100]          ,         100 ,      100 ,      100 ,Europe,138,2,,,,,,,,,
2010,100[100–100]          ,         100 ,      100 ,      100 ,Europe,139,2,,,,,,,,,
2010,1400[1200–1700]       ,        1400 ,     1200 ,     1700 ,Eastern Mediterranean,140,2,,,,,,,,,
2010,140000[110000–170000] ,      140000 ,   110000 ,   170000 ,Africa,141,2,,,,,,,,,
2010,9800[7300–13000]      ,        9800 ,     7300 ,    13000 ,Africa,142,2,,,,,,,,,
2010,1300[1100–1700]       ,        1300 ,     1100 ,     1700 ,Europe,143,2,,,,,,,,,
2010,500[200–500]          ,         500 ,      200 ,      500 ,South-East Asia,144,2,,,,,,,,,
2010,1900[1300–2600]       ,        1900 ,     1300 ,     2600 ,Eastern Mediterranean,145,2,,,,,,,,,
2010,200[100–500]          ,         200 ,      100 ,      500 ,Americas,146,2,,,,,,,,,
2010,na                    ,             ,          ,          ,Europe,147,2,,,,,,,,,
2010,na                    ,             ,          ,          ,Europe,148,2,,,,,,,,,
2010,100[100–100]          ,         100 ,      100 ,      100 ,Eastern Mediterranean,149,2,,,,,,,,,
2010,500[500–560]          ,         500 ,      500 ,      560 ,Europe,150,2,,,,,,,,,
2010,27000[19000–36000]    ,       27000 ,    19000 ,    36000 ,South-East Asia,151,2,,,,,,,,,
2010,na                    ,             ,          ,          ,South-East Asia,152,2,,,,,,,,,
2010,5700[5100–6300]       ,        5700 ,     5100 ,     6300 ,Africa,153,2,,,,,,,,,
2010,na                    ,             ,          ,          ,Americas,154,2,,,,,,,,,
2010,100[100–100]          ,         100 ,      100 ,      100 ,Eastern Mediterranean,155,2,,,,,,,,,
2010,na                    ,             ,          ,          ,Europe,156,2,,,,,,,,,
2010,na                    ,             ,          ,          ,Europe,157,2,,,,,,,,,
2010,56000[48000–66000]    ,       56000 ,    48000 ,    66000 ,Africa,158,2,,,,,,,,,
2010,12000[10000–15000]    ,       12000 ,    10000 ,    15000 ,Europe,159,2,,,,,,,,,
2010,na                    ,             ,          ,          ,Eastern Mediterranean,160,2,,,,,,,,,
2010,na                    ,             ,          ,          ,Europe,161,2,,,,,,,,,
2010,48000[42000–53000]    ,       48000 ,    42000 ,    53000 ,Africa,162,2,,,,,,,,,
2010,na                    ,             ,          ,          ,Americas,163,2,,,,,,,,,
2010,500[200–500]          ,         500 ,      200 ,      500 ,Americas,164,2,,,,,,,,,
2010,1800[1700–1900]       ,        1800 ,     1700 ,     1900 ,Europe,165,2,,,,,,,,,
2010,na                    ,             ,          ,          ,Americas,166,2,,,,,,,,,
2010,8500[6400–9800]       ,        8500 ,     6400 ,     9800 ,Western Pacific,167,2,,,,,,,,,
2010,200[100–500]          ,         200 ,      100 ,      500 ,Eastern Mediterranean,168,2,,,,,,,,,
2010,26000[21000–35000]    ,       26000 ,    21000 ,    35000 ,Africa,169,2,,,,,,,,,
2010,54000[43000–68000]    ,       54000 ,    43000 ,    68000 ,Africa,170,2,,,,,,,,,
2000,100[100–500]          ,         100 ,      100 ,      500 ,Eastern Mediterranean,1,2,,,,,,,,,
2000,na                    ,             ,          ,          ,Europe,2,2,,,,,,,,,
2000,100[100–100]          ,         100 ,      100 ,      100 ,Africa,3,2,,,,,,,,,
2000,4800[3500–6400]       ,        4800 ,     3500 ,     6400 ,Africa,4,2,,,,,,,,,
2000,1400[1200–1700]       ,        1400 ,     1200 ,     1700 ,Americas,5,2,,,,,,,,,
2000,100[100–100]          ,         100 ,      100 ,      100 ,Europe,6,2,,,,,,,,,
2000,500[200–500]          ,         500 ,      200 ,      500 ,Western Pacific,7,2,,,,,,,,,
2000,na                    ,             ,          ,          ,Europe,8,2,,,,,,,,,
2000,na                    ,             ,          ,          ,Europe,9,2,,,,,,,,,
2000,500[500–500]          ,         500 ,      500 ,      500 ,Americas,10,2,,,,,,,,,
2000,na                    ,             ,          ,          ,Eastern Mediterranean,11,2,,,,,,,,,
2000,100[100–100]          ,         100 ,      100 ,      100 ,South-East Asia,12,2,,,,,,,,,
2000,100[100–100]          ,         100 ,      100 ,      100 ,Americas,13,2,,,,,,,,,
2000,100[100–100]          ,         100 ,      100 ,      100 ,Europe,14,2,,,,,,,,,
2000,na                    ,             ,          ,          ,Europe,15,2,,,,,,,,,
2000,100[100–100]          ,         100 ,      100 ,      100 ,Americas,16,2,,,,,,,,,
2000,2400[1200–4900]       ,        2400 ,     1200 ,     4900 ,Africa,17,2,,,,,,,,,
2000,100[100–100]          ,         100 ,      100 ,      100 ,South-East Asia,18,2,,,,,,,,,
2000,670[500–830]          ,         670 ,      500 ,      830 ,Americas,19,2,,,,,,,,,
2000,100[100–100]          ,         100 ,      100 ,      100 ,Europe,20,2,,,,,,,,,
2000,15000[13000–18000]    ,       15000 ,    13000 ,    18000 ,Africa,21,2,,,,,,,,,
2000,15000[11000–20000]    ,       15000 ,    11000 ,    20000 ,Americas,22,2,,,,,,,,,
2000,na                    ,             ,          ,          ,Western Pacific,23,2,,,,,,,,,
2000,100[100–100]          ,         100 ,      100 ,      100 ,Europe,24,2,,,,,,,,,
2000,12000[9300–15000]     ,       12000 ,     9300 ,    15000 ,Africa,25,2,,,,,,,,,
2000,11000[7800–13000]     ,       11000 ,     7800 ,    13000 ,Africa,26,2,,,,,,,,,
2000,200[100–200]          ,         200 ,      100 ,      200 ,Africa,27,2,,,,,,,,,
2000,4500[3200–5800]       ,        4500 ,     3200 ,     5800 ,Western Pacific,28,2,,,,,,,,,
2000,19000[15000–24000]    ,       19000 ,    15000 ,    24000 ,Africa,29,2,,,,,,,,,
2000,na                    ,             ,          ,          ,Americas,30,2,,,,,,,,,
2000,11000[8400–14000]     ,       11000 ,     8400 ,    14000 ,Africa,31,2,,,,,,,,,
2000,5600[3800–7700]       ,        5600 ,     3800 ,     7700 ,Africa,32,2,,,,,,,,,
2000,na                    ,             ,          ,          ,Americas,33,2,,,,,,,,,
2000,na                    ,             ,          ,          ,Western Pacific,34,2,,,,,,,,,
2000,na                    ,             ,          ,          ,Americas,35,2,,,,,,,,,
2000,100[100–100]          ,         100 ,      100 ,      100 ,Africa,36,2,,,,,,,,,
2000,6100[4700–7800]       ,        6100 ,     4700 ,     7800 ,Americas,37,2,,,,,,,,,
2000,500[500–500]          ,         500 ,      500 ,      500 ,Americas,38,2,,,,,,,,,
2000,44000[32000–63000]    ,       44000 ,    32000 ,    63000 ,Africa,39,2,,,,,,,,,
2000,100[100–100]          ,         100 ,      100 ,      100 ,Europe,40,2,,,,,,,,,
2000,200[200–500]          ,         200 ,      200 ,      500 ,Americas,41,2,,,,,,,,,
2000,na                    ,             ,          ,          ,Europe,42,2,,,,,,,,,
2000,100[100–100]          ,         100 ,      100 ,      100 ,Europe,43,2,,,,,,,,,
2000,na                    ,             ,          ,          ,Western Pacific,44,2,,,,,,,,,
2000,43000[35000–49000]    ,       43000 ,    35000 ,    49000 ,Africa,45,2,,,,,,,,,
2000,100[100–100]          ,         100 ,      100 ,      100 ,Europe,46,2,,,,,,,,,
2000,500[500–690]          ,         500 ,      500 ,      690 ,Eastern Mediterranean,47,2,,,,,,,,,
2000,4800[3100–7100]       ,        4800 ,     3100 ,     7100 ,Americas,48,2,,,,,,,,,
2000,1500[620–2600]        ,        1500 ,      620 ,     2600 ,Americas,49,2,,,,,,,,,
2000,100[100–100]          ,         100 ,      100 ,      100 ,Eastern Mediterranean,50,2,,,,,,,,,
2000,810[580–1000]         ,         810 ,      580 ,     1000 ,Americas,51,2,,,,,,,,,
2000,680[500–1000]         ,         680 ,      500 ,     1000 ,Africa,52,2,,,,,,,,,
2000,1100[690–1500]        ,        1100 ,      690 ,     1500 ,Africa,53,2,,,,,,,,,
2000,100[100–100]          ,         100 ,      100 ,      100 ,Europe,54,2,,,,,,,,,
2000,5000[4000–6100]       ,        5000 ,     4000 ,     6100 ,Africa,55,2,,,,,,,,,
2000,58000[35000–100000]   ,       58000 ,    35000 ,   100000 ,Africa,56,2,,,,,,,,,
2000,na                    ,             ,          ,          ,Western Pacific,57,2,,,,,,,,,
2000,100[100–100]          ,         100 ,      100 ,      100 ,Europe,58,2,,,,,,,,,
2000,880[720–1000]         ,         880 ,      720 ,     1000 ,Europe,59,2,,,,,,,,,
2000,1600[1100–2300]       ,        1600 ,     1100 ,     2300 ,Africa,60,2,,,,,,,,,
2000,500[500–620]          ,         500 ,      500 ,      620 ,Africa,61,2,,,,,,,,,
2000,100[100–100]          ,         100 ,      100 ,      100 ,Europe,62,2,,,,,,,,,
2000,880[690–1100]         ,         880 ,      690 ,     1100 ,Europe,63,2,,,,,,,,,
2000,18000[15000–22000]    ,       18000 ,    15000 ,    22000 ,Africa,64,2,,,,,,,,,
2000,na                    ,             ,          ,          ,Europe,65,2,,,,,,,,,
2000,2400[2000–2700]       ,        2400 ,     2000 ,     2700 ,Americas,66,2,,,,,,,,,
2000,5000[3400–7000]       ,        5000 ,     3400 ,     7000 ,Africa,67,2,,,,,,,,,
2000,1100[850–1400]        ,        1100 ,      850 ,     1400 ,Africa,68,2,,,,,,,,,
2000,100[100–200]          ,         100 ,      100 ,      200 ,Americas,69,2,,,,,,,,,
2000,12000[9400–15000]     ,       12000 ,     9400 ,    15000 ,Americas,70,2,,,,,,,,,
2000,3200[2300–4000]       ,        3200 ,     2300 ,     4000 ,Americas,71,2,,,,,,,,,
2000,100[100–100]          ,         100 ,      100 ,      100 ,Europe,72,2,,,,,,,,,
2000,100[100–100]          ,         100 ,      100 ,      100 ,Europe,73,2,,,,,,,,,
2000,na                    ,             ,          ,          ,South-East Asia,74,2,,,,,,,,,
2000,1900[1200–2500]       ,        1900 ,     1200 ,     2500 ,South-East Asia,75,2,,,,,,,,,
2000,500[500–1400]         ,         500 ,      500 ,     1400 ,Eastern Mediterranean,76,2,,,,,,,,,
2000,100[100–100]          ,         100 ,      100 ,      100 ,Europe,77,2,,,,,,,,,
2000,100[100–100]          ,         100 ,      100 ,      100 ,Europe,78,2,,,,,,,,,
2000,1200[1000–1500]       ,        1200 ,     1000 ,     1500 ,Europe,79,2,,,,,,,,,
2000,2400[1900–3100]       ,        2400 ,     1900 ,     3100 ,Americas,80,2,,,,,,,,,
2000,na                    ,             ,          ,          ,Western Pacific,81,2,,,,,,,,,
2000,100[100–100]          ,         100 ,      100 ,      100 ,Eastern Mediterranean,82,2,,,,,,,,,
2000,100[100–100]          ,         100 ,      100 ,      100 ,Europe,83,2,,,,,,,,,
2000,120000[88000–190000]  ,      120000 ,    88000 ,   190000 ,Africa,84,2,,,,,,,,,
2000,100[100–100]          ,         100 ,      100 ,      100 ,Eastern Mediterranean,85,2,,,,,,,,,
2000,100[100–100]          ,         100 ,      100 ,      100 ,Europe,86,2,,,,,,,,,
2000,100[100–100]          ,         100 ,      100 ,      100 ,Western Pacific,87,2,,,,,,,,,
2000,100[100–200]          ,         100 ,      100 ,      200 ,Europe,88,2,,,,,,,,,
2000,100[100–100]          ,         100 ,      100 ,      100 ,Eastern Mediterranean,89,2,,,,,,,,,
2000,12000[9000–16000]     ,       12000 ,     9000 ,    16000 ,Africa,90,2,,,,,,,,,
2000,3000[2600–3400]       ,        3000 ,     2600 ,     3400 ,Africa,91,2,,,,,,,,,
2000,100[100–100]          ,         100 ,      100 ,      100 ,Eastern Mediterranean,92,2,,,,,,,,,
2000,na                    ,             ,          ,          ,Europe,93,2,,,,,,,,,
2000,100[100–100]          ,         100 ,      100 ,      100 ,Europe,94,2,,,,,,,,,
2000,500[200–930]          ,         500 ,      200 ,      930 ,Africa,95,2,,,,,,,,,
2000,57000[49000–65000]    ,       57000 ,    49000 ,    65000 ,Africa,96,2,,,,,,,,,
2000,2700[2200–3200]       ,        2700 ,     2200 ,     3200 ,Western Pacific,97,2,,,,,,,,,
2000,na                    ,             ,          ,          ,South-East Asia,98,2,,,,,,,,,
2000,7700[5600–9800]       ,        7700 ,     5600 ,     9800 ,Africa,99,2,,,,,,,,,
2000,na                    ,             ,          ,          ,Europe,100,2,,,,,,,,,
2000,500[200–500]          ,         500 ,      200 ,      500 ,Africa,101,2,,,,,,,,,
2000,100[100–200]          ,         100 ,      100 ,      200 ,Africa,102,2,,,,,,,,,
2000,na                    ,             ,          ,          ,Americas,103,2,,,,,,,,,
2000,100[100–100]          ,         100 ,      100 ,      100 ,Western Pacific,104,2,,,,,,,,,
2000,100[100–100]          ,         100 ,      100 ,      100 ,Europe,105,2,,,,,,,,,
2000,500[500–680]          ,         500 ,      500 ,      680 ,Eastern Mediterranean,106,2,,,,,,,,,
2000,40000[29000–54000]    ,       40000 ,    29000 ,    54000 ,Africa,107,2,,,,,,,,,
2000,5800[4600–6800]       ,        5800 ,     4600 ,     6800 ,South-East Asia,108,2,,,,,,,,,
2000,7300[5700–9100]       ,        7300 ,     5700 ,     9100 ,Africa,109,2,,,,,,,,,
2000,500[500–500]          ,         500 ,      500 ,      500 ,South-East Asia,110,2,,,,,,,,,
2000,200[200–200]          ,         200 ,      200 ,      200 ,Europe,111,2,,,,,,,,,
2000,100[100–100]          ,         100 ,      100 ,      100 ,Western Pacific,112,2,,,,,,,,,
2000,100[100–500]          ,         100 ,      100 ,      500 ,Americas,113,2,,,,,,,,,
2000,2300[1700–3000]       ,        2300 ,     1700 ,     3000 ,Africa,114,2,,,,,,,,,
2000,78000[45000–130000]   ,       78000 ,    45000 ,   130000 ,Africa,115,2,,,,,,,,,
2000,100[100–100]          ,         100 ,      100 ,      100 ,Europe,116,2,,,,,,,,,
2000,100[100–100]          ,         100 ,      100 ,      100 ,Eastern Mediterranean,117,2,,,,,,,,,
2000,100[100–100]          ,         100 ,      100 ,      100 ,Eastern Mediterranean,118,2,,,,,,,,,
2000,500[500–500]          ,         500 ,      500 ,      500 ,Americas,119,2,,,,,,,,,
2000,na                    ,             ,          ,          ,Western Pacific,120,2,,,,,,,,,
2000,500[200–920]          ,         500 ,      200 ,      920 ,Americas,121,2,,,,,,,,,
2000,5100[3800–7000]       ,        5100 ,     3800 ,     7000 ,Americas,122,2,,,,,,,,,
2000,100[100–100]          ,         100 ,      100 ,      100 ,Western Pacific,123,2,,,,,,,,,
2000,na                    ,             ,          ,          ,Europe,124,2,,,,,,,,,
2000,1100[890–1400]        ,        1100 ,      890 ,     1400 ,Europe,125,2,,,,,,,,,
2000,na                    ,             ,          ,          ,Eastern Mediterranean,126,2,,,,,,,,,
2000,na                    ,             ,          ,          ,Western Pacific,127,2,,,,,,,,,
2000,500[500–500]          ,         500 ,      500 ,      500 ,Europe,128,2,,,,,,,,,
2000,100[100–100]          ,         100 ,      100 ,      100 ,Europe,129,2,,,,,,,,,
2000,500[500–500]          ,         500 ,      500 ,      500 ,Europe,130,2,,,,,,,,,
2000,na                    ,             ,          ,          ,Europe,131,2,,,,,,,,,
2000,18000[14000–22000]    ,       18000 ,    14000 ,    22000 ,Africa,132,2,,,,,,,,,
2000,na                    ,             ,          ,          ,Eastern Mediterranean,133,2,,,,,,,,,
2000,1700[1300–2300]       ,        1700 ,     1300 ,     2300 ,Africa,134,2,,,,,,,,,
2000,200[100–200]          ,         200 ,      100 ,      200 ,Europe,135,2,,,,,,,,,
2000,2400[1600–3300]       ,        2400 ,     1600 ,     3300 ,Africa,136,2,,,,,,,,,
2000,na                    ,             ,          ,          ,Western Pacific,137,2,,,,,,,,,
2000,100[100–100]          ,         100 ,      100 ,      100 ,Europe,138,2,,,,,,,,,
2000,100[100–100]          ,         100 ,      100 ,      100 ,Europe,139,2,,,,,,,,,
2000,810[560–1100]         ,         810 ,      560 ,     1100 ,Eastern Mediterranean,140,2,,,,,,,,,
2000,100000[68000–140000]  ,      100000 ,    68000 ,   140000 ,Africa,141,2,,,,,,,,,
2000,5100[2600–7500]       ,        5100 ,     2600 ,     7500 ,Africa,142,2,,,,,,,,,
2000,1800[1500–2300]       ,        1800 ,     1500 ,     2300 ,Europe,143,2,,,,,,,,,
2000,100[100–100]          ,         100 ,      100 ,      100 ,South-East Asia,144,2,,,,,,,,,
2000,650[500–1700]         ,         650 ,      500 ,     1700 ,Eastern Mediterranean,145,2,,,,,,,,,
2000,200[100–500]          ,         200 ,      100 ,      500 ,Americas,146,2,,,,,,,,,
2000,na                    ,             ,          ,          ,Europe,147,2,,,,,,,,,
2000,na                    ,             ,          ,          ,Europe,148,2,,,,,,,,,
2000,100[100–100]          ,         100 ,      100 ,      100 ,Eastern Mediterranean,149,2,,,,,,,,,
2000,100[100–100]          ,         100 ,      100 ,      100 ,Europe,150,2,,,,,,,,,
2000,54000[45000–62000]    ,       54000 ,    45000 ,    62000 ,South-East Asia,151,2,,,,,,,,,
2000,na                    ,             ,          ,          ,South-East Asia,152,2,,,,,,,,,
2000,5600[5000–6300]       ,        5600 ,     5000 ,     6300 ,Africa,153,2,,,,,,,,,
2000,na                    ,             ,          ,          ,Americas,154,2,,,,,,,,,
2000,100[100–100]          ,         100 ,      100 ,      100 ,Eastern Mediterranean,155,2,,,,,,,,,
2000,na                    ,             ,          ,          ,Europe,156,2,,,,,,,,,
2000,na                    ,             ,          ,          ,Europe,157,2,,,,,,,,,
2000,85000[75000–99000]    ,       85000 ,    75000 ,    99000 ,Africa,158,2,,,,,,,,,
2000,4500[3100–6200]       ,        4500 ,     3100 ,     6200 ,Europe,159,2,,,,,,,,,
2000,na                    ,             ,          ,          ,Eastern Mediterranean,160,2,,,,,,,,,
2000,na                    ,             ,          ,          ,Europe,161,2,,,,,,,,,
2000,80000[69000–90000]    ,       80000 ,    69000 ,    90000 ,Africa,162,2,,,,,,,,,
2000,na                    ,             ,          ,          ,Americas,163,2,,,,,,,,,
2000,500[100–500]          ,         500 ,      100 ,      500 ,Americas,164,2,,,,,,,,,
2000,840[740–920]          ,         840 ,      740 ,      920 ,Europe,165,2,,,,,,,,,
2000,na                    ,             ,          ,          ,Americas,166,2,,,,,,,,,
2000,6100[4300–7800]       ,        6100 ,     4300 ,     7800 ,Western Pacific,167,2,,,,,,,,,
2000,100[100–200]          ,         100 ,      100 ,      200 ,Eastern Mediterranean,168,2,,,,,,,,,
2000,62000[49000–81000]    ,       62000 ,    49000 ,    81000 ,Africa,169,2,,,,,,,,,
2000,120000[98000–150000]  ,      120000 ,    98000 ,   150000 ,Africa,170,2,,,,,,,,,
2018,7200[4100–11000]         ,        7200 ,     4100 ,    11000 ,Eastern Mediterranean,1,3,,,,,,,,,
2018,na                       ,             ,          ,          ,Europe,2,3,,,,,,,,,
2018,16000[15000–17000]       ,       16000 ,    15000 ,    17000 ,Africa,3,3,,,,,,,,,
2018,330000[290000–390000]    ,      330000 ,   290000 ,   390000 ,Africa,4,3,,,,,,,,,
2018,140000[130000–150000]    ,      140000 ,   130000 ,   150000 ,Americas,5,3,,,,,,,,,
2018,3500[3000–4400]          ,        3500 ,     3000 ,     4400 ,Europe,6,3,,,,,,,,,
2018,28000[23000–31000]       ,       28000 ,    23000 ,    31000 ,Western Pacific,7,3,,,,,,,,,
2018,na                       ,             ,          ,          ,Europe,8,3,,,,,,,,,
2018,na                       ,             ,          ,          ,Europe,9,3,,,,,,,,,
2018,6000[5300–6700]          ,        6000 ,     5300 ,     6700 ,Americas,10,3,,,,,,,,,
2018,na                       ,             ,          ,          ,Eastern Mediterranean,11,3,,,,,,,,,
2018,14000[12000–16000]       ,       14000 ,    12000 ,    16000 ,South-East Asia,12,3,,,,,,,,,
2018,3000[2700–3400]          ,        3000 ,     2700 ,     3400 ,Americas,13,3,,,,,,,,,
2018,27000[22000–34000]       ,       27000 ,    22000 ,    34000 ,Europe,14,3,,,,,,,,,
2018,na                       ,             ,          ,          ,Europe,15,3,,,,,,,,,
2018,4900[4400–5400]          ,        4900 ,     4400 ,     5400 ,Americas,16,3,,,,,,,,,
2018,73000[48000–120000]      ,       73000 ,    48000 ,   120000 ,Africa,17,3,,,,,,,,,
2018,1300[700–2700]           ,        1300 ,      700 ,     2700 ,South-East Asia,18,3,,,,,,,,,
2018,22000[20000–24000]       ,       22000 ,    20000 ,    24000 ,Americas,19,3,,,,,,,,,
2018,500[500–500]             ,         500 ,      500 ,      500 ,Europe,20,3,,,,,,,,,
2018,370000[330000–400000]    ,      370000 ,   330000 ,   400000 ,Africa,21,3,,,,,,,,,
2018,900000[690000–1100000]   ,      900000 ,   690000 ,  1100000 ,Americas,22,3,,,,,,,,,
2018,na                       ,             ,          ,          ,Western Pacific,23,3,,,,,,,,,
2018,3500[3000–4100]          ,        3500 ,     3000 ,     4100 ,Europe,24,3,,,,,,,,,
2018,96000[78000–120000]      ,       96000 ,    78000 ,   120000 ,Africa,25,3,,,,,,,,,
2018,82000[71000–97000]       ,       82000 ,    71000 ,    97000 ,Africa,26,3,,,,,,,,,
2018,2400[2100–2900]          ,        2400 ,     2100 ,     2900 ,Africa,27,3,,,,,,,,,
2018,73000[64000–84000]       ,       73000 ,    64000 ,    84000 ,Western Pacific,28,3,,,,,,,,,
2018,540000[470000–590000]    ,      540000 ,   470000 ,   590000 ,Africa,29,3,,,,,,,,,
2018,na                       ,             ,          ,          ,Americas,30,3,,,,,,,,,
2018,110000[90000–140000]     ,      110000 ,    90000 ,   140000 ,Africa,31,3,,,,,,,,,
2018,120000[94000–150000]     ,      120000 ,    94000 ,   150000 ,Africa,32,3,,,,,,,,,
2018,71000[63000–78000]       ,       71000 ,    63000 ,    78000 ,Americas,33,3,,,,,,,,,
2018,na                       ,             ,          ,          ,Western Pacific,34,3,,,,,,,,,
2018,160000[130000–180000]    ,      160000 ,   130000 ,   180000 ,Americas,35,3,,,,,,,,,
2018,200[100–500]             ,         200 ,      100 ,      500 ,Africa,36,3,,,,,,,,,
2018,89000[69000–120000]      ,       89000 ,    69000 ,   120000 ,Americas,37,3,,,,,,,,,
2018,15000[13000–17000]       ,       15000 ,    13000 ,    17000 ,Americas,38,3,,,,,,,,,
2018,460000[360000–580000]    ,      460000 ,   360000 ,   580000 ,Africa,39,3,,,,,,,,,
2018,1600[1400–1700]          ,        1600 ,     1400 ,     1700 ,Europe,40,3,,,,,,,,,
2018,31000[24000–37000]       ,       31000 ,    24000 ,    37000 ,Americas,41,3,,,,,,,,,
2018,na                       ,             ,          ,          ,Europe,42,3,,,,,,,,,
2018,4400[3700–5000]          ,        4400 ,     3700 ,     5000 ,Europe,43,3,,,,,,,,,
2018,na                       ,             ,          ,          ,Western Pacific,44,3,,,,,,,,,
2018,450000[370000–530000]    ,      450000 ,   370000 ,   530000 ,Africa,45,3,,,,,,,,,
2018,6200[5600–7000]          ,        6200 ,     5600 ,     7000 ,Europe,46,3,,,,,,,,,
2018,8800[7100–11000]         ,        8800 ,     7100 ,    11000 ,Eastern Mediterranean,47,3,,,,,,,,,
2018,70000[54000–92000]       ,       70000 ,    54000 ,    92000 ,Americas,48,3,,,,,,,,,
2018,44000[29000–71000]       ,       44000 ,    29000 ,    71000 ,Americas,49,3,,,,,,,,,
2018,22000[20000–24000]       ,       22000 ,    20000 ,    24000 ,Eastern Mediterranean,50,3,,,,,,,,,
2018,25000[21000–30000]       ,       25000 ,    21000 ,    30000 ,Americas,51,3,,,,,,,,,
2018,62000[50000–81000]       ,       62000 ,    50000 ,    81000 ,Africa,52,3,,,,,,,,,
2018,18000[13000–24000]       ,       18000 ,    13000 ,    24000 ,Africa,53,3,,,,,,,,,
2018,7400[6600–8200]          ,        7400 ,     6600 ,     8200 ,Europe,54,3,,,,,,,,,
2018,210000[190000–220000]    ,      210000 ,   190000 ,   220000 ,Africa,55,3,,,,,,,,,
2018,690000[530000–900000]    ,      690000 ,   530000 ,   900000 ,Africa,56,3,,,,,,,,,
2018,na                       ,             ,          ,          ,Western Pacific,57,3,,,,,,,,,
2018,4000[3100–4900]          ,        4000 ,     3100 ,     4900 ,Europe,58,3,,,,,,,,,
2018,180000[150000–210000]    ,      180000 ,   150000 ,   210000 ,Europe,59,3,,,,,,,,,
2018,53000[43000–67000]       ,       53000 ,    43000 ,    67000 ,Africa,60,3,,,,,,,,,
2018,26000[21000–33000]       ,       26000 ,    21000 ,    33000 ,Africa,61,3,,,,,,,,,
2018,9400[8100–11000]         ,        9400 ,     8100 ,    11000 ,Europe,62,3,,,,,,,,,
2018,87000[71000–100000]      ,       87000 ,    71000 ,   100000 ,Europe,63,3,,,,,,,,,
2018,330000[280000–390000]    ,      330000 ,   280000 ,   390000 ,Africa,64,3,,,,,,,,,
2018,na                       ,             ,          ,          ,Europe,65,3,,,,,,,,,
2018,47000[43000–51000]       ,       47000 ,    43000 ,    51000 ,Americas,66,3,,,,,,,,,
2018,120000[100000–140000]    ,      120000 ,   100000 ,   140000 ,Africa,67,3,,,,,,,,,
2018,44000[39000–49000]       ,       44000 ,    39000 ,    49000 ,Africa,68,3,,,,,,,,,
2018,8200[7200–9400]          ,        8200 ,     7200 ,     9400 ,Americas,69,3,,,,,,,,,
2018,160000[140000–180000]    ,      160000 ,   140000 ,   180000 ,Americas,70,3,,,,,,,,,
2018,23000[18000–28000]       ,       23000 ,    18000 ,    28000 ,Americas,71,3,,,,,,,,,
2018,3700[3200–4200]          ,        3700 ,     3200 ,     4200 ,Europe,72,3,,,,,,,,,
2018,500[500–500]             ,         500 ,      500 ,      500 ,Europe,73,3,,,,,,,,,
2018,na                       ,             ,          ,          ,South-East Asia,74,3,,,,,,,,,
2018,640000[550000–750000]    ,      640000 ,   550000 ,   750000 ,South-East Asia,75,3,,,,,,,,,
2018,61000[34000–120000]      ,       61000 ,    34000 ,   120000 ,Eastern Mediterranean,76,3,,,,,,,,,
2018,7200[6200–8000]          ,        7200 ,     6200 ,     8000 ,Europe,77,3,,,,,,,,,
2018,9000[8000–10000]         ,        9000 ,     8000 ,    10000 ,Europe,78,3,,,,,,,,,
2018,130000[110000–140000]    ,      130000 ,   110000 ,   140000 ,Europe,79,3,,,,,,,,,
2018,40000[35000–46000]       ,       40000 ,    35000 ,    46000 ,Americas,80,3,,,,,,,,,
2018,30000[25000–34000]       ,       30000 ,    25000 ,    34000 ,Western Pacific,81,3,,,,,,,,,
2018,500[500–500]             ,         500 ,      500 ,      500 ,Eastern Mediterranean,82,3,,,,,,,,,
2018,26000[24000–27000]       ,       26000 ,    24000 ,    27000 ,Europe,83,3,,,,,,,,,
2018,1600000[1300000–1900000] ,     1600000 ,  1300000 ,  1900000 ,Africa,84,3,,,,,,,,,
2018,640[580–700]             ,         640 ,      580 ,      700 ,Eastern Mediterranean,85,3,,,,,,,,,
2018,8500[6500–12000]         ,        8500 ,     6500 ,    12000 ,Europe,86,3,,,,,,,,,
2018,12000[11000–14000]       ,       12000 ,    11000 ,    14000 ,Western Pacific,87,3,,,,,,,,,
2018,5300[4800–5900]          ,        5300 ,     4800 ,     5900 ,Europe,88,3,,,,,,,,,
2018,2500[2200–2800]          ,        2500 ,     2200 ,     2800 ,Eastern Mediterranean,89,3,,,,,,,,,
2018,340000[320000–360000]    ,      340000 ,   320000 ,   360000 ,Africa,90,3,,,,,,,,,
2018,39000[36000–44000]       ,       39000 ,    36000 ,    44000 ,Africa,91,3,,,,,,,,,
2018,9200[8300–10000]         ,        9200 ,     8300 ,    10000 ,Eastern Mediterranean,92,3,,,,,,,,,
2018,na                       ,             ,          ,          ,Europe,93,3,,,,,,,,,
2018,1200[1000–1300]          ,        1200 ,     1000 ,     1300 ,Europe,94,3,,,,,,,,,
2018,39000[30000–55000]       ,       39000 ,    30000 ,    55000 ,Africa,95,3,,,,,,,,,
2018,1000000[940000–1100000]  ,     1000000 ,   940000 ,  1100000 ,Africa,96,3,,,,,,,,,
2018,87000[77000–98000]       ,       87000 ,    77000 ,    98000 ,Western Pacific,97,3,,,,,,,,,
2018,na                       ,             ,          ,          ,South-East Asia,98,3,,,,,,,,,
2018,150000[120000–190000]    ,      150000 ,   120000 ,   190000 ,Africa,99,3,,,,,,,,,
2018,na                       ,             ,          ,          ,Europe,100,3,,,,,,,,,
2018,5600[4500–7200]          ,        5600 ,     4500 ,     7200 ,Africa,101,3,,,,,,,,,
2018,13000[10000–15000]       ,       13000 ,    10000 ,    15000 ,Africa,102,3,,,,,,,,,
2018,230000[200000–270000]    ,      230000 ,   200000 ,   270000 ,Americas,103,3,,,,,,,,,
2018,600[530–670]             ,         600 ,      530 ,      670 ,Western Pacific,104,3,,,,,,,,,
2018,500[500–500]             ,         500 ,      500 ,      500 ,Europe,105,3,,,,,,,,,
2018,21000[17000–28000]       ,       21000 ,    17000 ,    28000 ,Eastern Mediterranean,106,3,,,,,,,,,
2018,2200000[1700000–2700000] ,     2200000 ,  1700000 ,  2700000 ,Africa,107,3,,,,,,,,,
2018,240000[210000–270000]    ,      240000 ,   210000 ,   270000 ,South-East Asia,108,3,,,,,,,,,
2018,200000[190000–220000]    ,      200000 ,   190000 ,   220000 ,Africa,109,3,,,,,,,,,
2018,30000[26000–34000]       ,       30000 ,    26000 ,    34000 ,South-East Asia,110,3,,,,,,,,,
2018,na                       ,             ,          ,          ,Europe,111,3,,,,,,,,,
2018,3600[3100–4200]          ,        3600 ,     3100 ,     4200 ,Western Pacific,112,3,,,,,,,,,
2018,9400[7600–12000]         ,        9400 ,     7600 ,    12000 ,Americas,113,3,,,,,,,,,
2018,36000[30000–43000]       ,       36000 ,    30000 ,    43000 ,Africa,114,3,,,,,,,,,
2018,1900000[1400000–2600000] ,     1900000 ,  1400000 ,  2600000 ,Africa,115,3,,,,,,,,,
2018,5800[5200–6300]          ,        5800 ,     5200 ,     6300 ,Europe,116,3,,,,,,,,,
2018,3200[2900–3600]          ,        3200 ,     2900 ,     3600 ,Eastern Mediterranean,117,3,,,,,,,,,
2018,160000[140000–190000]    ,      160000 ,   140000 ,   190000 ,Eastern Mediterranean,118,3,,,,,,,,,
2018,26000[24000–29000]       ,       26000 ,    24000 ,    29000 ,Americas,119,3,,,,,,,,,
2018,45000[41000–50000]       ,       45000 ,    41000 ,    50000 ,Western Pacific,120,3,,,,,,,,,
2018,21000[16000–31000]       ,       21000 ,    16000 ,    31000 ,Americas,121,3,,,,,,,,,
2018,79000[58000–110000]      ,       79000 ,    58000 ,   110000 ,Americas,122,3,,,,,,,,,
2018,77000[65000–90000]       ,       77000 ,    65000 ,    90000 ,Western Pacific,123,3,,,,,,,,,
2018,na                       ,             ,          ,          ,Europe,124,3,,,,,,,,,
2018,41000[36000–46000]       ,       41000 ,    36000 ,    46000 ,Europe,125,3,,,,,,,,,
2018,na                       ,             ,          ,          ,Eastern Mediterranean,126,3,,,,,,,,,
2018,na                       ,             ,          ,          ,Western Pacific,127,3,,,,,,,,,
2018,17000[14000–23000]       ,       17000 ,    14000 ,    23000 ,Europe,128,3,,,,,,,,,
2018,500[500–520]             ,         500 ,      500 ,      520 ,Europe,129,3,,,,,,,,,
2018,18000[16000–20000]       ,       18000 ,    16000 ,    20000 ,Europe,130,3,,,,,,,,,
2018,na                       ,             ,          ,          ,Europe,131,3,,,,,,,,,
2018,220000[200000–250000]    ,      220000 ,   200000 ,   250000 ,Africa,132,3,,,,,,,,,
2018,na                       ,             ,          ,          ,Eastern Mediterranean,133,3,,,,,,,,,
2018,42000[37000–47000]       ,       42000 ,    37000 ,    47000 ,Africa,134,3,,,,,,,,,
2018,3000[2200–3800]          ,        3000 ,     2200 ,     3800 ,Europe,135,3,,,,,,,,,
2018,70000[56000–86000]       ,       70000 ,    56000 ,    86000 ,Africa,136,3,,,,,,,,,
2018,7900[7200–8700]          ,        7900 ,     7200 ,     8700 ,Western Pacific,137,3,,,,,,,,,
2018,1200[910–1900]           ,        1200 ,      910 ,     1900 ,Europe,138,3,,,,,,,,,
2018,na                       ,             ,          ,          ,Europe,139,3,,,,,,,,,
2018,11000[8400–15000]        ,       11000 ,     8400 ,    15000 ,Eastern Mediterranean,140,3,,,,,,,,,
2018,7700000[7100000–8300000] ,     7700000 ,  7100000 ,  8300000 ,Africa,141,3,,,,,,,,,
2018,190000[140000–240000]    ,      190000 ,   140000 ,   240000 ,Africa,142,3,,,,,,,,,
2018,150000[130000–170000]    ,      150000 ,   130000 ,   170000 ,Europe,143,3,,,,,,,,,
2018,3500[3100–4000]          ,        3500 ,     3100 ,     4000 ,South-East Asia,144,3,,,,,,,,,
2018,59000[26000–110000]      ,       59000 ,    26000 ,   110000 ,Eastern Mediterranean,145,3,,,,,,,,,
2018,5600[3700–8100]          ,        5600 ,     3700 ,     8100 ,Americas,146,3,,,,,,,,,
2018,na                       ,             ,          ,          ,Europe,147,3,,,,,,,,,
2018,na                       ,             ,          ,          ,Europe,148,3,,,,,,,,,
2018,660[590–720]             ,         660 ,      590 ,      720 ,Eastern Mediterranean,149,3,,,,,,,,,
2018,13000[11000–16000]       ,       13000 ,    11000 ,    16000 ,Europe,150,3,,,,,,,,,
2018,480000[420000–550000]    ,      480000 ,   420000 ,   550000 ,South-East Asia,151,3,,,,,,,,,
2018,na                       ,             ,          ,          ,South-East Asia,152,3,,,,,,,,,
2018,110000[100000–120000]    ,      110000 ,   100000 ,   120000 ,Africa,153,3,,,,,,,,,
2018,na                       ,             ,          ,          ,Americas,154,3,,,,,,,,,
2018,2800[1700–4400]          ,        2800 ,     1700 ,     4400 ,Eastern Mediterranean,155,3,,,,,,,,,
2018,na                       ,             ,          ,          ,Europe,156,3,,,,,,,,,
2018,na                       ,             ,          ,          ,Europe,157,3,,,,,,,,,
2018,1400000[1300000–1500000] ,     1400000 ,  1300000 ,  1500000 ,Africa,158,3,,,,,,,,,
2018,240000[220000–260000]    ,      240000 ,   220000 ,   260000 ,Europe,159,3,,,,,,,,,
2018,na                       ,             ,          ,          ,Eastern Mediterranean,160,3,,,,,,,,,
2018,na                       ,             ,          ,          ,Europe,161,3,,,,,,,,,
2018,1600000[1400000–1700000] ,     1600000 ,  1400000 ,  1700000 ,Africa,162,3,,,,,,,,,
2018,na                       ,             ,          ,          ,Americas,163,3,,,,,,,,,
2018,14000[9900–19000]        ,       14000 ,     9900 ,    19000 ,Americas,164,3,,,,,,,,,
2018,52000[48000–56000]       ,       52000 ,    48000 ,    56000 ,Europe,165,3,,,,,,,,,
2018,120000[100000–130000]    ,      120000 ,   100000 ,   130000 ,Americas,166,3,,,,,,,,,
2018,230000[200000–260000]    ,      230000 ,   200000 ,   260000 ,Western Pacific,167,3,,,,,,,,,
2018,11000[6500–18000]        ,       11000 ,     6500 ,    18000 ,Eastern Mediterranean,168,3,,,,,,,,,
2018,1200000[1100000–1400000] ,     1200000 ,  1100000 ,  1400000 ,Africa,169,3,,,,,,,,,
2018,1300000[1100000–1500000] ,     1300000 ,  1100000 ,  1500000 ,Africa,170,3,,,,,,,,,
2010,4200[2500–6200]          ,        4200 ,     2500 ,     6200 ,Eastern Mediterranean,1,3,,,,,,,,,
2010,na                       ,             ,          ,          ,Europe,2,3,,,,,,,,,
2010,7100[6600–7600]          ,        7100 ,     6600 ,     7600 ,Africa,3,3,,,,,,,,,
2010,220000[180000–250000]    ,      220000 ,   180000 ,   250000 ,Africa,4,3,,,,,,,,,
2010,110000[96000–120000]     ,      110000 ,    96000 ,   120000 ,Americas,5,3,,,,,,,,,
2010,3300[2800–4100]          ,        3300 ,     2800 ,     4100 ,Europe,6,3,,,,,,,,,
2010,21000[17000–23000]       ,       21000 ,    17000 ,    23000 ,Western Pacific,7,3,,,,,,,,,
2010,na                       ,             ,          ,          ,Europe,8,3,,,,,,,,,
2010,na                       ,             ,          ,          ,Europe,9,3,,,,,,,,,
2010,5800[5100–6600]          ,        5800 ,     5100 ,     6600 ,Americas,10,3,,,,,,,,,
2010,na                       ,             ,          ,          ,Eastern Mediterranean,11,3,,,,,,,,,
2010,7700[6600–8800]          ,        7700 ,     6600 ,     8800 ,South-East Asia,12,3,,,,,,,,,
2010,2300[2100–2600]          ,        2300 ,     2100 ,     2600 ,Americas,13,3,,,,,,,,,
2010,12000[10000–15000]       ,       12000 ,    10000 ,    15000 ,Europe,14,3,,,,,,,,,
2010,na                       ,             ,          ,          ,Europe,15,3,,,,,,,,,
2010,3700[3400–4100]          ,        3700 ,     3400 ,     4100 ,Americas,16,3,,,,,,,,,
2010,61000[41000–98000]       ,       61000 ,    41000 ,    98000 ,Africa,17,3,,,,,,,,,
2010,1300[590–2700]           ,        1300 ,      590 ,     2700 ,South-East Asia,18,3,,,,,,,,,
2010,23000[20000–25000]       ,       23000 ,    20000 ,    25000 ,Americas,19,3,,,,,,,,,
2010,200[200–200]             ,         200 ,      200 ,      200 ,Europe,20,3,,,,,,,,,
2010,340000[300000–360000]    ,      340000 ,   300000 ,   360000 ,Africa,21,3,,,,,,,,,
2010,670000[520000–830000]    ,      670000 ,   520000 ,   830000 ,Americas,22,3,,,,,,,,,
2010,na                       ,             ,          ,          ,Western Pacific,23,3,,,,,,,,,
2010,1700[1600–1900]          ,        1700 ,     1600 ,     1900 ,Europe,24,3,,,,,,,,,
2010,110000[88000–130000]     ,      110000 ,    88000 ,   130000 ,Africa,25,3,,,,,,,,,
2010,93000[79000–110000]      ,       93000 ,    79000 ,   110000 ,Africa,26,3,,,,,,,,,
2010,2100[1700–2600]          ,        2100 ,     1700 ,     2600 ,Africa,27,3,,,,,,,,,
2010,79000[68000–93000]       ,       79000 ,    68000 ,    93000 ,Western Pacific,28,3,,,,,,,,,
2010,520000[460000–560000]    ,      520000 ,   460000 ,   560000 ,Africa,29,3,,,,,,,,,
2010,na                       ,             ,          ,          ,Americas,30,3,,,,,,,,,
2010,140000[110000–160000]    ,      140000 ,   110000 ,   160000 ,Africa,31,3,,,,,,,,,
2010,99000[80000–120000]      ,       99000 ,    80000 ,   120000 ,Africa,32,3,,,,,,,,,
2010,39000[34000–43000]       ,       39000 ,    34000 ,    43000 ,Americas,33,3,,,,,,,,,
2010,na                       ,             ,          ,          ,Western Pacific,34,3,,,,,,,,,
2010,130000[100000–150000]    ,      130000 ,   100000 ,   150000 ,Americas,35,3,,,,,,,,,
2010,200[100–500]             ,         200 ,      100 ,      500 ,Africa,36,3,,,,,,,,,
2010,82000[69000–95000]       ,       82000 ,    69000 ,    95000 ,Americas,37,3,,,,,,,,,
2010,9300[8400–10000]         ,        9300 ,     8400 ,    10000 ,Americas,38,3,,,,,,,,,
2010,480000[380000–610000]    ,      480000 ,   380000 ,   610000 ,Africa,39,3,,,,,,,,,
2010,1000[930–1100]           ,        1000 ,      930 ,     1100 ,Europe,40,3,,,,,,,,,
2010,17000[13000–21000]       ,       17000 ,    13000 ,    21000 ,Americas,41,3,,,,,,,,,
2010,na                       ,             ,          ,          ,Europe,42,3,,,,,,,,,
2010,1800[1500–2000]          ,        1800 ,     1500 ,     2000 ,Europe,43,3,,,,,,,,,
2010,na                       ,             ,          ,          ,Western Pacific,44,3,,,,,,,,,
2010,480000[400000–560000]    ,      480000 ,   400000 ,   560000 ,Africa,45,3,,,,,,,,,
2010,5500[5000–6200]          ,        5500 ,     5000 ,     6200 ,Europe,46,3,,,,,,,,,
2010,9400[7700–11000]         ,        9400 ,     7700 ,    11000 ,Eastern Mediterranean,47,3,,,,,,,,,
2010,72000[54000–91000]       ,       72000 ,    54000 ,    91000 ,Americas,48,3,,,,,,,,,
2010,34000[22000–57000]       ,       34000 ,    22000 ,    57000 ,Americas,49,3,,,,,,,,,
2010,6800[6100–7400]          ,        6800 ,     6100 ,     7400 ,Eastern Mediterranean,50,3,,,,,,,,,
2010,26000[20000–31000]       ,       26000 ,    20000 ,    31000 ,Americas,51,3,,,,,,,,,
2010,35000[29000–41000]       ,       35000 ,    29000 ,    41000 ,Africa,52,3,,,,,,,,,
2010,17000[13000–22000]       ,       17000 ,    13000 ,    22000 ,Africa,53,3,,,,,,,,,
2010,6000[5100–6700]          ,        6000 ,     5100 ,     6700 ,Europe,54,3,,,,,,,,,
2010,160000[150000–170000]    ,      160000 ,   150000 ,   170000 ,Africa,55,3,,,,,,,,,
2010,630000[480000–830000]    ,      630000 ,   480000 ,   830000 ,Africa,56,3,,,,,,,,,
2010,na                       ,             ,          ,          ,Western Pacific,57,3,,,,,,,,,
2010,2700[2200–3500]          ,        2700 ,     2200 ,     3500 ,Europe,58,3,,,,,,,,,
2010,140000[120000–160000]    ,      140000 ,   120000 ,   160000 ,Europe,59,3,,,,,,,,,
2010,43000[36000–51000]       ,       43000 ,    36000 ,    51000 ,Africa,60,3,,,,,,,,,
2010,18000[15000–23000]       ,       18000 ,    15000 ,    23000 ,Africa,61,3,,,,,,,,,
2010,5600[4500–6700]          ,        5600 ,     4500 ,     6700 ,Europe,62,3,,,,,,,,,
2010,69000[57000–81000]       ,       69000 ,    57000 ,    81000 ,Europe,63,3,,,,,,,,,
2010,300000[250000–340000]    ,      300000 ,   250000 ,   340000 ,Africa,64,3,,,,,,,,,
2010,na                       ,             ,          ,          ,Europe,65,3,,,,,,,,,
2010,49000[44000–53000]       ,       49000 ,    44000 ,    53000 ,Americas,66,3,,,,,,,,,
2010,100000[90000–120000]     ,      100000 ,    90000 ,   120000 ,Africa,67,3,,,,,,,,,
2010,38000[34000–42000]       ,       38000 ,    34000 ,    42000 ,Africa,68,3,,,,,,,,,
2010,6700[6000–7400]          ,        6700 ,     6000 ,     7400 ,Americas,69,3,,,,,,,,,
2010,140000[130000–160000]    ,      140000 ,   130000 ,   160000 ,Americas,70,3,,,,,,,,,
2010,26000[21000–32000]       ,       26000 ,    21000 ,    32000 ,Americas,71,3,,,,,,,,,
2010,2000[1800–2300]          ,        2000 ,     1800 ,     2300 ,Europe,72,3,,,,,,,,,
2010,500[200–500]             ,         500 ,      200 ,      500 ,Europe,73,3,,,,,,,,,
2010,na                       ,             ,          ,          ,South-East Asia,74,3,,,,,,,,,
2010,510000[450000–590000]    ,      510000 ,   450000 ,   590000 ,South-East Asia,75,3,,,,,,,,,
2010,50000[37000–70000]       ,       50000 ,    37000 ,    70000 ,Eastern Mediterranean,76,3,,,,,,,,,
2010,4800[4200–5400]          ,        4800 ,     4200 ,     5400 ,Europe,77,3,,,,,,,,,
2010,6000[5400–6800]          ,        6000 ,     5400 ,     6800 ,Europe,78,3,,,,,,,,,
2010,110000[92000–120000]     ,      110000 ,    92000 ,   120000 ,Europe,79,3,,,,,,,,,
2010,37000[32000–42000]       ,       37000 ,    32000 ,    42000 ,Americas,80,3,,,,,,,,,
2010,19000[16000–22000]       ,       19000 ,    16000 ,    22000 ,Western Pacific,81,3,,,,,,,,,
2010,200[200–500]             ,         200 ,      200 ,      500 ,Eastern Mediterranean,82,3,,,,,,,,,
2010,11000[10000–11000]       ,       11000 ,    10000 ,    11000 ,Europe,83,3,,,,,,,,,
2010,1500000[1200000–1800000] ,     1500000 ,  1200000 ,  1800000 ,Africa,84,3,,,,,,,,,
2010,500[500–500]             ,         500 ,      500 ,      500 ,Eastern Mediterranean,85,3,,,,,,,,,
2010,4100[3200–5500]          ,        4100 ,     3200 ,     5500 ,Europe,86,3,,,,,,,,,
2010,9900[8800–11000]         ,        9900 ,     8800 ,    11000 ,Western Pacific,87,3,,,,,,,,,
2010,4000[3500–4500]          ,        4000 ,     3500 ,     4500 ,Europe,88,3,,,,,,,,,
2010,1600[1400–1800]          ,        1600 ,     1400 ,     1800 ,Eastern Mediterranean,89,3,,,,,,,,,
2010,300000[280000–320000]    ,      300000 ,   280000 ,   320000 ,Africa,90,3,,,,,,,,,
2010,41000[37000–46000]       ,       41000 ,    37000 ,    46000 ,Africa,91,3,,,,,,,,,
2010,6100[5600–6500]          ,        6100 ,     5600 ,     6500 ,Eastern Mediterranean,92,3,,,,,,,,,
2010,na                       ,             ,          ,          ,Europe,93,3,,,,,,,,,
2010,700[620–780]             ,         700 ,      620 ,      780 ,Europe,94,3,,,,,,,,,
2010,21000[18000–24000]       ,       21000 ,    18000 ,    24000 ,Africa,95,3,,,,,,,,,
2010,870000[770000–960000]    ,      870000 ,   770000 ,   960000 ,Africa,96,3,,,,,,,,,
2010,74000[65000–86000]       ,       74000 ,    65000 ,    86000 ,Western Pacific,97,3,,,,,,,,,
2010,na                       ,             ,          ,          ,South-East Asia,98,3,,,,,,,,,
2010,120000[94000–140000]     ,      120000 ,    94000 ,   140000 ,Africa,99,3,,,,,,,,,
2010,na                       ,             ,          ,          ,Europe,100,3,,,,,,,,,
2010,7100[5900–8400]          ,        7100 ,     5900 ,     8400 ,Africa,101,3,,,,,,,,,
2010,11000[9500–12000]        ,       11000 ,     9500 ,    12000 ,Africa,102,3,,,,,,,,,
2010,180000[150000–210000]    ,      180000 ,   150000 ,   210000 ,Americas,103,3,,,,,,,,,
2010,500[500–500]             ,         500 ,      500 ,      500 ,Western Pacific,104,3,,,,,,,,,
2010,200[200–200]             ,         200 ,      200 ,      200 ,Europe,105,3,,,,,,,,,
2010,17000[13000–22000]       ,       17000 ,    13000 ,    22000 ,Eastern Mediterranean,106,3,,,,,,,,,
2010,1600000[1300000–1900000] ,     1600000 ,  1300000 ,  1900000 ,Africa,107,3,,,,,,,,,
2010,220000[190000–260000]    ,      220000 ,   190000 ,   260000 ,South-East Asia,108,3,,,,,,,,,
2010,170000[160000–180000]    ,      170000 ,   160000 ,   180000 ,Africa,109,3,,,,,,,,,
2010,31000[27000–36000]       ,       31000 ,    27000 ,    36000 ,South-East Asia,110,3,,,,,,,,,
2010,20000[19000–21000]       ,       20000 ,    19000 ,    21000 ,Europe,111,3,,,,,,,,,
2010,2500[2100–2800]          ,        2500 ,     2100 ,     2800 ,Western Pacific,112,3,,,,,,,,,
2010,7900[6500–10000]         ,        7900 ,     6500 ,    10000 ,Americas,113,3,,,,,,,,,
2010,37000[32000–42000]       ,       37000 ,    32000 ,    42000 ,Africa,114,3,,,,,,,,,
2010,1500000[1100000–2100000] ,     1500000 ,  1100000 ,  2100000 ,Africa,115,3,,,,,,,,,
2010,4200[3800–4600]          ,        4200 ,     3800 ,     4600 ,Europe,116,3,,,,,,,,,
2010,2200[2000–2500]          ,        2200 ,     2000 ,     2500 ,Eastern Mediterranean,117,3,,,,,,,,,
2010,67000[57000–76000]       ,       67000 ,    57000 ,    76000 ,Eastern Mediterranean,118,3,,,,,,,,,
2010,20000[18000–22000]       ,       20000 ,    18000 ,    22000 ,Americas,119,3,,,,,,,,,
2010,38000[34000–42000]       ,       38000 ,    34000 ,    42000 ,Western Pacific,120,3,,,,,,,,,
2010,20000[14000–27000]       ,       20000 ,    14000 ,    27000 ,Americas,121,3,,,,,,,,,
2010,65000[49000–91000]       ,       65000 ,    49000 ,    91000 ,Americas,122,3,,,,,,,,,
2010,15000[13000–18000]       ,       15000 ,    13000 ,    18000 ,Western Pacific,123,3,,,,,,,,,
2010,na                       ,             ,          ,          ,Europe,124,3,,,,,,,,,
2010,40000[35000–45000]       ,       40000 ,    35000 ,    45000 ,Europe,125,3,,,,,,,,,
2010,na                       ,             ,          ,          ,Eastern Mediterranean,126,3,,,,,,,,,
2010,na                       ,             ,          ,          ,Western Pacific,127,3,,,,,,,,,
2010,16000[12000–20000]       ,       16000 ,    12000 ,    20000 ,Europe,128,3,,,,,,,,,
2010,200[200–200]             ,         200 ,      200 ,      200 ,Europe,129,3,,,,,,,,,
2010,14000[12000–15000]       ,       14000 ,    12000 ,    15000 ,Europe,130,3,,,,,,,,,
2010,na                       ,             ,          ,          ,Europe,131,3,,,,,,,,,
2010,220000[200000–250000]    ,      220000 ,   200000 ,   250000 ,Africa,132,3,,,,,,,,,
2010,na                       ,             ,          ,          ,Eastern Mediterranean,133,3,,,,,,,,,
2010,44000[39000–50000]       ,       44000 ,    39000 ,    50000 ,Africa,134,3,,,,,,,,,
2010,1800[1300–2200]          ,        1800 ,     1300 ,     2200 ,Europe,135,3,,,,,,,,,
2010,58000[48000–70000]       ,       58000 ,    48000 ,    70000 ,Africa,136,3,,,,,,,,,
2010,6500[5700–7300]          ,        6500 ,     5700 ,     7300 ,Western Pacific,137,3,,,,,,,,,
2010,500[500–730]             ,         500 ,      500 ,      730 ,Europe,138,3,,,,,,,,,
2010,na                       ,             ,          ,          ,Europe,139,3,,,,,,,,,
2010,17000[15000–20000]       ,       17000 ,    15000 ,    20000 ,Eastern Mediterranean,140,3,,,,,,,,,
2010,6100000[5500000–6600000] ,     6100000 ,  5500000 ,  6600000 ,Africa,141,3,,,,,,,,,
2010,140000[110000–170000]    ,      140000 ,   110000 ,   170000 ,Africa,142,3,,,,,,,,,
2010,140000[120000–150000]    ,      140000 ,   120000 ,   150000 ,Europe,143,3,,,,,,,,,
2010,4000[3400–4700]          ,        4000 ,     3400 ,     4700 ,South-East Asia,144,3,,,,,,,,,
2010,43000[36000–51000]       ,       43000 ,    36000 ,    51000 ,Eastern Mediterranean,145,3,,,,,,,,,
2010,4600[3300–6200]          ,        4600 ,     3300 ,     6200 ,Americas,146,3,,,,,,,,,
2010,na                       ,             ,          ,          ,Europe,147,3,,,,,,,,,
2010,na                       ,             ,          ,          ,Europe,148,3,,,,,,,,,
2010,570[510–630]             ,         570 ,      510 ,      630 ,Eastern Mediterranean,149,3,,,,,,,,,
2010,9200[7500–11000]         ,        9200 ,     7500 ,    11000 ,Europe,150,3,,,,,,,,,
2010,580000[490000–690000]    ,      580000 ,   490000 ,   690000 ,South-East Asia,151,3,,,,,,,,,
2010,na                       ,             ,          ,          ,South-East Asia,152,3,,,,,,,,,
2010,100000[96000–110000]     ,      100000 ,    96000 ,   110000 ,Africa,153,3,,,,,,,,,
2010,na                       ,             ,          ,          ,Americas,154,3,,,,,,,,,
2010,1400[980–2200]           ,        1400 ,      980 ,     2200 ,Eastern Mediterranean,155,3,,,,,,,,,
2010,na                       ,             ,          ,          ,Europe,156,3,,,,,,,,,
2010,na                       ,             ,          ,          ,Europe,157,3,,,,,,,,,
2010,1200000[1100000–1300000] ,     1200000 ,  1100000 ,  1300000 ,Africa,158,3,,,,,,,,,
2010,230000[220000–250000]    ,      230000 ,   220000 ,   250000 ,Europe,159,3,,,,,,,,,
2010,na                       ,             ,          ,          ,Eastern Mediterranean,160,3,,,,,,,,,
2010,na                       ,             ,          ,          ,Europe,161,3,,,,,,,,,
2010,1300000[1100000–1400000] ,     1300000 ,  1100000 ,  1400000 ,Africa,162,3,,,,,,,,,
2010,990000[880000–1100000]   ,      990000 ,   880000 ,  1100000 ,Americas,163,3,,,,,,,,,
2010,9600[8000–11000]         ,        9600 ,     8000 ,    11000 ,Americas,164,3,,,,,,,,,
2010,30000[27000–32000]       ,       30000 ,    27000 ,    32000 ,Europe,165,3,,,,,,,,,
2010,na                       ,             ,          ,          ,Americas,166,3,,,,,,,,,
2010,220000[180000–250000]    ,      220000 ,   180000 ,   250000 ,Western Pacific,167,3,,,,,,,,,
2010,5100[3500–7400]          ,        5100 ,     3500 ,     7400 ,Eastern Mediterranean,168,3,,,,,,,,,
2010,1000000[900000–1100000]  ,     1000000 ,   900000 ,  1100000 ,Africa,169,3,,,,,,,,,
2010,1200000[1100000–1400000] ,     1200000 ,  1100000 ,  1400000 ,Africa,170,3,,,,,,,,,
2005,2900[1700–5000]          ,        2900 ,     1700 ,     5000 ,Eastern Mediterranean,1,3,,,,,,,,,
2005,na                       ,             ,          ,          ,Europe,2,3,,,,,,,,,
2005,3700[3500–4000]          ,        3700 ,     3500 ,     4000 ,Africa,3,3,,,,,,,,,
2005,150000[120000–170000]    ,      150000 ,   120000 ,   170000 ,Africa,4,3,,,,,,,,,
2005,85000[76000–94000]       ,       85000 ,    76000 ,    94000 ,Americas,5,3,,,,,,,,,
2005,2700[2000–3500]          ,        2700 ,     2000 ,     3500 ,Europe,6,3,,,,,,,,,
2005,16000[14000–19000]       ,       16000 ,    14000 ,    19000 ,Western Pacific,7,3,,,,,,,,,
2005,na                       ,             ,          ,          ,Europe,8,3,,,,,,,,,
2005,na                       ,             ,          ,          ,Europe,9,3,,,,,,,,,
2005,5100[4400–6000]          ,        5100 ,     4400 ,     6000 ,Americas,10,3,,,,,,,,,
2005,na                       ,             ,          ,          ,Eastern Mediterranean,11,3,,,,,,,,,
2005,4000[3500–4600]          ,        4000 ,     3500 ,     4600 ,South-East Asia,12,3,,,,,,,,,
2005,1700[1500–1900]          ,        1700 ,     1500 ,     1900 ,Americas,13,3,,,,,,,,,
2005,5400[4500–6700]          ,        5400 ,     4500 ,     6700 ,Europe,14,3,,,,,,,,,
2005,na                       ,             ,          ,          ,Europe,15,3,,,,,,,,,
2005,2800[2600–3100]          ,        2800 ,     2600 ,     3100 ,Americas,16,3,,,,,,,,,
2005,56000[37000–90000]       ,       56000 ,    37000 ,    90000 ,Africa,17,3,,,,,,,,,
2005,1100[500–2000]           ,        1100 ,      500 ,     2000 ,South-East Asia,18,3,,,,,,,,,
2005,26000[24000–28000]       ,       26000 ,    24000 ,    28000 ,Americas,19,3,,,,,,,,,
2005,200[100–200]             ,         200 ,      100 ,      200 ,Europe,20,3,,,,,,,,,
2005,310000[280000–330000]    ,      310000 ,   280000 ,   330000 ,Africa,21,3,,,,,,,,,
2005,550000[420000–680000]    ,      550000 ,   420000 ,   680000 ,Americas,22,3,,,,,,,,,
2005,na                       ,             ,          ,          ,Western Pacific,23,3,,,,,,,,,
2005,980[910–1100]            ,         980 ,      910 ,     1100 ,Europe,24,3,,,,,,,,,
2005,120000[95000–140000]     ,      120000 ,    95000 ,   140000 ,Africa,25,3,,,,,,,,,
2005,110000[88000–120000]     ,      110000 ,    88000 ,   120000 ,Africa,26,3,,,,,,,,,
2005,1800[1400–2700]          ,        1800 ,     1400 ,     2700 ,Africa,27,3,,,,,,,,,
2005,82000[70000–97000]       ,       82000 ,    70000 ,    97000 ,Western Pacific,28,3,,,,,,,,,
2005,470000[430000–500000]    ,      470000 ,   430000 ,   500000 ,Africa,29,3,,,,,,,,,
2005,na                       ,             ,          ,          ,Americas,30,3,,,,,,,,,
2005,150000[130000–170000]    ,      150000 ,   130000 ,   170000 ,Africa,31,3,,,,,,,,,
2005,88000[69000–110000]      ,       88000 ,    69000 ,   110000 ,Africa,32,3,,,,,,,,,
2005,25000[22000–27000]       ,       25000 ,    22000 ,    27000 ,Americas,33,3,,,,,,,,,
2005,na                       ,             ,          ,          ,Western Pacific,34,3,,,,,,,,,
2005,120000[98000–140000]     ,      120000 ,    98000 ,   140000 ,Americas,35,3,,,,,,,,,
2005,100[100–200]             ,         100 ,      100 ,      200 ,Africa,36,3,,,,,,,,,
2005,77000[63000–90000]       ,       77000 ,    63000 ,    90000 ,Americas,37,3,,,,,,,,,
2005,6500[5800–7200]          ,        6500 ,     5800 ,     7200 ,Americas,38,3,,,,,,,,,
2005,510000[410000–650000]    ,      510000 ,   410000 ,   650000 ,Africa,39,3,,,,,,,,,
2005,710[630–800]             ,         710 ,      630 ,      800 ,Europe,40,3,,,,,,,,,
2005,9000[6700–11000]         ,        9000 ,     6700 ,    11000 ,Americas,41,3,,,,,,,,,
2005,na                       ,             ,          ,          ,Europe,42,3,,,,,,,,,
2005,970[820–1100]            ,         970 ,      820 ,     1100 ,Europe,43,3,,,,,,,,,
2005,na                       ,             ,          ,          ,Western Pacific,44,3,,,,,,,,,
2005,510000[430000–590000]    ,      510000 ,   430000 ,   590000 ,Africa,45,3,,,,,,,,,
2005,4900[4500–5500]          ,        4900 ,     4500 ,     5500 ,Europe,46,3,,,,,,,,,
2005,11000[9000–13000]        ,       11000 ,     9000 ,    13000 ,Eastern Mediterranean,47,3,,,,,,,,,
2005,79000[61000–100000]      ,       79000 ,    61000 ,   100000 ,Americas,48,3,,,,,,,,,
2005,29000[19000–49000]       ,       29000 ,    19000 ,    49000 ,Americas,49,3,,,,,,,,,
2005,3200[2800–3500]          ,        3200 ,     2800 ,     3500 ,Eastern Mediterranean,50,3,,,,,,,,,
2005,23000[17000–28000]       ,       23000 ,    17000 ,    28000 ,Americas,51,3,,,,,,,,,
2005,22000[17000–28000]       ,       22000 ,    17000 ,    28000 ,Africa,52,3,,,,,,,,,
2005,17000[13000–22000]       ,       17000 ,    13000 ,    22000 ,Africa,53,3,,,,,,,,,
2005,5400[4600–6000]          ,        5400 ,     4600 ,     6000 ,Europe,54,3,,,,,,,,,
2005,130000[120000–140000]    ,      130000 ,   120000 ,   140000 ,Africa,55,3,,,,,,,,,
2005,640000[490000–840000]    ,      640000 ,   490000 ,   840000 ,Africa,56,3,,,,,,,,,
2005,na                       ,             ,          ,          ,Western Pacific,57,3,,,,,,,,,
2005,1900[1500–2400]          ,        1900 ,     1500 ,     2400 ,Europe,58,3,,,,,,,,,
2005,110000[95000–130000]     ,      110000 ,    95000 ,   130000 ,Europe,59,3,,,,,,,,,
2005,35000[27000–43000]       ,       35000 ,    27000 ,    43000 ,Africa,60,3,,,,,,,,,
2005,15000[11000–19000]       ,       15000 ,    11000 ,    19000 ,Africa,61,3,,,,,,,,,
2005,2800[2300–3400]          ,        2800 ,     2300 ,     3400 ,Europe,62,3,,,,,,,,,
2005,56000[46000–65000]       ,       56000 ,    46000 ,    65000 ,Europe,63,3,,,,,,,,,
2005,280000[240000–320000]    ,      280000 ,   240000 ,   320000 ,Africa,64,3,,,,,,,,,
2005,na                       ,             ,          ,          ,Europe,65,3,,,,,,,,,
2005,48000[44000–51000]       ,       48000 ,    44000 ,    51000 ,Americas,66,3,,,,,,,,,
2005,93000[81000–110000]      ,       93000 ,    81000 ,   110000 ,Africa,67,3,,,,,,,,,
2005,31000[28000–35000]       ,       31000 ,    28000 ,    35000 ,Africa,68,3,,,,,,,,,
2005,5000[4400–5700]          ,        5000 ,     4400 ,     5700 ,Americas,69,3,,,,,,,,,
2005,140000[120000–160000]    ,      140000 ,   120000 ,   160000 ,Americas,70,3,,,,,,,,,
2005,31000[24000–38000]       ,       31000 ,    24000 ,    38000 ,Americas,71,3,,,,,,,,,
2005,1200[1000–1300]          ,        1200 ,     1000 ,     1300 ,Europe,72,3,,,,,,,,,
2005,200[200–200]             ,         200 ,      200 ,      200 ,Europe,73,3,,,,,,,,,
2005,na                       ,             ,          ,          ,South-East Asia,74,3,,,,,,,,,
2005,290000[260000–330000]    ,      290000 ,   260000 ,   330000 ,South-East Asia,75,3,,,,,,,,,
2005,37000[25000–56000]       ,       37000 ,    25000 ,    56000 ,Eastern Mediterranean,76,3,,,,,,,,,
2005,3200[2800–3600]          ,        3200 ,     2800 ,     3600 ,Europe,77,3,,,,,,,,,
2005,4100[3700–4600]          ,        4100 ,     3700 ,     4600 ,Europe,78,3,,,,,,,,,
2005,89000[76000–100000]      ,       89000 ,    76000 ,   100000 ,Europe,79,3,,,,,,,,,
2005,38000[33000–42000]       ,       38000 ,    33000 ,    42000 ,Americas,80,3,,,,,,,,,
2005,12000[9700–14000]        ,       12000 ,     9700 ,    14000 ,Western Pacific,81,3,,,,,,,,,
2005,200[200–200]             ,         200 ,      200 ,      200 ,Eastern Mediterranean,82,3,,,,,,,,,
2005,4000[3800–4300]          ,        4000 ,     3800 ,     4300 ,Europe,83,3,,,,,,,,,
2005,1500000[1300000–1900000] ,     1500000 ,  1300000 ,  1900000 ,Africa,84,3,,,,,,,,,
2005,500[500–500]             ,         500 ,      500 ,      500 ,Eastern Mediterranean,85,3,,,,,,,,,
2005,1500[1300–1900]          ,        1500 ,     1300 ,     1900 ,Europe,86,3,,,,,,,,,
2005,6700[6000–7500]          ,        6700 ,     6000 ,     7500 ,Western Pacific,87,3,,,,,,,,,
2005,3200[2900–3600]          ,        3200 ,     2900 ,     3600 ,Europe,88,3,,,,,,,,,
2005,1300[1100–1400]          ,        1300 ,     1100 ,     1400 ,Eastern Mediterranean,89,3,,,,,,,,,
2005,280000[260000–300000]    ,      280000 ,   260000 ,   300000 ,Africa,90,3,,,,,,,,,
2005,41000[38000–45000]       ,       41000 ,    38000 ,    45000 ,Africa,91,3,,,,,,,,,
2005,2900[2700–3100]          ,        2900 ,     2700 ,     3100 ,Eastern Mediterranean,92,3,,,,,,,,,
2005,na                       ,             ,          ,          ,Europe,93,3,,,,,,,,,
2005,500[500–540]             ,         500 ,      500 ,      540 ,Europe,94,3,,,,,,,,,
2005,19000[15000–23000]       ,       19000 ,    15000 ,    23000 ,Africa,95,3,,,,,,,,,
2005,820000[720000–900000]    ,      820000 ,   720000 ,   900000 ,Africa,96,3,,,,,,,,,
2005,66000[57000–77000]       ,       66000 ,    57000 ,    77000 ,Western Pacific,97,3,,,,,,,,,
2005,na                       ,             ,          ,          ,South-East Asia,98,3,,,,,,,,,
2005,110000[91000–130000]     ,      110000 ,    91000 ,   130000 ,Africa,99,3,,,,,,,,,
2005,na                       ,             ,          ,          ,Europe,100,3,,,,,,,,,
2005,7500[6400–8800]          ,        7500 ,     6400 ,     8800 ,Africa,101,3,,,,,,,,,
2005,8000[6100–11000]         ,        8000 ,     6100 ,    11000 ,Africa,102,3,,,,,,,,,
2005,150000[120000–200000]    ,      150000 ,   120000 ,   200000 ,Americas,103,3,,,,,,,,,
2005,500[200–500]             ,         500 ,      200 ,      500 ,Western Pacific,104,3,,,,,,,,,
2005,100[100–100]             ,         100 ,      100 ,      100 ,Europe,105,3,,,,,,,,,
2005,13000[11000–18000]       ,       13000 ,    11000 ,    18000 ,Eastern Mediterranean,106,3,,,,,,,,,
2005,1200000[980000–1500000]  ,     1200000 ,   980000 ,  1500000 ,Africa,107,3,,,,,,,,,
2005,210000[180000–240000]    ,      210000 ,   180000 ,   240000 ,South-East Asia,108,3,,,,,,,,,
2005,160000[140000–170000]    ,      160000 ,   140000 ,   170000 ,Africa,109,3,,,,,,,,,
2005,29000[25000–33000]       ,       29000 ,    25000 ,    33000 ,South-East Asia,110,3,,,,,,,,,
2005,16000[15000–17000]       ,       16000 ,    15000 ,    17000 ,Europe,111,3,,,,,,,,,
2005,1800[1600–2100]          ,        1800 ,     1600 ,     2100 ,Western Pacific,112,3,,,,,,,,,
2005,6100[4600–8300]          ,        6100 ,     4600 ,     8300 ,Americas,113,3,,,,,,,,,
2005,40000[34000–46000]       ,       40000 ,    34000 ,    46000 ,Africa,114,3,,,,,,,,,
2005,1400000[1000000–1900000] ,     1400000 ,  1000000 ,  1900000 ,Africa,115,3,,,,,,,,,
2005,3000[2700–3300]          ,        3000 ,     2700 ,     3300 ,Europe,116,3,,,,,,,,,
2005,1700[1600–1900]          ,        1700 ,     1600 ,     1900 ,Eastern Mediterranean,117,3,,,,,,,,,
2005,12000[10000–14000]       ,       12000 ,    10000 ,    14000 ,Eastern Mediterranean,118,3,,,,,,,,,
2005,16000[14000–17000]       ,       16000 ,    14000 ,    17000 ,Americas,119,3,,,,,,,,,
2005,38000[34000–42000]       ,       38000 ,    34000 ,    42000 ,Western Pacific,120,3,,,,,,,,,
2005,19000[14000–25000]       ,       19000 ,    14000 ,    25000 ,Americas,121,3,,,,,,,,,
2005,65000[50000–91000]       ,       65000 ,    50000 ,    91000 ,Americas,122,3,,,,,,,,,
2005,3700[3100–4300]          ,        3700 ,     3100 ,     4300 ,Western Pacific,123,3,,,,,,,,,
2005,na                       ,             ,          ,          ,Europe,124,3,,,,,,,,,
2005,37000[33000–42000]       ,       37000 ,    33000 ,    42000 ,Europe,125,3,,,,,,,,,
2005,na                       ,             ,          ,          ,Eastern Mediterranean,126,3,,,,,,,,,
2005,na                       ,             ,          ,          ,Western Pacific,127,3,,,,,,,,,
2005,12000[9600–16000]        ,       12000 ,     9600 ,    16000 ,Europe,128,3,,,,,,,,,
2005,100[100–200]             ,         100 ,      100 ,      200 ,Europe,129,3,,,,,,,,,
2005,11000[9800–12000]        ,       11000 ,     9800 ,    12000 ,Europe,130,3,,,,,,,,,
2005,na                       ,             ,          ,          ,Europe,131,3,,,,,,,,,
2005,220000[190000–250000]    ,      220000 ,   190000 ,   250000 ,Africa,132,3,,,,,,,,,
2005,na                       ,             ,          ,          ,Eastern Mediterranean,133,3,,,,,,,,,
2005,42000[38000–48000]       ,       42000 ,    38000 ,    48000 ,Africa,134,3,,,,,,,,,
2005,1100[750–1500]           ,        1100 ,      750 ,     1500 ,Europe,135,3,,,,,,,,,
2005,51000[42000–61000]       ,       51000 ,    42000 ,    61000 ,Africa,136,3,,,,,,,,,
2005,4100[3500–4700]          ,        4100 ,     3500 ,     4700 ,Western Pacific,137,3,,,,,,,,,
2005,500[200–500]             ,         500 ,      200 ,      500 ,Europe,138,3,,,,,,,,,
2005,na                       ,             ,          ,          ,Europe,139,3,,,,,,,,,
2005,20000[18000–23000]       ,       20000 ,    18000 ,    23000 ,Eastern Mediterranean,140,3,,,,,,,,,
2005,5000000[4400000–5400000] ,     5000000 ,  4400000 ,  5400000 ,Africa,141,3,,,,,,,,,
2005,120000[89000–150000]     ,      120000 ,    89000 ,   150000 ,Africa,142,3,,,,,,,,,
2005,120000[100000–130000]    ,      120000 ,   100000 ,   130000 ,Europe,143,3,,,,,,,,,
2005,3600[3100–4100]          ,        3600 ,     3100 ,     4100 ,South-East Asia,144,3,,,,,,,,,
2005,29000[20000–40000]       ,       29000 ,    20000 ,    40000 ,Eastern Mediterranean,145,3,,,,,,,,,
2005,4000[3000–5600]          ,        4000 ,     3000 ,     5600 ,Americas,146,3,,,,,,,,,
2005,na                       ,             ,          ,          ,Europe,147,3,,,,,,,,,
2005,na                       ,             ,          ,          ,Europe,148,3,,,,,,,,,
2005,500[500–500]             ,         500 ,      500 ,      500 ,Eastern Mediterranean,149,3,,,,,,,,,
2005,5200[3700–6900]          ,        5200 ,     3700 ,     6900 ,Europe,150,3,,,,,,,,,
2005,630000[510000–780000]    ,      630000 ,   510000 ,   780000 ,South-East Asia,151,3,,,,,,,,,
2005,na                       ,             ,          ,          ,South-East Asia,152,3,,,,,,,,,
2005,100000[94000–110000]     ,      100000 ,    94000 ,   110000 ,Africa,153,3,,,,,,,,,
2005,na                       ,             ,          ,          ,Americas,154,3,,,,,,,,,
2005,640[500–1100]            ,         640 ,      500 ,     1100 ,Eastern Mediterranean,155,3,,,,,,,,,
2005,na                       ,             ,          ,          ,Europe,156,3,,,,,,,,,
2005,na                       ,             ,          ,          ,Europe,157,3,,,,,,,,,
2005,1100000[1000000–1100000] ,     1100000 ,  1000000 ,  1100000 ,Africa,158,3,,,,,,,,,
2005,230000[220000–240000]    ,      230000 ,   220000 ,   240000 ,Europe,159,3,,,,,,,,,
2005,na                       ,             ,          ,          ,Eastern Mediterranean,160,3,,,,,,,,,
2005,na                       ,             ,          ,          ,Europe,161,3,,,,,,,,,
2005,1200000[1000000–1300000] ,     1200000 ,  1000000 ,  1300000 ,Africa,162,3,,,,,,,,,
2005,na                       ,             ,          ,          ,Americas,163,3,,,,,,,,,
2005,7600[6200–10000]         ,        7600 ,     6200 ,    10000 ,Americas,164,3,,,,,,,,,
2005,21000[19000–23000]       ,       21000 ,    19000 ,    23000 ,Europe,165,3,,,,,,,,,
2005,na                       ,             ,          ,          ,Americas,166,3,,,,,,,,,
2005,180000[160000–210000]    ,      180000 ,   160000 ,   210000 ,Western Pacific,167,3,,,,,,,,,
2005,2400[1500–4000]          ,        2400 ,     1500 ,     4000 ,Eastern Mediterranean,168,3,,,,,,,,,
2005,920000[820000–1000000]   ,      920000 ,   820000 ,  1000000 ,Africa,169,3,,,,,,,,,
2005,1400000[1200000–1600000] ,     1400000 ,  1200000 ,  1600000 ,Africa,170,3,,,,,,,,,
2000,1600[1000–3500]          ,        1600 ,     1000 ,     3500 ,Eastern Mediterranean,1,3,,,,,,,,,
2000,na                       ,             ,          ,          ,Europe,2,3,,,,,,,,,
2000,1900[1700–2000]          ,        1900 ,     1700 ,     2000 ,Africa,3,3,,,,,,,,,
2000,87000[72000–110000]      ,       87000 ,    72000 ,   110000 ,Africa,4,3,,,,,,,,,
2000,64000[55000–71000]       ,       64000 ,    55000 ,    71000 ,Americas,5,3,,,,,,,,,
2000,950[580–1600]            ,         950 ,      580 ,     1600 ,Europe,6,3,,,,,,,,,
2000,13000[11000–15000]       ,       13000 ,    11000 ,    15000 ,Western Pacific,7,3,,,,,,,,,
2000,na                       ,             ,          ,          ,Europe,8,3,,,,,,,,,
2000,na                       ,             ,          ,          ,Europe,9,3,,,,,,,,,
2000,5100[4400–5900]          ,        5100 ,     4400 ,     5900 ,Americas,10,3,,,,,,,,,
2000,na                       ,             ,          ,          ,Eastern Mediterranean,11,3,,,,,,,,,
2000,940[800–1100]            ,         940 ,      800 ,     1100 ,South-East Asia,12,3,,,,,,,,,
2000,1100[1000–1300]          ,        1100 ,     1000 ,     1300 ,Americas,13,3,,,,,,,,,
2000,1400[1100–1900]          ,        1400 ,     1100 ,     1900 ,Europe,14,3,,,,,,,,,
2000,na                       ,             ,          ,          ,Europe,15,3,,,,,,,,,
2000,1700[1600–1800]          ,        1700 ,     1600 ,     1800 ,Americas,16,3,,,,,,,,,
2000,47000[31000–75000]       ,       47000 ,    31000 ,    75000 ,Africa,17,3,,,,,,,,,
2000,530[200–970]             ,         530 ,      200 ,      970 ,South-East Asia,18,3,,,,,,,,,
2000,21000[20000–23000]       ,       21000 ,    20000 ,    23000 ,Americas,19,3,,,,,,,,,
2000,100[100–100]             ,         100 ,      100 ,      100 ,Europe,20,3,,,,,,,,,
2000,280000[270000–300000]    ,      280000 ,   270000 ,   300000 ,Africa,21,3,,,,,,,,,
2000,410000[320000–510000]    ,      410000 ,   320000 ,   510000 ,Americas,22,3,,,,,,,,,
2000,na                       ,             ,          ,          ,Western Pacific,23,3,,,,,,,,,
2000,500[500–500]             ,         500 ,      500 ,      500 ,Europe,24,3,,,,,,,,,
2000,140000[110000–170000]    ,      140000 ,   110000 ,   170000 ,Africa,25,3,,,,,,,,,
2000,130000[110000–150000]    ,      130000 ,   110000 ,   150000 ,Africa,26,3,,,,,,,,,
2000,1600[1200–2500]          ,        1600 ,     1200 ,     2500 ,Africa,27,3,,,,,,,,,
2000,81000[73000–91000]       ,       81000 ,    73000 ,    91000 ,Western Pacific,28,3,,,,,,,,,
2000,370000[350000–410000]    ,      370000 ,   350000 ,   410000 ,Africa,29,3,,,,,,,,,
2000,na                       ,             ,          ,          ,Americas,30,3,,,,,,,,,
2000,160000[130000–190000]    ,      160000 ,   130000 ,   190000 ,Africa,31,3,,,,,,,,,
2000,80000[60000–100000]      ,       80000 ,    60000 ,   100000 ,Africa,32,3,,,,,,,,,
2000,14000[13000–16000]       ,       14000 ,    13000 ,    16000 ,Americas,33,3,,,,,,,,,
2000,na                       ,             ,          ,          ,Western Pacific,34,3,,,,,,,,,
2000,110000[91000–130000]     ,      110000 ,    91000 ,   130000 ,Americas,35,3,,,,,,,,,
2000,100[100–100]             ,         100 ,      100 ,      100 ,Africa,36,3,,,,,,,,,
2000,80000[64000–96000]       ,       80000 ,    64000 ,    96000 ,Americas,37,3,,,,,,,,,
2000,4300[3700–4700]          ,        4300 ,     3700 ,     4700 ,Americas,38,3,,,,,,,,,
2000,590000[470000–740000]    ,      590000 ,   470000 ,   740000 ,Africa,39,3,,,,,,,,,
2000,500[500–500]             ,         500 ,      500 ,      500 ,Europe,40,3,,,,,,,,,
2000,4100[2900–5000]          ,        4100 ,     2900 ,     5000 ,Americas,41,3,,,,,,,,,
2000,na                       ,             ,          ,          ,Europe,42,3,,,,,,,,,
2000,510[500–580]             ,         510 ,      500 ,      580 ,Europe,43,3,,,,,,,,,
2000,na                       ,             ,          ,          ,Western Pacific,44,3,,,,,,,,,
2000,540000[470000–610000]    ,      540000 ,   470000 ,   610000 ,Africa,45,3,,,,,,,,,
2000,4000[3600–4600]          ,        4000 ,     3600 ,     4600 ,Europe,46,3,,,,,,,,,
2000,9400[7200–12000]         ,        9400 ,     7200 ,    12000 ,Eastern Mediterranean,47,3,,,,,,,,,
2000,85000[62000–120000]      ,       85000 ,    62000 ,   120000 ,Americas,48,3,,,,,,,,,
2000,26000[15000–46000]       ,       26000 ,    15000 ,    46000 ,Americas,49,3,,,,,,,,,
2000,1500[1400–1600]          ,        1500 ,     1400 ,     1600 ,Eastern Mediterranean,50,3,,,,,,,,,
2000,18000[14000–23000]       ,       18000 ,    14000 ,    23000 ,Americas,51,3,,,,,,,,,
2000,13000[9200–18000]        ,       13000 ,     9200 ,    18000 ,Africa,52,3,,,,,,,,,
2000,16000[12000–20000]       ,       16000 ,    12000 ,    20000 ,Africa,53,3,,,,,,,,,
2000,3400[2900–3900]          ,        3400 ,     2900 ,     3900 ,Europe,54,3,,,,,,,,,
2000,110000[98000–120000]     ,      110000 ,    98000 ,   120000 ,Africa,55,3,,,,,,,,,
2000,750000[570000–980000]    ,      750000 ,   570000 ,   980000 ,Africa,56,3,,,,,,,,,
2000,na                       ,             ,          ,          ,Western Pacific,57,3,,,,,,,,,
2000,1100[850–1400]           ,        1100 ,      850 ,     1400 ,Europe,58,3,,,,,,,,,
2000,82000[69000–97000]       ,       82000 ,    69000 ,    97000 ,Europe,59,3,,,,,,,,,
2000,28000[20000–38000]       ,       28000 ,    20000 ,    38000 ,Africa,60,3,,,,,,,,,
2000,9900[7200–13000]         ,        9900 ,     7200 ,    13000 ,Africa,61,3,,,,,,,,,
2000,980[720–1300]            ,         980 ,      720 ,     1300 ,Europe,62,3,,,,,,,,,
2000,45000[37000–54000]       ,       45000 ,    37000 ,    54000 ,Europe,63,3,,,,,,,,,
2000,270000[240000–300000]    ,      270000 ,   240000 ,   300000 ,Africa,64,3,,,,,,,,,
2000,na                       ,             ,          ,          ,Europe,65,3,,,,,,,,,
2000,44000[41000–47000]       ,       44000 ,    41000 ,    47000 ,Americas,66,3,,,,,,,,,
2000,83000[67000–100000]      ,       83000 ,    67000 ,   100000 ,Africa,67,3,,,,,,,,,
2000,22000[20000–25000]       ,       22000 ,    20000 ,    25000 ,Africa,68,3,,,,,,,,,
2000,2300[1600–3100]          ,        2300 ,     1600 ,     3100 ,Americas,69,3,,,,,,,,,
2000,150000[130000–180000]    ,      150000 ,   130000 ,   180000 ,Americas,70,3,,,,,,,,,
2000,40000[34000–49000]       ,       40000 ,    34000 ,    49000 ,Americas,71,3,,,,,,,,,
2000,830[700–950]             ,         830 ,      700 ,      950 ,Europe,72,3,,,,,,,,,
2000,100[100–200]             ,         100 ,      100 ,      200 ,Europe,73,3,,,,,,,,,
2000,na                       ,             ,          ,          ,South-East Asia,74,3,,,,,,,,,
2000,80000[72000–89000]       ,       80000 ,    72000 ,    89000 ,South-East Asia,75,3,,,,,,,,,
2000,16000[7900–35000]        ,       16000 ,     7900 ,    35000 ,Eastern Mediterranean,76,3,,,,,,,,,
2000,1900[1700–2200]          ,        1900 ,     1700 ,     2200 ,Europe,77,3,,,,,,,,,
2000,2700[2400–3100]          ,        2700 ,     2400 ,     3100 ,Europe,78,3,,,,,,,,,
2000,68000[57000–78000]       ,       68000 ,    57000 ,    78000 ,Europe,79,3,,,,,,,,,
2000,41000[37000–46000]       ,       41000 ,    37000 ,    46000 ,Americas,80,3,,,,,,,,,
2000,6200[5100–7200]          ,        6200 ,     5100 ,     7200 ,Western Pacific,81,3,,,,,,,,,
2000,100[100–200]             ,         100 ,      100 ,      200 ,Eastern Mediterranean,82,3,,,,,,,,,
2000,1100[1100–1200]          ,        1100 ,     1100 ,     1200 ,Europe,83,3,,,,,,,,,
2000,1700000[1400000–2000000] ,     1700000 ,  1400000 ,  2000000 ,Africa,84,3,,,,,,,,,
2000,200[200–200]             ,         200 ,      200 ,      200 ,Eastern Mediterranean,85,3,,,,,,,,,
2000,710[580–840]             ,         710 ,      580 ,      840 ,Europe,86,3,,,,,,,,,
2000,2200[2000–2400]          ,        2200 ,     2000 ,     2400 ,Western Pacific,87,3,,,,,,,,,
2000,2300[2200–2500]          ,        2300 ,     2200 ,     2500 ,Europe,88,3,,,,,,,,,
2000,910[790–1000]            ,         910 ,      790 ,     1000 ,Eastern Mediterranean,89,3,,,,,,,,,
2000,260000[240000–290000]    ,      260000 ,   240000 ,   290000 ,Africa,90,3,,,,,,,,,
2000,43000[41000–45000]       ,       43000 ,    41000 ,    45000 ,Africa,91,3,,,,,,,,,
2000,950[870–1000]            ,         950 ,      870 ,     1000 ,Eastern Mediterranean,92,3,,,,,,,,,
2000,na                       ,             ,          ,          ,Europe,93,3,,,,,,,,,
2000,500[500–500]             ,         500 ,      500 ,      500 ,Europe,94,3,,,,,,,,,
2000,13000[7900–20000]        ,       13000 ,     7900 ,    20000 ,Africa,95,3,,,,,,,,,
2000,810000[740000–860000]    ,      810000 ,   740000 ,   860000 ,Africa,96,3,,,,,,,,,
2000,55000[48000–65000]       ,       55000 ,    48000 ,    65000 ,Western Pacific,97,3,,,,,,,,,
2000,na                       ,             ,          ,          ,South-East Asia,98,3,,,,,,,,,
2000,110000[91000–130000]     ,      110000 ,    91000 ,   130000 ,Africa,99,3,,,,,,,,,
2000,na                       ,             ,          ,          ,Europe,100,3,,,,,,,,,
2000,5500[4500–6500]          ,        5500 ,     4500 ,     6500 ,Africa,101,3,,,,,,,,,
2000,3200[1500–6000]          ,        3200 ,     1500 ,     6000 ,Africa,102,3,,,,,,,,,
2000,130000[94000–190000]     ,      130000 ,    94000 ,   190000 ,Americas,103,3,,,,,,,,,
2000,100[100–100]             ,         100 ,      100 ,      100 ,Western Pacific,104,3,,,,,,,,,
2000,100[100–100]             ,         100 ,      100 ,      100 ,Europe,105,3,,,,,,,,,
2000,9700[7800–13000]         ,        9700 ,     7800 ,    13000 ,Eastern Mediterranean,106,3,,,,,,,,,
2000,840000[670000–1000000]   ,      840000 ,   670000 ,  1000000 ,Africa,107,3,,,,,,,,,
2000,150000[130000–170000]    ,      150000 ,   130000 ,   170000 ,South-East Asia,108,3,,,,,,,,,
2000,140000[130000–160000]    ,      140000 ,   130000 ,   160000 ,Africa,109,3,,,,,,,,,
2000,16000[14000–17000]       ,       16000 ,    14000 ,    17000 ,South-East Asia,110,3,,,,,,,,,
2000,11000[11000–12000]       ,       11000 ,    11000 ,    12000 ,Europe,111,3,,,,,,,,,
2000,1300[1100–1500]          ,        1300 ,     1100 ,     1500 ,Western Pacific,112,3,,,,,,,,,
2000,3600[2100–5300]          ,        3600 ,     2100 ,     5300 ,Americas,113,3,,,,,,,,,
2000,37000[31000–44000]       ,       37000 ,    31000 ,    44000 ,Africa,114,3,,,,,,,,,
2000,1300000[940000–1700000]  ,     1300000 ,   940000 ,  1700000 ,Africa,115,3,,,,,,,,,
2000,1900[1700–2100]          ,        1900 ,     1700 ,     2100 ,Europe,116,3,,,,,,,,,
2000,1300[1100–1400]          ,        1300 ,     1100 ,     1400 ,Eastern Mediterranean,117,3,,,,,,,,,
2000,500[500–520]             ,         500 ,      500 ,      520 ,Eastern Mediterranean,118,3,,,,,,,,,
2000,11000[10000–12000]       ,       11000 ,    10000 ,    12000 ,Americas,119,3,,,,,,,,,
2000,20000[17000–25000]       ,       20000 ,    17000 ,    25000 ,Western Pacific,120,3,,,,,,,,,
2000,14000[7100–21000]        ,       14000 ,     7100 ,    21000 ,Americas,121,3,,,,,,,,,
2000,71000[56000–94000]       ,       71000 ,    56000 ,    94000 ,Americas,122,3,,,,,,,,,
2000,1000[910–1200]           ,        1000 ,      910 ,     1200 ,Western Pacific,123,3,,,,,,,,,
2000,na                       ,             ,          ,          ,Europe,124,3,,,,,,,,,
2000,32000[27000–37000]       ,       32000 ,    27000 ,    37000 ,Europe,125,3,,,,,,,,,
2000,na                       ,             ,          ,          ,Eastern Mediterranean,126,3,,,,,,,,,
2000,na                       ,             ,          ,          ,Western Pacific,127,3,,,,,,,,,
2000,10000[8000–13000]        ,       10000 ,     8000 ,    13000 ,Europe,128,3,,,,,,,,,
2000,100[100–100]             ,         100 ,      100 ,      100 ,Europe,129,3,,,,,,,,,
2000,7500[6900–8100]          ,        7500 ,     6900 ,     8100 ,Europe,130,3,,,,,,,,,
2000,na                       ,             ,          ,          ,Europe,131,3,,,,,,,,,
2000,240000[220000–280000]    ,      240000 ,   220000 ,   280000 ,Africa,132,3,,,,,,,,,
2000,na                       ,             ,          ,          ,Eastern Mediterranean,133,3,,,,,,,,,
2000,33000[29000–39000]       ,       33000 ,    29000 ,    39000 ,Africa,134,3,,,,,,,,,
2000,1000[660–1400]           ,        1000 ,      660 ,     1400 ,Europe,135,3,,,,,,,,,
2000,40000[31000–50000]       ,       40000 ,    31000 ,    50000 ,Africa,136,3,,,,,,,,,
2000,2900[2600–3300]          ,        2900 ,     2600 ,     3300 ,Western Pacific,137,3,,,,,,,,,
2000,200[100–200]             ,         200 ,      100 ,      200 ,Europe,138,3,,,,,,,,,
2000,na                       ,             ,          ,          ,Europe,139,3,,,,,,,,,
2000,16000[14000–20000]       ,       16000 ,    14000 ,    20000 ,Eastern Mediterranean,140,3,,,,,,,,,
2000,3300000[2900000–3700000] ,     3300000 ,  2900000 ,  3700000 ,Africa,141,3,,,,,,,,,
2000,90000[56000–120000]      ,       90000 ,    56000 ,   120000 ,Africa,142,3,,,,,,,,,
2000,92000[78000–110000]      ,       92000 ,    78000 ,   110000 ,Europe,143,3,,,,,,,,,
2000,2200[1900–2400]          ,        2200 ,     1900 ,     2400 ,South-East Asia,144,3,,,,,,,,,
2000,15000[7500–29000]        ,       15000 ,     7500 ,    29000 ,Eastern Mediterranean,145,3,,,,,,,,,
2000,3100[2300–4400]          ,        3100 ,     2300 ,     4400 ,Americas,146,3,,,,,,,,,
2000,na                       ,             ,          ,          ,Europe,147,3,,,,,,,,,
2000,na                       ,             ,          ,          ,Europe,148,3,,,,,,,,,
2000,500[500–500]             ,         500 ,      500 ,      500 ,Eastern Mediterranean,149,3,,,,,,,,,
2000,1400[780–2700]           ,        1400 ,      780 ,     2700 ,Europe,150,3,,,,,,,,,
2000,740000[610000–890000]    ,      740000 ,   610000 ,   890000 ,South-East Asia,151,3,,,,,,,,,
2000,na                       ,             ,          ,          ,South-East Asia,152,3,,,,,,,,,
2000,94000[87000–100000]      ,       94000 ,    87000 ,   100000 ,Africa,153,3,,,,,,,,,
2000,na                       ,             ,          ,          ,Americas,154,3,,,,,,,,,
2000,500[200–710]             ,         500 ,      200 ,      710 ,Eastern Mediterranean,155,3,,,,,,,,,
2000,na                       ,             ,          ,          ,Europe,156,3,,,,,,,,,
2000,na                       ,             ,          ,          ,Europe,157,3,,,,,,,,,
2000,1000000[930000–1100000]  ,     1000000 ,   930000 ,  1100000 ,Africa,158,3,,,,,,,,,
2000,170000[150000–180000]    ,      170000 ,   150000 ,   180000 ,Europe,159,3,,,,,,,,,
2000,na                       ,             ,          ,          ,Eastern Mediterranean,160,3,,,,,,,,,
2000,na                       ,             ,          ,          ,Europe,161,3,,,,,,,,,
2000,1100000[1000000–1200000] ,     1100000 ,  1000000 ,  1200000 ,Africa,162,3,,,,,,,,,
2000,na                       ,             ,          ,          ,Americas,163,3,,,,,,,,,
2000,6000[4200–12000]         ,        6000 ,     4200 ,    12000 ,Americas,164,3,,,,,,,,,
2000,14000[13000–16000]       ,       14000 ,    13000 ,    16000 ,Europe,165,3,,,,,,,,,
2000,na                       ,             ,          ,          ,Americas,166,3,,,,,,,,,
2000,120000[110000–130000]    ,      120000 ,   110000 ,   130000 ,Western Pacific,167,3,,,,,,,,,
2000,1100[680–2500]           ,        1100 ,      680 ,     2500 ,Eastern Mediterranean,168,3,,,,,,,,,
2000,890000[800000–1000000]   ,      890000 ,   800000 ,  1000000 ,Africa,169,3,,,,,,,,,
2000,1600000[1400000–1900000] ,     1600000 ,  1400000 ,  1900000 ,Africa,170,3,,,,,,,,,
2020,,,,,Eastern Mediterranean,1,4,20                       ,200[100–500]            ,11[7–18]            ,                           200 ,                        100 ,                        500 ,                        11 ,                      7 ,                     18 
2020,,,,,Europe,2,4,No data                  ,Nodata                  ,Nodata              ,                               ,                            ,                            ,                           ,                        ,                        
2020,,,,,Africa,3,4,320                      ,500[500–500]            ,74[69–78]           ,                           500 ,                        500 ,                        500 ,                        74 ,                     69 ,                     78 
2020,,,,,Africa,4,4,9600                     ,25000[19000–32000]      ,38[29–48]           ,                         25000 ,                      19000 ,                      32000 ,                        38 ,                     29 ,                     48 
2020,,,,,Americas,5,4,1800                     ,1800[1600–2000]         ,95[85–95]           ,                          1800 ,                       1600 ,                       2000 ,                        95 ,                     85 ,                     95 
2020,,,,,Europe,6,4,50                       ,Nodata                  ,Nodata              ,                               ,                            ,                            ,                           ,                        ,                        
2020,,,,,Western Pacific,7,4,No data                  ,100[100–100]            ,Nodata              ,                           100 ,                        100 ,                        100 ,                           ,                        ,                        
2020,,,,,Europe,8,4,No data                  ,Nodata                  ,Nodata              ,                               ,                            ,                            ,                           ,                        ,                        
2020,,,,,Europe,9,4,No data                  ,Nodata                  ,Nodata              ,                               ,                            ,                            ,                           ,                        ,                        
2020,,,,,Americas,10,4,50                       ,100[100–200]            ,58[51–65]           ,                           100 ,                        100 ,                        200 ,                        58 ,                     51 ,                     65 
2020,,,,,Eastern Mediterranean,11,4,0                        ,Nodata                  ,Nodata              ,                               ,                            ,                            ,                           ,                        ,                        
2020,,,,,South-East Asia,12,4,40                       ,200[200–200]            ,28[24–33]           ,                           200 ,                        200 ,                        200 ,                        28 ,                     24 ,                     33 
2020,,,,,Americas,13,4,20                       ,Nodata                  ,Nodata              ,                               ,                            ,                            ,                           ,                        ,                        
2020,,,,,Europe,14,4,230                      ,500[200–500]            ,90[67–95]           ,                           500 ,                        200 ,                        500 ,                        90 ,                     67 ,                     95 
2020,,,,,Europe,15,4,No data                  ,Nodata                  ,Nodata              ,                               ,                            ,                            ,                           ,                        ,                        
2020,,,,,Americas,16,4,40                       ,100[100–200]            ,44[39–49]           ,                           100 ,                        100 ,                        200 ,                        44 ,                     39 ,                     49 
2020,,,,,Africa,17,4,4600                     ,2600[1600–4300]         ,95[95–95]           ,                          2600 ,                       1600 ,                       4300 ,                        95 ,                     95 ,                     95 
2020,,,,,South-East Asia,18,4,No data                  ,Nodata                  ,Nodata              ,                               ,                            ,                            ,                           ,                        ,                        
2020,,,,,Americas,19,4,350                      ,500[500–500]            ,95[95–95]           ,                           500 ,                        500 ,                        500 ,                        95 ,                     95 ,                     95 
2020,,,,,Europe,20,4,No data                  ,Nodata                  ,Nodata              ,                               ,                            ,                            ,                           ,                        ,                        
2020,,,,,Africa,21,4,12 400                   ,13000[10000–14000]      ,95[77–95]           ,                         13000 ,                      10000 ,                      14000 ,                        95 ,                     77 ,                     95 
2020,,,,,Americas,22,4,No data                  ,Nodata                  ,Nodata              ,                               ,                            ,                            ,                           ,                        ,                        
2020,,,,,Western Pacific,23,4,0                        ,Nodata                  ,                    ,                               ,                            ,                            ,                           ,                        ,                        
2020,,,,,Europe,24,4,No data                  ,Nodata                  ,Nodata              ,                               ,                            ,                            ,                           ,                        ,                        
2020,,,,,Africa,25,4,4700                     ,4900[3600–6100]         ,95[71–95]           ,                          4900 ,                       3600 ,                       6100 ,                        95 ,                     71 ,                     95 
2020,,,,,Africa,26,4,4000                     ,5000[3800–6000]         ,80[61–95]           ,                          5000 ,                       3800 ,                       6000 ,                        80 ,                     61 ,                     95 
2020,,,,,Africa,27,4,No data                  ,Nodata                  ,Nodata              ,                               ,                            ,                            ,                           ,                        ,                        
2020,,,,,Western Pacific,28,4,620                      ,730[600–850]            ,85[71–95]           ,                           730 ,                        600 ,                        850 ,                        85 ,                     71 ,                     95 
2020,,,,,Africa,29,4,21 700                   ,27000[21000–32000]      ,80[61–94]           ,                         27000 ,                      21000 ,                      32000 ,                        80 ,                     61 ,                     94 
2020,,,,,Americas,30,4,No data                  ,Nodata                  ,Nodata              ,                               ,                            ,                            ,                           ,                        ,                        
2020,,,,,Africa,31,4,3200                     ,4500[3300–5800]         ,71[52–91]           ,                          4500 ,                       3300 ,                       5800 ,                        71 ,                     52 ,                     91 
2020,,,,,Africa,32,4,5600                     ,10000[7200–13000]       ,56[40–72]           ,                         10000 ,                       7200 ,                      13000 ,                        56 ,                     40 ,                     72 
2020,,,,,Americas,33,4,370                      ,500[500–500]            ,95[95–95]           ,                           500 ,                        500 ,                        500 ,                        95 ,                     95 ,                     95 
2020,,,,,Western Pacific,34,4,No data                  ,Nodata                  ,Nodata              ,                               ,                            ,                            ,                           ,                        ,                        
2020,,,,,Americas,35,4,490                      ,2300[1900–2700]         ,21[17–25]           ,                          2300 ,                       1900 ,                       2700 ,                        21 ,                     17 ,                     25 
2020,,,,,Africa,36,4,0                        ,Nodata                  ,Nodata              ,                               ,                            ,                            ,                           ,                        ,                        
2020,,,,,Americas,37,4,1000                     ,4100[2800–5800]         ,25[17–36]           ,                          4100 ,                       2800 ,                       5800 ,                        25 ,                     17 ,                     36 
2020,,,,,Americas,38,4,40                       ,Nodata                  ,Nodata              ,                               ,                            ,                            ,                           ,                        ,                        
2020,,,,,Africa,39,4,16 500                   ,18000[13000–24000]      ,90[65–95]           ,                         18000 ,                      13000 ,                      24000 ,                        90 ,                     65 ,                     95 
2020,,,,,Europe,40,4,No data                  ,Nodata                  ,Nodata              ,                               ,                            ,                            ,                           ,                        ,                        
2020,,,,,Americas,41,4,180                      ,200[200–200]            ,95[86–95]           ,                           200 ,                        200 ,                        200 ,                        95 ,                     86 ,                     95 
2020,,,,,Europe,42,4,No data                  ,Nodata                  ,Nodata              ,                               ,                            ,                            ,                           ,                        ,                        
2020,,,,,Europe,43,4,10                       ,Nodata                  ,Nodata              ,                               ,                            ,                            ,                           ,                        ,                        
2020,,,,,Western Pacific,44,4,No data                  ,Nodata                  ,                    ,                               ,                            ,                            ,                           ,                        ,                        
2020,,,,,Africa,45,4,11 400                   ,26000[20000–31000]      ,44[33–52]           ,                         26000 ,                      20000 ,                      31000 ,                        44 ,                     33 ,                     52 
2020,,,,,Europe,46,4,No data                  ,Nodata                  ,Nodata              ,                               ,                            ,                            ,                           ,                        ,                        
2020,,,,,Eastern Mediterranean,47,4,60                       ,500[200–500]            ,30[22–39]           ,                           500 ,                        200 ,                        500 ,                        30 ,                     22 ,                     39 
2020,,,,,Americas,48,4,770                      ,910[690–1200]           ,84[64–95]           ,                           910 ,                        690 ,                       1200 ,                        84 ,                     64 ,                     95 
2020,,,,,Americas,49,4,370                      ,500[500–620]            ,95[68–95]           ,                           500 ,                        500 ,                        620 ,                        95 ,                     68 ,                     95 
2020,,,,,Eastern Mediterranean,50,4,60                       ,500[500–500]            ,16[15–18]           ,                           500 ,                        500 ,                        500 ,                        16 ,                     15 ,                     18 
2020,,,,,Americas,51,4,110                      ,500[500–500]            ,40[33–46]           ,                           500 ,                        500 ,                        500 ,                        40 ,                     33 ,                     46 
2020,,,,,Africa,52,4,1300                     ,2600[1800–3500]         ,50[35–68]           ,                          2600 ,                       1800 ,                       3500 ,                        50 ,                     35 ,                     68 
2020,,,,,Africa,53,4,230                      ,500[500–690]            ,48[34–69]           ,                           500 ,                        500 ,                        690 ,                        48 ,                     34 ,                     69 
2020,,,,,Europe,54,4,No data                  ,Nodata                  ,Nodata              ,                               ,                            ,                            ,                           ,                        ,                        
2020,,,,,Africa,55,4,8600                     ,11000[9000–12000]       ,79[66–89]           ,                         11000 ,                       9000 ,                      12000 ,                        79 ,                     66 ,                     89 
2020,,,,,Africa,56,4,18 400                   ,20000[14000–28000]      ,92[63–95]           ,                         20000 ,                      14000 ,                      28000 ,                        92 ,                     63 ,                     95 
2020,,,,,Western Pacific,57,4,No data                  ,Nodata                  ,Nodata              ,                               ,                            ,                            ,                           ,                        ,                        
2020,,,,,Europe,58,4,No data                  ,Nodata                  ,Nodata              ,                               ,                            ,                            ,                           ,                        ,                        
2020,,,,,Europe,59,4,No data                  ,1200[1100–1300]         ,Nodata              ,                          1200 ,                       1100 ,                       1300 ,                           ,                        ,                        
2020,,,,,Africa,60,4,1900                     ,2700[1900–3600]         ,72[52–95]           ,                          2700 ,                       1900 ,                       3600 ,                        72 ,                     52 ,                     95 
2020,,,,,Africa,61,4,700                      ,1000[820–1300]          ,68[54–86]           ,                          1000 ,                        820 ,                       1300 ,                        68 ,                     54 ,                     86 
2020,,,,,Europe,62,4,No data                  ,Nodata                  ,Nodata              ,                               ,                            ,                            ,                           ,                        ,                        
2020,,,,,Europe,63,4,No data                  ,500[500–500]            ,Nodata              ,                           500 ,                        500 ,                        500 ,                           ,                        ,                        
2020,,,,,Africa,64,4,13 000                   ,16000[12000–21000]      ,79[58–95]           ,                         16000 ,                      12000 ,                      21000 ,                        79 ,                     58 ,                     95 
2020,,,,,Europe,65,4,No data                  ,Nodata                  ,Nodata              ,                               ,                            ,                            ,                           ,                        ,                        
2020,,,,,Americas,66,4,270                      ,790[720–870]            ,34[31–38]           ,                           790 ,                        720 ,                        870 ,                        34 ,                     31 ,                     38 
2020,,,,,Africa,67,4,3300                     ,5100[3800–6600]         ,65[48–84]           ,                          5100 ,                       3800 ,                       6600 ,                        65 ,                     48 ,                     84 
2020,,,,,Africa,68,4,1000                     ,2100[1700–2500]         ,48[38–58]           ,                          2100 ,                       1700 ,                       2500 ,                        48 ,                     38 ,                     58 
2020,,,,,Americas,69,4,160                      ,200[200–500]            ,89[67–95]           ,                           200 ,                        200 ,                        500 ,                        89 ,                     67 ,                     95 
2020,,,,,Americas,70,4,4900                     ,5900[4700–6800]         ,83[67–95]           ,                          5900 ,                       4700 ,                       6800 ,                        83 ,                     67 ,                     95 
2020,,,,,Americas,71,4,200                      ,500[500–500]            ,59[48–72]           ,                           500 ,                        500 ,                        500 ,                        59 ,                     48 ,                     72 
2020,,,,,Europe,72,4,No data                  ,Nodata                  ,Nodata              ,                               ,                            ,                            ,                           ,                        ,                        
2020,,,,,Europe,73,4,No data                  ,Nodata                  ,Nodata              ,                               ,                            ,                            ,                           ,                        ,                        
2020,,,,,South-East Asia,74,4,13 200                   ,Nodata                  ,Nodata              ,                               ,                            ,                            ,                           ,                        ,                        
2020,,,,,South-East Asia,75,4,1800                     ,12000[10000–14000]      ,15[13–18]           ,                         12000 ,                      10000 ,                      14000 ,                        15 ,                     13 ,                     18 
2020,,,,,Eastern Mediterranean,76,4,310                      ,500[200–840]            ,81[41–95]           ,                           500 ,                        200 ,                        840 ,                        81 ,                     41 ,                     95 
2020,,,,,Europe,77,4,No data                  ,100[100–100]            ,Nodata              ,                           100 ,                        100 ,                        100 ,                           ,                        ,                        
2020,,,,,Europe,78,4,No data                  ,100[100–100]            ,Nodata              ,                           100 ,                        100 ,                        100 ,                           ,                        ,                        
2020,,,,,Europe,79,4,No data                  ,500[500–500]            ,Nodata              ,                           500 ,                        500 ,                        500 ,                           ,                        ,                        
2020,,,,,Americas,80,4,400                      ,500[500–500]            ,95[95–95]           ,                           500 ,                        500 ,                        500 ,                        95 ,                     95 ,                     95 
2020,,,,,Western Pacific,81,4,No data                  ,Nodata                  ,Nodata              ,                               ,                            ,                            ,                           ,                        ,                        
2020,,,,,Eastern Mediterranean,82,4,No data                  ,Nodata                  ,Nodata              ,                               ,                            ,                            ,                           ,                        ,                        
2020,,,,,Europe,83,4,360                      ,610[550–660]            ,59[54–65]           ,                           610 ,                        550 ,                        660 ,                        59 ,                     54 ,                     65 
2020,,,,,Africa,84,4,57 500                   ,63000[49000–80000]      ,91[70–95]           ,                         63000 ,                      49000 ,                      80000 ,                        91 ,                     70 ,                     95 
2020,,,,,Eastern Mediterranean,85,4,0                        ,Nodata                  ,Nodata              ,                               ,                            ,                            ,                           ,                        ,                        
2020,,,,,Europe,86,4,130                      ,200[200–500]            ,88[69–95]           ,                           200 ,                        200 ,                        500 ,                        88 ,                     69 ,                     95 
2020,,,,,Western Pacific,87,4,90                       ,500[500–500]            ,35[31–41]           ,                           500 ,                        500 ,                        500 ,                        35 ,                     31 ,                     41 
2020,,,,,Europe,88,4,No data                  ,Nodata                  ,Nodata              ,                               ,                            ,                            ,                           ,                        ,                        
2020,,,,,Eastern Mediterranean,89,4,No data                  ,Nodata                  ,Nodata              ,                               ,                            ,                            ,                           ,                        ,                        
2020,,,,,Africa,90,4,8200                     ,11000[8200–12000]       ,77[59–89]           ,                         11000 ,                       8200 ,                      12000 ,                        77 ,                     59 ,                     89 
2020,,,,,Africa,91,4,1800                     ,2000[1500–2300]         ,93[70–95]           ,                          2000 ,                       1500 ,                       2300 ,                        93 ,                     70 ,                     95 
2020,,,,,Eastern Mediterranean,92,4,60                       ,200[100–200]            ,63[56–69]           ,                           200 ,                        100 ,                        200 ,                        63 ,                     56 ,                     69 
2020,,,,,Europe,93,4,No data                  ,Nodata                  ,Nodata              ,                               ,                            ,                            ,                           ,                        ,                        
2020,,,,,Europe,94,4,No data                  ,Nodata                  ,Nodata              ,                               ,                            ,                            ,                           ,                        ,                        
2020,,,,,Africa,95,4,280                      ,1100[820–1600]          ,25[19–36]           ,                          1100 ,                        820 ,                       1600 ,                        25 ,                     19 ,                     36 
2020,,,,,Africa,96,4,47 100                   ,45000[34000–53000]      ,95[80–95]           ,                         45000 ,                      34000 ,                      53000 ,                        95 ,                     80 ,                     95 
2020,,,,,Western Pacific,97,4,260                      ,500[500–500]            ,95[86–95]           ,                           500 ,                        500 ,                        500 ,                        95 ,                     86 ,                     95 
2020,,,,,South-East Asia,98,4,No data                  ,Nodata                  ,                    ,                               ,                            ,                            ,                           ,                        ,                        
2020,,,,,Africa,99,4,2400                     ,10000[8300–13000]       ,24[19–31]           ,                         10000 ,                       8300 ,                      13000 ,                        24 ,                     19 ,                     31 
2020,,,,,Europe,100,4,No data                  ,Nodata                  ,Nodata              ,                               ,                            ,                            ,                           ,                        ,                        
2020,,,,,Africa,101,4,50                       ,200[200–200]            ,38[31–47]           ,                           200 ,                        200 ,                        200 ,                        38 ,                     31 ,                     47 
2020,,,,,Africa,102,4,110                      ,100[100–100]            ,95[95–95]           ,                           100 ,                        100 ,                        100 ,                        95 ,                     95 ,                     95 
2020,,,,,Americas,103,4,No data                  ,Nodata                  ,Nodata              ,                               ,                            ,                            ,                           ,                        ,                        
2020,,,,,Western Pacific,104,4,No data                  ,Nodata                  ,Nodata              ,                               ,                            ,                            ,                           ,                        ,                        
2020,,,,,Europe,105,4,No data                  ,Nodata                  ,Nodata              ,                               ,                            ,                            ,                           ,                        ,                        
2020,,,,,Eastern Mediterranean,106,4,220                      ,500[500–500]            ,61[50–78]           ,                           500 ,                        500 ,                        500 ,                        61 ,                     50 ,                     78 
2020,,,,,Africa,107,4,109 000                  ,110000[78000–140000]    ,95[73–95]           ,                        110000 ,                      78000 ,                     140000 ,                        95 ,                     73 ,                     95 
2020,,,,,South-East Asia,108,4,4300                     ,5400[4700–6100]         ,80[69–89]           ,                          5400 ,                       4700 ,                       6100 ,                        80 ,                     69 ,                     89 
2020,,,,,Africa,109,4,12 100                   ,10000[8200–12000]       ,95[92–95]           ,                         10000 ,                       8200 ,                      12000 ,                        95 ,                     92 ,                     95 
2020,,,,,South-East Asia,110,4,150                      ,500[500–500]            ,51[43–60]           ,                           500 ,                        500 ,                        500 ,                        51 ,                     43 ,                     60 
2020,,,,,Europe,111,4,No data                  ,Nodata                  ,Nodata              ,                               ,                            ,                            ,                           ,                        ,                        
2020,,,,,Western Pacific,112,4,0                        ,Nodata                  ,Nodata              ,                               ,                            ,                            ,                           ,                        ,                        
2020,,,,,Americas,113,4,120                      ,200[200–200]            ,90[73–95]           ,                           200 ,                        200 ,                        200 ,                        90 ,                     73 ,                     95 
2020,,,,,Africa,114,4,940                      ,1600[1400–2000]         ,58[48–70]           ,                          1600 ,                       1400 ,                       2000 ,                        58 ,                     48 ,                     70 
2020,,,,,Africa,115,4,43 700                   ,100000[65000–140000]    ,44[28–62]           ,                        100000 ,                      65000 ,                     140000 ,                        44 ,                     28 ,                     62 
2020,,,,,Europe,116,4,No data                  ,Nodata                  ,Nodata              ,                               ,                            ,                            ,                           ,                        ,                        
2020,,,,,Eastern Mediterranean,117,4,40                       ,Nodata                  ,Nodata              ,                               ,                            ,                            ,                           ,                        ,                        
2020,,,,,Eastern Mediterranean,118,4,320                      ,3200[2700–3800]         ,10[8–12]            ,                          3200 ,                       2700 ,                       3800 ,                        10 ,                      8 ,                     12 
2020,,,,,Americas,119,4,190                      ,500[200–500]            ,92[83–95]           ,                           500 ,                        200 ,                        500 ,                        92 ,                     83 ,                     95 
2020,,,,,Western Pacific,120,4,960                      ,1200[910–1500]          ,79[59–95]           ,                          1200 ,                        910 ,                       1500 ,                        79 ,                     59 ,                     95 
2020,,,,,Americas,121,4,250                      ,500[200–500]            ,88[60–95]           ,                           500 ,                        200 ,                        500 ,                        88 ,                     60 ,                     95 
2020,,,,,Americas,122,4,930                      ,1100[880–1500]          ,85[67–95]           ,                          1100 ,                        880 ,                       1500 ,                        85 ,                     67 ,                     95 
2020,,,,,Western Pacific,123,4,70                       ,500[500–500]            ,18[15–22]           ,                           500 ,                        500 ,                        500 ,                        18 ,                     15 ,                     22 
2020,,,,,Europe,124,4,No data                  ,Nodata                  ,Nodata              ,                               ,                            ,                            ,                           ,                        ,                        
2020,,,,,Europe,125,4,No data                  ,200[100–200]            ,Nodata              ,                           200 ,                        100 ,                        200 ,                           ,                        ,                        
2020,,,,,Eastern Mediterranean,126,4,No data                  ,Nodata                  ,Nodata              ,                               ,                            ,                            ,                           ,                        ,                        
2020,,,,,Western Pacific,127,4,No data                  ,Nodata                  ,Nodata              ,                               ,                            ,                            ,                           ,                        ,                        
2020,,,,,Europe,128,4,180                      ,500[200–500]            ,73[54–95]           ,                           500 ,                        200 ,                        500 ,                        73 ,                     54 ,                     95 
2020,,,,,Europe,129,4,No data                  ,Nodata                  ,Nodata              ,                               ,                            ,                            ,                           ,                        ,                        
2020,,,,,Europe,130,4,230                      ,200[200–200]            ,95[95–95]           ,                           200 ,                        200 ,                        200 ,                        95 ,                     95 ,                     95 
2020,,,,,Europe,131,4,13 600                   ,Nodata                  ,Nodata              ,                               ,                            ,                            ,                           ,                        ,                        
2020,,,,,Africa,132,4,8600                     ,8100[6000–9400]         ,95[79–95]           ,                          8100 ,                       6000 ,                       9400 ,                        95 ,                     79 ,                     95 
2020,,,,,Eastern Mediterranean,133,4,40                       ,Nodata                  ,Nodata              ,                               ,                            ,                            ,                           ,                        ,                        
2020,,,,,Africa,134,4,1400                     ,2200[1800–2500]         ,65[56–75]           ,                          2200 ,                       1800 ,                       2500 ,                        65 ,                     56 ,                     75 
2020,,,,,Europe,135,4,No data                  ,Nodata                  ,Nodata              ,                               ,                            ,                            ,                           ,                        ,                        
2020,,,,,Africa,136,4,4400                     ,Nodata                  ,Nodata              ,                               ,                            ,                            ,                           ,                        ,                        
2020,,,,,Western Pacific,137,4,20                       ,Nodata                  ,Nodata              ,                               ,                            ,                            ,                           ,                        ,                        
2020,,,,,Europe,138,4,No data                  ,Nodata                  ,Nodata              ,                               ,                            ,                            ,                           ,                        ,                        
2020,,,,,Europe,139,4,No data                  ,Nodata                  ,Nodata              ,                               ,                            ,                            ,                           ,                        ,                        
2020,,,,,Eastern Mediterranean,140,4,90                       ,500[500–730]            ,19[14–31]           ,                           500 ,                        500 ,                        730 ,                        19 ,                     14 ,                     31 
2020,,,,,Africa,141,4,248 000                  ,290000[210000–350000]   ,87[63–95]           ,                        290000 ,                     210000 ,                     350000 ,                        87 ,                     63 ,                     95 
2020,,,,,Africa,142,4,5500                     ,9900[7200–13000]        ,56[41–74]           ,                          9900 ,                       7200 ,                      13000 ,                        56 ,                     41 ,                     74 
2020,,,,,Europe,143,4,No data                  ,500[200–500]            ,Nodata              ,                           500 ,                        200 ,                        500 ,                           ,                        ,                        
2020,,,,,South-East Asia,144,4,20                       ,Nodata                  ,Nodata              ,                               ,                            ,                            ,                           ,                        ,                        
2020,,,,,Eastern Mediterranean,145,4,100                      ,2000[760–3700]          ,5[2–9]              ,                          2000 ,                        760 ,                       3700 ,                         5 ,                      2 ,                      9 
2020,,,,,Americas,146,4,90                       ,100[100–100]            ,95[84–95]           ,                           100 ,                        100 ,                        100 ,                        95 ,                     84 ,                     95 
2020,,,,,Europe,147,4,No data                  ,Nodata                  ,Nodata              ,                               ,                            ,                            ,                           ,                        ,                        
2020,,,,,Europe,148,4,No data                  ,Nodata                  ,Nodata              ,                               ,                            ,                            ,                           ,                        ,                        
2020,,,,,Eastern Mediterranean,149,4,10                       ,Nodata                  ,Nodata              ,                               ,                            ,                            ,                           ,                        ,                        
2020,,,,,Europe,150,4,220                      ,500[500–560]            ,46[39–56]           ,                           500 ,                        500 ,                        560 ,                        46 ,                     39 ,                     56 
2020,,,,,South-East Asia,151,4,3800                     ,3900[3200–4500]         ,95[81–95]           ,                          3900 ,                       3200 ,                       4500 ,                        95 ,                     81 ,                     95 
2020,,,,,South-East Asia,152,4,No data                  ,Nodata                  ,Nodata              ,                               ,                            ,                            ,                           ,                        ,                        
2020,,,,,Africa,153,4,4300                     ,5400[4200–6200]         ,80[62–92]           ,                          5400 ,                       4200 ,                       6200 ,                        80 ,                     62 ,                     92 
2020,,,,,Americas,154,4,No data                  ,Nodata                  ,Nodata              ,                               ,                            ,                            ,                           ,                        ,                        
2020,,,,,Eastern Mediterranean,155,4,10                       ,Nodata                  ,Nodata              ,                               ,                            ,                            ,                           ,                        ,                        
2020,,,,,Europe,156,4,No data                  ,Nodata                  ,Nodata              ,                               ,                            ,                            ,                           ,                        ,                        
2020,,,,,Europe,157,4,No data                  ,Nodata                  ,                    ,                               ,                            ,                            ,                           ,                        ,                        
2020,,,,,Africa,158,4,94 800                   ,100000[81000–120000]    ,93[73–95]           ,                        100000 ,                      81000 ,                     120000 ,                        93 ,                     73 ,                     95 
2020,,,,,Europe,159,4,2200                     ,2200[1900–2500]         ,95[89–95]           ,                          2200 ,                       1900 ,                       2500 ,                        95 ,                     89 ,                     95 
2020,,,,,Eastern Mediterranean,160,4,10                       ,Nodata                  ,Nodata              ,                               ,                            ,                            ,                           ,                        ,                        
2020,,,,,Europe,161,4,No data                  ,Nodata                  ,Nodata              ,                               ,                            ,                            ,                           ,                        ,                        
2020,,,,,Africa,162,4,77 000                   ,83000[62000–98000]      ,93[70–95]           ,                         83000 ,                      62000 ,                      98000 ,                        93 ,                     70 ,                     95 
2020,,,,,Americas,163,4,No data                  ,Nodata                  ,Nodata              ,                               ,                            ,                            ,                           ,                        ,                        
2020,,,,,Americas,164,4,140                      ,200[100–200]            ,95[71–95]           ,                           200 ,                        100 ,                        200 ,                        95 ,                     71 ,                     95 
2020,,,,,Europe,165,4,540                      ,1500[1400–1600]         ,35[33–38]           ,                          1500 ,                       1400 ,                       1600 ,                        35 ,                     33 ,                     38 
2020,,,,,Americas,166,4,410                      ,Nodata                  ,Nodata              ,                               ,                            ,                            ,                           ,                        ,                        
2020,,,,,Western Pacific,167,4,1900                     ,2400[2000–2800]         ,81[69–95]           ,                          2400 ,                       2000 ,                       2800 ,                        81 ,                     69 ,                     95 
2020,,,,,Eastern Mediterranean,168,4,30                       ,500[200–500]            ,13[8–20]            ,                           500 ,                        200 ,                        500 ,                        13 ,                      8 ,                     20 
2020,,,,,Africa,169,4,56 500                   ,48000[38000–57000]      ,95[94–95]           ,                         48000 ,                      38000 ,                      57000 ,                        95 ,                     94 ,                     95 
2020,,,,,Africa,170,4,59 600                   ,63000[48000–76000]      ,94[71–95]           ,                         63000 ,                      48000 ,                      76000 ,                        94 ,                     71 ,                     95 
