Reported number of people receiving ART,Estimated number of people living with HIV,Estimated number of people living with HIV_median,Estimated number of people living with HIV_min,Estimated number of people living with HIV_max,Estimated ART coverage among people living with HIV (%)_median,Estimated ART coverage among people living with HIV (%)_min,Estimated ART coverage among people living with HIV (%)_max,WHO Region,id_pays,region_who,median,min,max,id_type_traitement,Reported number of children receiving ART,Estimated number of children needing ART based on WHO methods,Estimated number of children needing ART based on WHO methods_median,Estimated number of children needing ART based on WHO methods_min,Estimated number of children needing ART based on WHO methods_max,Estimated ART coverage among children (%)_median,Estimated ART coverage among children (%)_min,Estimated ART coverage among children (%)_max
920                                     ,7200[4100–11000]                           ,                                             7200 ,                                          4100 ,                                         11000 ,                                                            13 ,                                                          7 ,                                                         20 ,Eastern Mediterranean,1,eastern mediterranean,13.0,7.0,20.0,1,,,,,,,,
580                                     ,Nodata                                     ,                                                  ,                                               ,                                               ,                                                               ,                                                            ,                                                            ,Europe,2,europe,,,,1,,,,,,,,
12800                                   ,16000[15000–17000]                         ,                                            16000 ,                                         15000 ,                                         17000 ,                                                            81 ,                                                         75 ,                                                         86 ,Africa,3,africa,81.0,75.0,86.0,1,,,,,,,,
88700                                   ,330000[290000–390000]                      ,                                           330000 ,                                        290000 ,                                        390000 ,                                                            27 ,                                                         23 ,                                                         31 ,Africa,4,africa,27.0,23.0,31.0,1,,,,,,,,
85500                                   ,140000[130000–150000]                      ,                                           140000 ,                                        130000 ,                                        150000 ,                                                            61 ,                                                         55 ,                                                         67 ,Americas,5,americas,61.0,55.0,67.0,1,,,,,,,,
1900                                    ,3500[3000–4400]                            ,                                             3500 ,                                          3000 ,                                          4400 ,                                                            53 ,                                                         44 ,                                                         65 ,Europe,6,europe,53.0,44.0,65.0,1,,,,,,,,
22800                                   ,28000[23000–31000]                         ,                                            28000 ,                                         23000 ,                                         31000 ,                                                            83 ,                                                         70 ,                                                         93 ,Western Pacific,7,western pacific,83.0,70.0,93.0,1,,,,,,,,
Nodata                                  ,Nodata                                     ,                                                  ,                                               ,                                               ,                                                               ,                                                            ,                                                            ,Europe,8,europe,,,,1,,,,,,,,
4400                                    ,Nodata                                     ,                                                  ,                                               ,                                               ,                                                               ,                                                            ,                                                            ,Europe,9,europe,,,,1,,,,,,,,
3100                                    ,6000[5300–6700]                            ,                                             6000 ,                                          5300 ,                                          6700 ,                                                            52 ,                                                         45 ,                                                         58 ,Americas,10,americas,52.0,45.0,58.0,1,,,,,,,,
Nodata                                  ,Nodata                                     ,                                                  ,                                               ,                                               ,                                                               ,                                                            ,                                                            ,Eastern Mediterranean,11,eastern mediterranean,,,,1,,,,,,,,
3000                                    ,14000[12000–16000]                         ,                                            14000 ,                                         12000 ,                                         16000 ,                                                            22 ,                                                         19 ,                                                         25 ,South-East Asia,12,south-east asia,22.0,19.0,25.0,1,,,,,,,,
1500                                    ,3000[2700–3400]                            ,                                             3000 ,                                          2700 ,                                          3400 ,                                                            50 ,                                                         44 ,                                                         57 ,Americas,13,americas,50.0,44.0,57.0,1,,,,,,,,
15500                                   ,27000[22000–34000]                         ,                                            27000 ,                                         22000 ,                                         34000 ,                                                            59 ,                                                         48 ,                                                         75 ,Europe,14,europe,59.0,48.0,75.0,1,,,,,,,,
Nodata                                  ,Nodata                                     ,                                                  ,                                               ,                                               ,                                                               ,                                                            ,                                                            ,Europe,15,europe,,,,1,,,,,,,,
1400                                    ,4900[4400–5400]                            ,                                             4900 ,                                          4400 ,                                          5400 ,                                                            28 ,                                                         26 ,                                                         31 ,Americas,16,americas,28.0,26.0,31.0,1,,,,,,,,
44200                                   ,73000[48000–120000]                        ,                                            73000 ,                                         48000 ,                                        120000 ,                                                            61 ,                                                         40 ,                                                         95 ,Africa,17,africa,61.0,40.0,95.0,1,,,,,,,,
480                                     ,1300[700–2700]                             ,                                             1300 ,                                           700 ,                                          2700 ,                                                            37 ,                                                         20 ,                                                         78 ,South-East Asia,18,south-east asia,37.0,20.0,78.0,1,,,,,,,,
9900                                    ,22000[20000–24000]                         ,                                            22000 ,                                         20000 ,                                         24000 ,                                                            44 ,                                                         40 ,                                                         48 ,Americas,19,americas,44.0,40.0,48.0,1,,,,,,,,
220                                     ,500[500–500]                               ,                                              500 ,                                           500 ,                                           500 ,                                                            67 ,                                                         57 ,                                                         78 ,Europe,20,europe,67.0,57.0,78.0,1,,,,,,,,
307000                                  ,370000[330000–400000]                      ,                                           370000 ,                                        330000 ,                                        400000 ,                                                            83 ,                                                         75 ,                                                         90 ,Africa,21,africa,83.0,75.0,90.0,1,,,,,,,,
593000                                  ,900000[690000–1100000]                     ,                                           900000 ,                                        690000 ,                                       1100000 ,                                                            66 ,                                                         51 ,                                                         82 ,Americas,22,americas,66.0,51.0,82.0,1,,,,,,,,
150                                     ,Nodata                                     ,                                                  ,                                               ,                                               ,                                                               ,                                                            ,                                                            ,Western Pacific,23,western pacific,,,,1,,,,,,,,
1500                                    ,3500[3000–4100]                            ,                                             3500 ,                                          3000 ,                                          4100 ,                                                            41 ,                                                         35 ,                                                         48 ,Europe,24,europe,41.0,35.0,48.0,1,,,,,,,,
59300                                   ,96000[78000–120000]                        ,                                            96000 ,                                         78000 ,                                        120000 ,                                                            62 ,                                                         50 ,                                                         75 ,Africa,25,africa,62.0,50.0,75.0,1,,,,,,,,
65500                                   ,82000[71000–97000]                         ,                                            82000 ,                                         71000 ,                                         97000 ,                                                            80 ,                                                         69 ,                                                         94 ,Africa,26,africa,80.0,69.0,94.0,1,,,,,,,,
2200                                    ,2400[2100–2900]                            ,                                             2400 ,                                          2100 ,                                          2900 ,                                                            89 ,                                                         75 ,                                                         95 ,Africa,27,africa,89.0,75.0,95.0,1,,,,,,,,
59500                                   ,73000[64000–84000]                         ,                                            73000 ,                                         64000 ,                                         84000 ,                                                            81 ,                                                         71 ,                                                         93 ,Western Pacific,28,western pacific,81.0,71.0,93.0,1,,,,,,,,
281000                                  ,540000[470000–590000]                      ,                                           540000 ,                                        470000 ,                                        590000 ,                                                            52 ,                                                         46 ,                                                         57 ,Africa,29,africa,52.0,46.0,57.0,1,,,,,,,,
Nodata                                  ,Nodata                                     ,                                                  ,                                               ,                                               ,                                                               ,                                                            ,                                                            ,Americas,30,americas,,,,1,,,,,,,,
39600                                   ,110000[90000–140000]                       ,                                           110000 ,                                         90000 ,                                        140000 ,                                                            36 ,                                                         30 ,                                                         45 ,Africa,31,africa,36.0,30.0,45.0,1,,,,,,,,
61400                                   ,120000[94000–150000]                       ,                                           120000 ,                                         94000 ,                                        150000 ,                                                            51 ,                                                         40 ,                                                         63 ,Africa,32,africa,51.0,40.0,63.0,1,,,,,,,,
45100                                   ,71000[63000–78000]                         ,                                            71000 ,                                         63000 ,                                         78000 ,                                                            63 ,                                                         56 ,                                                         70 ,Americas,33,americas,63.0,56.0,70.0,1,,,,,,,,
718000                                  ,Nodata                                     ,                                                  ,                                               ,                                               ,                                                               ,                                                            ,                                                            ,Western Pacific,34,western pacific,,,,1,,,,,,,,
113000                                  ,160000[130000–180000]                      ,                                           160000 ,                                        130000 ,                                        180000 ,                                                            73 ,                                                         60 ,                                                         86 ,Americas,35,americas,73.0,60.0,86.0,1,,,,,,,,
100                                     ,200[100–500]                               ,                                              200 ,                                           100 ,                                           500 ,                                                            79 ,                                                         39 ,                                                         95 ,Africa,36,africa,79.0,39.0,95.0,1,,,,,,,,
31200                                   ,89000[69000–120000]                        ,                                            89000 ,                                         69000 ,                                        120000 ,                                                            35 ,                                                         27 ,                                                         46 ,Americas,37,americas,35.0,27.0,46.0,1,,,,,,,,
7200                                    ,15000[13000–17000]                         ,                                            15000 ,                                         13000 ,                                         17000 ,                                                            49 ,                                                         44 ,                                                         54 ,Americas,38,americas,49.0,44.0,54.0,1,,,,,,,,
252000                                  ,460000[360000–580000]                      ,                                           460000 ,                                        360000 ,                                        580000 ,                                                            55 ,                                                         44 ,                                                         70 ,Africa,39,africa,55.0,44.0,70.0,1,,,,,,,,
1200                                    ,1600[1400–1700]                            ,                                             1600 ,                                          1400 ,                                          1700 ,                                                            75 ,                                                         67 ,                                                         83 ,Europe,40,europe,75.0,67.0,83.0,1,,,,,,,,
21900                                   ,31000[24000–37000]                         ,                                            31000 ,                                         24000 ,                                         37000 ,                                                            72 ,                                                         55 ,                                                         85 ,Americas,41,americas,72.0,55.0,85.0,1,,,,,,,,
Nodata                                  ,Nodata                                     ,                                                  ,                                               ,                                               ,                                                               ,                                                            ,                                                            ,Europe,42,europe,,,,1,,,,,,,,
2600                                    ,4400[3700–5000]                            ,                                             4400 ,                                          3700 ,                                          5000 ,                                                            60 ,                                                         51 ,                                                         68 ,Europe,43,europe,60.0,51.0,68.0,1,,,,,,,,
Nodata                                  ,Nodata                                     ,                                                  ,                                               ,                                               ,                                                               ,                                                            ,                                                            ,Western Pacific,44,western pacific,,,,1,,,,,,,,
256000                                  ,450000[370000–530000]                      ,                                           450000 ,                                        370000 ,                                        530000 ,                                                            57 ,                                                         47 ,                                                         67 ,Africa,45,africa,57.0,47.0,67.0,1,,,,,,,,
5500                                    ,6200[5600–7000]                            ,                                             6200 ,                                          5600 ,                                          7000 ,                                                            89 ,                                                         79 ,                                                         95 ,Europe,46,europe,89.0,79.0,95.0,1,,,,,,,,
2700                                    ,8800[7100–11000]                           ,                                             8800 ,                                          7100 ,                                         11000 ,                                                            30 ,                                                         25 ,                                                         38 ,Eastern Mediterranean,47,eastern mediterranean,30.0,25.0,38.0,1,,,,,,,,
39000                                   ,70000[54000–92000]                         ,                                            70000 ,                                         54000 ,                                         92000 ,                                                            56 ,                                                         43 ,                                                         73 ,Americas,48,americas,56.0,43.0,73.0,1,,,,,,,,
25100                                   ,44000[29000–71000]                         ,                                            44000 ,                                         29000 ,                                         71000 ,                                                            57 ,                                                         38 ,                                                         93 ,Americas,49,americas,57.0,38.0,93.0,1,,,,,,,,
6700                                    ,22000[20000–24000]                         ,                                            22000 ,                                         20000 ,                                         24000 ,                                                            31 ,                                                         28 ,                                                         33 ,Eastern Mediterranean,50,eastern mediterranean,31.0,28.0,33.0,1,,,,,,,,
11900                                   ,25000[21000–30000]                         ,                                            25000 ,                                         21000 ,                                         30000 ,                                                            47 ,                                                         39 ,                                                         55 ,Americas,51,americas,47.0,39.0,55.0,1,,,,,,,,
21400                                   ,62000[50000–81000]                         ,                                            62000 ,                                         50000 ,                                         81000 ,                                                            34 ,                                                         27 ,                                                         44 ,Africa,52,africa,34.0,27.0,44.0,1,,,,,,,,
8900                                    ,18000[13000–24000]                         ,                                            18000 ,                                         13000 ,                                         24000 ,                                                            51 ,                                                         38 ,                                                         68 ,Africa,53,africa,51.0,38.0,68.0,1,,,,,,,,
4300                                    ,7400[6600–8200]                            ,                                             7400 ,                                          6600 ,                                          8200 ,                                                            59 ,                                                         53 ,                                                         66 ,Europe,54,europe,59.0,53.0,66.0,1,,,,,,,,
177000                                  ,210000[190000–220000]                      ,                                           210000 ,                                        190000 ,                                        220000 ,                                                            86 ,                                                         80 ,                                                         94 ,Africa,55,africa,86.0,80.0,94.0,1,,,,,,,,
450000                                  ,690000[530000–900000]                      ,                                           690000 ,                                        530000 ,                                        900000 ,                                                            65 ,                                                         50 ,                                                         85 ,Africa,56,africa,65.0,50.0,85.0,1,,,,,,,,
Nodata                                  ,Nodata                                     ,                                                  ,                                               ,                                               ,                                                               ,                                                            ,                                                            ,Western Pacific,57,western pacific,,,,1,,,,,,,,
3000                                    ,4000[3100–4900]                            ,                                             4000 ,                                          3100 ,                                          4900 ,                                                            76 ,                                                         60 ,                                                         95 ,Europe,58,europe,76.0,60.0,95.0,1,,,,,,,,
148000                                  ,180000[150000–210000]                      ,                                           180000 ,                                        150000 ,                                        210000 ,                                                            83 ,                                                         69 ,                                                         95 ,Europe,59,europe,83.0,69.0,95.0,1,,,,,,,,
35600                                   ,53000[43000–67000]                         ,                                            53000 ,                                         43000 ,                                         67000 ,                                                            67 ,                                                         54 ,                                                         85 ,Africa,60,africa,67.0,54.0,85.0,1,,,,,,,,
7500                                    ,26000[21000–33000]                         ,                                            26000 ,                                         21000 ,                                         33000 ,                                                            29 ,                                                         24 ,                                                         38 ,Africa,61,africa,29.0,24.0,38.0,1,,,,,,,,
4600                                    ,9400[8100–11000]                           ,                                             9400 ,                                          8100 ,                                         11000 ,                                                            49 ,                                                         42 ,                                                         57 ,Europe,62,europe,49.0,42.0,57.0,1,,,,,,,,
69900                                   ,87000[71000–100000]                        ,                                            87000 ,                                         71000 ,                                        100000 ,                                                            80 ,                                                         65 ,                                                         93 ,Europe,63,europe,80.0,65.0,93.0,1,,,,,,,,
113000                                  ,330000[280000–390000]                      ,                                           330000 ,                                        280000 ,                                        390000 ,                                                            34 ,                                                         28 ,                                                         39 ,Africa,64,africa,34.0,28.0,39.0,1,,,,,,,,
Nodata                                  ,Nodata                                     ,                                                  ,                                               ,                                               ,                                                               ,                                                            ,                                                            ,Europe,65,europe,,,,1,,,,,,,,
20200                                   ,47000[43000–51000]                         ,                                            47000 ,                                         43000 ,                                         51000 ,                                                            43 ,                                                         40 ,                                                         47 ,Americas,66,americas,43.0,40.0,47.0,1,,,,,,,,
48600                                   ,120000[100000–140000]                      ,                                           120000 ,                                        100000 ,                                        140000 ,                                                            40 ,                                                         34 ,                                                         48 ,Africa,67,africa,40.0,34.0,48.0,1,,,,,,,,
14600                                   ,44000[39000–49000]                         ,                                            44000 ,                                         39000 ,                                         49000 ,                                                            33 ,                                                         29 ,                                                         37 ,Africa,68,africa,33.0,29.0,37.0,1,,,,,,,,
5600                                    ,8200[7200–9400]                            ,                                             8200 ,                                          7200 ,                                          9400 ,                                                            68 ,                                                         60 ,                                                         78 ,Americas,69,americas,68.0,60.0,78.0,1,,,,,,,,
91500                                   ,160000[140000–180000]                      ,                                           160000 ,                                        140000 ,                                        180000 ,                                                            58 ,                                                         52 ,                                                         65 ,Americas,70,americas,58.0,52.0,65.0,1,,,,,,,,
11700                                   ,23000[18000–28000]                         ,                                            23000 ,                                         18000 ,                                         28000 ,                                                            50 ,                                                         40 ,                                                         61 ,Americas,71,americas,50.0,40.0,61.0,1,,,,,,,,
2000                                    ,3700[3200–4200]                            ,                                             3700 ,                                          3200 ,                                          4200 ,                                                            56 ,                                                         48 ,                                                         63 ,Europe,72,europe,56.0,48.0,63.0,1,,,,,,,,
250                                     ,500[500–500]                               ,                                              500 ,                                           500 ,                                           500 ,                                                            79 ,                                                         71 ,                                                         87 ,Europe,73,europe,79.0,71.0,87.0,1,,,,,,,,
Nodata                                  ,Nodata                                     ,                                                  ,                                               ,                                               ,                                                               ,                                                            ,                                                            ,South-East Asia,74,south-east asia,,,,1,,,,,,,,
108000                                  ,640000[550000–750000]                      ,                                           640000 ,                                        550000 ,                                        750000 ,                                                            17 ,                                                         15 ,                                                         20 ,South-East Asia,75,south-east asia,17.0,15.0,20.0,1,,,,,,,,
12400                                   ,61000[34000–120000]                        ,                                            61000 ,                                         34000 ,                                        120000 ,                                                            20 ,                                                         11 ,                                                         39 ,Eastern Mediterranean,76,eastern mediterranean,20.0,11.0,39.0,1,,,,,,,,
5700                                    ,7200[6200–8000]                            ,                                             7200 ,                                          6200 ,                                          8000 ,                                                            80 ,                                                         69 ,                                                         89 ,Europe,77,europe,80.0,69.0,89.0,1,,,,,,,,
Nodata                                  ,9000[8000–10000]                           ,                                             9000 ,                                          8000 ,                                         10000 ,                                                               ,                                                            ,                                                            ,Europe,78,europe,,,,1,,,,,,,,
118000                                  ,130000[110000–140000]                      ,                                           130000 ,                                        110000 ,                                        140000 ,                                                            91 ,                                                         78 ,                                                         95 ,Europe,79,europe,91.0,78.0,95.0,1,,,,,,,,
12600                                   ,40000[35000–46000]                         ,                                            40000 ,                                         35000 ,                                         46000 ,                                                            31 ,                                                         27 ,                                                         36 ,Americas,80,americas,31.0,27.0,36.0,1,,,,,,,,
23700                                   ,30000[25000–34000]                         ,                                            30000 ,                                         25000 ,                                         34000 ,                                                            80 ,                                                         68 ,                                                         92 ,Western Pacific,81,western pacific,80.0,68.0,92.0,1,,,,,,,,
310                                     ,500[500–500]                               ,                                              500 ,                                           500 ,                                           500 ,                                                            84 ,                                                         76 ,                                                         95 ,Eastern Mediterranean,82,eastern mediterranean,84.0,76.0,95.0,1,,,,,,,,
15000                                   ,26000[24000–27000]                         ,                                            26000 ,                                         24000 ,                                         27000 ,                                                            58 ,                                                         54 ,                                                         62 ,Europe,83,europe,58.0,54.0,62.0,1,,,,,,,,
1068000                                 ,1600000[1300000–1900000]                   ,                                          1600000 ,                                       1300000 ,                                       1900000 ,                                                            68 ,                                                         58 ,                                                         82 ,Africa,84,africa,68.0,58.0,82.0,1,,,,,,,,
400                                     ,640[580–700]                               ,                                              640 ,                                           580 ,                                           700 ,                                                            62 ,                                                         55 ,                                                         67 ,Eastern Mediterranean,85,eastern mediterranean,62.0,55.0,67.0,1,,,,,,,,
3700                                    ,8500[6500–12000]                           ,                                             8500 ,                                          6500 ,                                         12000 ,                                                            43 ,                                                         33 ,                                                         59 ,Europe,86,europe,43.0,33.0,59.0,1,,,,,,,,
6500                                    ,12000[11000–14000]                         ,                                            12000 ,                                         11000 ,                                         14000 ,                                                            54 ,                                                         48 ,                                                         62 ,Western Pacific,87,western pacific,54.0,48.0,62.0,1,,,,,,,,
2400                                    ,5300[4800–5900]                            ,                                             5300 ,                                          4800 ,                                          5900 ,                                                            45 ,                                                         41 ,                                                         50 ,Europe,88,europe,45.0,41.0,50.0,1,,,,,,,,
1500                                    ,2500[2200–2800]                            ,                                             2500 ,                                          2200 ,                                          2800 ,                                                            60 ,                                                         53 ,                                                         67 ,Eastern Mediterranean,89,eastern mediterranean,60.0,53.0,67.0,1,,,,,,,,
206000                                  ,340000[320000–360000]                      ,                                           340000 ,                                        320000 ,                                        360000 ,                                                            61 ,                                                         57 ,                                                         65 ,Africa,90,africa,61.0,57.0,65.0,1,,,,,,,,
13900                                   ,39000[36000–44000]                         ,                                            39000 ,                                         36000 ,                                         44000 ,                                                            35 ,                                                         32 ,                                                         39 ,Africa,91,africa,35.0,32.0,39.0,1,,,,,,,,
4100                                    ,9200[8300–10000]                           ,                                             9200 ,                                          8300 ,                                         10000 ,                                                            44 ,                                                         40 ,                                                         49 ,Eastern Mediterranean,92,eastern mediterranean,44.0,40.0,49.0,1,,,,,,,,
Nodata                                  ,Nodata                                     ,                                                  ,                                               ,                                               ,                                                               ,                                                            ,                                                            ,Europe,93,europe,,,,1,,,,,,,,
890                                     ,1200[1000–1300]                            ,                                             1200 ,                                          1000 ,                                          1300 ,                                                            77 ,                                                         67 ,                                                         86 ,Europe,94,europe,77.0,67.0,86.0,1,,,,,,,,
3500                                    ,39000[30000–55000]                         ,                                            39000 ,                                         30000 ,                                         55000 ,                                                             9 ,                                                          7 ,                                                         13 ,Africa,95,africa,9.0,7.0,13.0,1,,,,,,,,
814000                                  ,1000000[940000–1100000]                    ,                                          1000000 ,                                        940000 ,                                       1100000 ,                                                            78 ,                                                         70 ,                                                         84 ,Africa,96,africa,78.0,70.0,84.0,1,,,,,,,,
41500                                   ,87000[77000–98000]                         ,                                            87000 ,                                         77000 ,                                         98000 ,                                                            48 ,                                                         42 ,                                                         53 ,Western Pacific,97,western pacific,48.0,42.0,53.0,1,,,,,,,,
Nodata                                  ,Nodata                                     ,                                                  ,                                               ,                                               ,                                                               ,                                                            ,                                                            ,South-East Asia,98,south-east asia,,,,1,,,,,,,,
47100                                   ,150000[120000–190000]                      ,                                           150000 ,                                        120000 ,                                        190000 ,                                                            31 ,                                                         25 ,                                                         39 ,Africa,99,africa,31.0,25.0,39.0,1,,,,,,,,
Nodata                                  ,Nodata                                     ,                                                  ,                                               ,                                               ,                                                               ,                                                            ,                                                            ,Europe,100,europe,,,,1,,,,,,,,
3000                                    ,5600[4500–7200]                            ,                                             5600 ,                                          4500 ,                                          7200 ,                                                            54 ,                                                         44 ,                                                         69 ,Africa,101,africa,54.0,44.0,69.0,1,,,,,,,,
2800                                    ,13000[10000–15000]                         ,                                            13000 ,                                         10000 ,                                         15000 ,                                                            22 ,                                                         18 ,                                                         26 ,Africa,102,africa,22.0,18.0,26.0,1,,,,,,,,
165000                                  ,230000[200000–270000]                      ,                                           230000 ,                                        200000 ,                                        270000 ,                                                            70 ,                                                         60 ,                                                         80 ,Americas,103,americas,70.0,60.0,80.0,1,,,,,,,,
200                                     ,600[530–670]                               ,                                              600 ,                                           530 ,                                           670 ,                                                            32 ,                                                         29 ,                                                         36 ,Western Pacific,104,western pacific,32.0,29.0,36.0,1,,,,,,,,
160                                     ,500[500–500]                               ,                                              500 ,                                           500 ,                                           500 ,                                                            40 ,                                                         34 ,                                                         46 ,Europe,105,europe,40.0,34.0,46.0,1,,,,,,,,
13600                                   ,21000[17000–28000]                         ,                                            21000 ,                                         17000 ,                                         28000 ,                                                            65 ,                                                         52 ,                                                         86 ,Eastern Mediterranean,106,eastern mediterranean,65.0,52.0,86.0,1,,,,,,,,
1213000                                 ,2200000[1700000–2700000]                   ,                                          2200000 ,                                       1700000 ,                                       2700000 ,                                                            56 ,                                                         44 ,                                                         68 ,Africa,107,africa,56.0,44.0,68.0,1,,,,,,,,
167000                                  ,240000[210000–270000]                      ,                                           240000 ,                                        210000 ,                                        270000 ,                                                            70 ,                                                         63 ,                                                         79 ,South-East Asia,108,south-east asia,70.0,63.0,79.0,1,,,,,,,,
184000                                  ,200000[190000–220000]                      ,                                           200000 ,                                        190000 ,                                        220000 ,                                                            92 ,                                                         84 ,                                                         95 ,Africa,109,africa,92.0,84.0,95.0,1,,,,,,,,
16900                                   ,30000[26000–34000]                         ,                                            30000 ,                                         26000 ,                                         34000 ,                                                            56 ,                                                         50 ,                                                         65 ,South-East Asia,110,south-east asia,56.0,50.0,65.0,1,,,,,,,,
Nodata                                  ,Nodata                                     ,                                                  ,                                               ,                                               ,                                                               ,                                                            ,                                                            ,Europe,111,europe,,,,1,,,,,,,,
2700                                    ,3600[3100–4200]                            ,                                             3600 ,                                          3100 ,                                          4200 ,                                                            73 ,                                                         62 ,                                                         84 ,Western Pacific,112,western pacific,73.0,62.0,84.0,1,,,,,,,,
5000                                    ,9400[7600–12000]                           ,                                             9400 ,                                          7600 ,                                         12000 ,                                                            53 ,                                                         43 ,                                                         68 ,Americas,113,americas,53.0,43.0,68.0,1,,,,,,,,
19800                                   ,36000[30000–43000]                         ,                                            36000 ,                                         30000 ,                                         43000 ,                                                            54 ,                                                         45 ,                                                         65 ,Africa,114,africa,54.0,45.0,65.0,1,,,,,,,,
1016000                                 ,1900000[1400000–2600000]                   ,                                          1900000 ,                                       1400000 ,                                       2600000 ,                                                            53 ,                                                         40 ,                                                         71 ,Africa,115,africa,53.0,40.0,71.0,1,,,,,,,,
4700                                    ,5800[5200–6300]                            ,                                             5800 ,                                          5200 ,                                          6300 ,                                                            82 ,                                                         74 ,                                                         90 ,Europe,116,europe,82.0,74.0,90.0,1,,,,,,,,
1300                                    ,3200[2900–3600]                            ,                                             3200 ,                                          2900 ,                                          3600 ,                                                            41 ,                                                         37 ,                                                         45 ,Eastern Mediterranean,117,eastern mediterranean,41.0,37.0,45.0,1,,,,,,,,
15800                                   ,160000[140000–190000]                      ,                                           160000 ,                                        140000 ,                                        190000 ,                                                            10 ,                                                          9 ,                                                         11 ,Eastern Mediterranean,118,eastern mediterranean,10.0,9.0,11.0,1,,,,,,,,
14200                                   ,26000[24000–29000]                         ,                                            26000 ,                                         24000 ,                                         29000 ,                                                            54 ,                                                         48 ,                                                         59 ,Americas,119,americas,54.0,48.0,59.0,1,,,,,,,,
29400                                   ,45000[41000–50000]                         ,                                            45000 ,                                         41000 ,                                         50000 ,                                                            65 ,                                                         58 ,                                                         71 ,Western Pacific,120,western pacific,65.0,58.0,71.0,1,,,,,,,,
8500                                    ,21000[16000–31000]                         ,                                            21000 ,                                         16000 ,                                         31000 ,                                                            40 ,                                                         31 ,                                                         58 ,Americas,121,americas,40.0,31.0,58.0,1,,,,,,,,
57800                                   ,79000[58000–110000]                        ,                                            79000 ,                                         58000 ,                                        110000 ,                                                            73 ,                                                         54 ,                                                         95 ,Americas,122,americas,73.0,54.0,95.0,1,,,,,,,,
33600                                   ,77000[65000–90000]                         ,                                            77000 ,                                         65000 ,                                         90000 ,                                                            44 ,                                                         37 ,                                                         51 ,Western Pacific,123,western pacific,44.0,37.0,51.0,1,,,,,,,,
Nodata                                  ,Nodata                                     ,                                                  ,                                               ,                                               ,                                                               ,                                                            ,                                                            ,Europe,124,europe,,,,1,,,,,,,,
37200                                   ,41000[36000–46000]                         ,                                            41000 ,                                         36000 ,                                         46000 ,                                                            90 ,                                                         78 ,                                                         95 ,Europe,125,europe,90.0,78.0,95.0,1,,,,,,,,
150                                     ,Nodata                                     ,                                                  ,                                               ,                                               ,                                                               ,                                                            ,                                                            ,Eastern Mediterranean,126,eastern mediterranean,,,,1,,,,,,,,
Nodata                                  ,Nodata                                     ,                                                  ,                                               ,                                               ,                                                               ,                                                            ,                                                            ,Western Pacific,127,western pacific,,,,1,,,,,,,,
6000                                    ,17000[14000–23000]                         ,                                            17000 ,                                         14000 ,                                         23000 ,                                                            34 ,                                                         27 ,                                                         45 ,Europe,128,europe,34.0,27.0,45.0,1,,,,,,,,
240                                     ,500[500–520]                               ,                                              500 ,                                           500 ,                                           520 ,                                                            54 ,                                                         47 ,                                                         63 ,Europe,129,europe,54.0,47.0,63.0,1,,,,,,,,
12100                                   ,18000[16000–20000]                         ,                                            18000 ,                                         16000 ,                                         20000 ,                                                            67 ,                                                         60 ,                                                         73 ,Europe,130,europe,67.0,60.0,73.0,1,,,,,,,,
Nodata                                  ,Nodata                                     ,                                                  ,                                               ,                                               ,                                                               ,                                                            ,                                                            ,Europe,131,europe,,,,1,,,,,,,,
194000                                  ,220000[200000–250000]                      ,                                           220000 ,                                        200000 ,                                        250000 ,                                                            87 ,                                                         76 ,                                                         95 ,Africa,132,africa,87.0,76.0,95.0,1,,,,,,,,
6300                                    ,Nodata                                     ,                                                  ,                                               ,                                               ,                                                               ,                                                            ,                                                            ,Eastern Mediterranean,133,eastern mediterranean,,,,1,,,,,,,,
26600                                   ,42000[37000–47000]                         ,                                            42000 ,                                         37000 ,                                         47000 ,                                                            63 ,                                                         55 ,                                                         71 ,Africa,134,africa,63.0,55.0,71.0,1,,,,,,,,
2000                                    ,3000[2200–3800]                            ,                                             3000 ,                                          2200 ,                                          3800 ,                                                            65 ,                                                         47 ,                                                         83 ,Europe,135,europe,65.0,47.0,83.0,1,,,,,,,,
28400                                   ,70000[56000–86000]                         ,                                            70000 ,                                         56000 ,                                         86000 ,                                                            41 ,                                                         33 ,                                                         50 ,Africa,136,africa,41.0,33.0,50.0,1,,,,,,,,
6200                                    ,7900[7200–8700]                            ,                                             7900 ,                                          7200 ,                                          8700 ,                                                            78 ,                                                         71 ,                                                         86 ,Western Pacific,137,western pacific,78.0,71.0,86.0,1,,,,,,,,
650                                     ,1200[910–1900]                             ,                                             1200 ,                                           910 ,                                          1900 ,                                                            54 ,                                                         40 ,                                                         85 ,Europe,138,europe,54.0,40.0,85.0,1,,,,,,,,
Nodata                                  ,Nodata                                     ,                                                  ,                                               ,                                               ,                                                               ,                                                            ,                                                            ,Europe,139,europe,,,,1,,,,,,,,
3300                                    ,11000[8400–15000]                          ,                                            11000 ,                                          8400 ,                                         15000 ,                                                            30 ,                                                         23 ,                                                         41 ,Eastern Mediterranean,140,eastern mediterranean,30.0,23.0,41.0,1,,,,,,,,
4788000                                 ,7700000[7100000–8300000]                   ,                                          7700000 ,                                       7100000 ,                                       8300000 ,                                                            62 ,                                                         57 ,                                                         66 ,Africa,141,africa,62.0,57.0,66.0,1,,,,,,,,
30700                                   ,190000[140000–240000]                      ,                                           190000 ,                                        140000 ,                                        240000 ,                                                            16 ,                                                         12 ,                                                         20 ,Africa,142,africa,16.0,12.0,20.0,1,,,,,,,,
125000                                  ,150000[130000–170000]                      ,                                           150000 ,                                        130000 ,                                        170000 ,                                                            84 ,                                                         73 ,                                                         94 ,Europe,143,europe,84.0,73.0,94.0,1,,,,,,,,
1600                                    ,3500[3100–4000]                            ,                                             3500 ,                                          3100 ,                                          4000 ,                                                            45 ,                                                         40 ,                                                         52 ,South-East Asia,144,south-east asia,45.0,40.0,52.0,1,,,,,,,,
9000                                    ,59000[26000–110000]                        ,                                            59000 ,                                         26000 ,                                        110000 ,                                                            15 ,                                                          7 ,                                                         28 ,Eastern Mediterranean,145,eastern mediterranean,15.0,7.0,28.0,1,,,,,,,,
2900                                    ,5600[3700–8100]                            ,                                             5600 ,                                          3700 ,                                          8100 ,                                                            52 ,                                                         35 ,                                                         75 ,Americas,146,americas,52.0,35.0,75.0,1,,,,,,,,
Nodata                                  ,Nodata                                     ,                                                  ,                                               ,                                               ,                                                               ,                                                            ,                                                            ,Europe,147,europe,,,,1,,,,,,,,
14800                                   ,Nodata                                     ,                                                  ,                                               ,                                               ,                                                               ,                                                            ,                                                            ,Europe,148,europe,,,,1,,,,,,,,
130                                     ,660[590–720]                               ,                                              660 ,                                           590 ,                                           720 ,                                                            20 ,                                                         18 ,                                                         22 ,Eastern Mediterranean,149,eastern mediterranean,20.0,18.0,22.0,1,,,,,,,,
6000                                    ,13000[11000–16000]                         ,                                            13000 ,                                         11000 ,                                         16000 ,                                                            46 ,                                                         38 ,                                                         56 ,Europe,150,europe,46.0,38.0,56.0,1,,,,,,,,
359000                                  ,480000[420000–550000]                      ,                                           480000 ,                                        420000 ,                                        550000 ,                                                            75 ,                                                         66 ,                                                         86 ,South-East Asia,151,south-east asia,75.0,66.0,86.0,1,,,,,,,,
Nodata                                  ,Nodata                                     ,                                                  ,                                               ,                                               ,                                                               ,                                                            ,                                                            ,South-East Asia,152,south-east asia,,,,1,,,,,,,,
64800                                   ,110000[100000–120000]                      ,                                           110000 ,                                        100000 ,                                        120000 ,                                                            60 ,                                                         56 ,                                                         65 ,Africa,153,africa,60.0,56.0,65.0,1,,,,,,,,
Nodata                                  ,Nodata                                     ,                                                  ,                                               ,                                               ,                                                               ,                                                            ,                                                            ,Americas,154,americas,,,,1,,,,,,,,
1100                                    ,2800[1700–4400]                            ,                                             2800 ,                                          1700 ,                                          4400 ,                                                            39 ,                                                         24 ,                                                         61 ,Eastern Mediterranean,155,eastern mediterranean,39.0,24.0,61.0,1,,,,,,,,
Nodata                                  ,Nodata                                     ,                                                  ,                                               ,                                               ,                                                               ,                                                            ,                                                            ,Europe,156,europe,,,,1,,,,,,,,
Nodata                                  ,Nodata                                     ,                                                  ,                                               ,                                               ,                                                               ,                                                            ,                                                            ,Europe,157,europe,,,,1,,,,,,,,
1004000                                 ,1400000[1300000–1500000]                   ,                                          1400000 ,                                       1300000 ,                                       1500000 ,                                                            72 ,                                                         68 ,                                                         78 ,Africa,158,africa,72.0,68.0,78.0,1,,,,,,,,
124000                                  ,240000[220000–260000]                      ,                                           240000 ,                                        220000 ,                                        260000 ,                                                            52 ,                                                         48 ,                                                         56 ,Europe,159,europe,52.0,48.0,56.0,1,,,,,,,,
Nodata                                  ,Nodata                                     ,                                                  ,                                               ,                                               ,                                                               ,                                                            ,                                                            ,Eastern Mediterranean,160,eastern mediterranean,,,,1,,,,,,,,
Nodata                                  ,Nodata                                     ,                                                  ,                                               ,                                               ,                                                               ,                                                            ,                                                            ,Europe,161,europe,,,,1,,,,,,,,
1109000                                 ,1600000[1400000–1700000]                   ,                                          1600000 ,                                       1400000 ,                                       1700000 ,                                                            71 ,                                                         64 ,                                                         78 ,Africa,162,africa,71.0,64.0,78.0,1,,,,,,,,
Nodata                                  ,Nodata                                     ,                                                  ,                                               ,                                               ,                                                               ,                                                            ,                                                            ,Americas,163,americas,,,,1,,,,,,,,
8100                                    ,14000[9900–19000]                          ,                                            14000 ,                                          9900 ,                                         19000 ,                                                            58 ,                                                         41 ,                                                         76 ,Americas,164,americas,58.0,41.0,76.0,1,,,,,,,,
26700                                   ,52000[48000–56000]                         ,                                            52000 ,                                         48000 ,                                         56000 ,                                                            51 ,                                                         47 ,                                                         55 ,Europe,165,europe,51.0,47.0,55.0,1,,,,,,,,
Nodata                                  ,120000[100000–130000]                      ,                                           120000 ,                                        100000 ,                                        130000 ,                                                               ,                                                            ,                                                            ,Americas,166,americas,,,,1,,,,,,,,
150000                                  ,230000[200000–260000]                      ,                                           230000 ,                                        200000 ,                                        260000 ,                                                            65 ,                                                         57 ,                                                         73 ,Western Pacific,167,western pacific,65.0,57.0,73.0,1,,,,,,,,
2200                                    ,11000[6500–18000]                          ,                                            11000 ,                                          6500 ,                                         18000 ,                                                            21 ,                                                         12 ,                                                         35 ,Eastern Mediterranean,168,eastern mediterranean,21.0,12.0,35.0,1,,,,,,,,
965000                                  ,1200000[1100000–1400000]                   ,                                          1200000 ,                                       1100000 ,                                       1400000 ,                                                            78 ,                                                         69 ,                                                         88 ,Africa,169,africa,78.0,69.0,88.0,1,,,,,,,,
1151000                                 ,1300000[1100000–1500000]                   ,                                          1300000 ,                                       1100000 ,                                       1500000 ,                                                            88 ,                                                         77 ,                                                         95 ,Africa,170,africa,88.0,77.0,95.0,1,,,,,,,,
,,,,,,,,Eastern Mediterranean,1,eastern mediterranean,17.0,10.0,26.0,2,60                                        ,500[500-530]                                                  ,                                                                 500 ,                                                              500 ,                                                              530 ,                                              17 ,                                           10 ,                                           26 
,,,,,,,,Europe,2,europe,,,,2,20                                        ,Nodata                                                        ,                                                                     ,                                                                  ,                                                                  ,                                                 ,                                              ,                                              
,,,,,,,,Africa,3,africa,95.0,95.0,95.0,2,770                                       ,500[500-520]                                                  ,                                                                 500 ,                                                              500 ,                                                              520 ,                                              95 ,                                           95 ,                                           95 
,,,,,,,,Africa,4,africa,13.0,10.0,16.0,2,4800                                      ,38000[30000-47000]                                            ,                                                               38000 ,                                                            30000 ,                                                            47000 ,                                              13 ,                                           10 ,                                           16 
,,,,,,,,Americas,5,americas,92.0,84.0,95.0,2,1700                                      ,1800[1600-2100]                                               ,                                                                1800 ,                                                             1600 ,                                                             2100 ,                                              92 ,                                           84 ,                                           95 
,,,,,,,,Europe,6,europe,,,,2,No data                                   ,Nodata                                                        ,                                                                     ,                                                                  ,                                                                  ,                                                 ,                                              ,                                              
,,,,,,,,Western Pacific,7,western pacific,,,,2,No data                                   ,100[100-100]                                                  ,                                                                 100 ,                                                              100 ,                                                              100 ,                                                 ,                                              ,                                              
,,,,,,,,Europe,8,europe,,,,2,No data                                   ,Nodata                                                        ,                                                                     ,                                                                  ,                                                                  ,                                                 ,                                              ,                                              
,,,,,,,,Europe,9,europe,,,,2,110                                       ,Nodata                                                        ,                                                                     ,                                                                  ,                                                                  ,                                                 ,                                              ,                                              
,,,,,,,,Americas,10,americas,21.0,18.0,26.0,2,40                                        ,200[200-500]                                                  ,                                                                 200 ,                                                              200 ,                                                              500 ,                                              21 ,                                           18 ,                                           26 
,,,,,,,,Eastern Mediterranean,11,eastern mediterranean,,,,2,No data                                   ,Nodata                                                        ,                                                                     ,                                                                  ,                                                                  ,                                                 ,                                              ,                                              
,,,,,,,,South-East Asia,12,south-east asia,33.0,28.0,38.0,2,130                                       ,500[500-500]                                                  ,                                                                 500 ,                                                              500 ,                                                              500 ,                                              33 ,                                           28 ,                                           38 
,,,,,,,,Americas,13,americas,,,,2,No data                                   ,Nodata                                                        ,                                                                     ,                                                                  ,                                                                  ,                                                 ,                                              ,                                              
,,,,,,,,Europe,14,europe,88.0,64.0,95.0,2,220                                       ,500[200-500]                                                  ,                                                                 500 ,                                                              200 ,                                                              500 ,                                              88 ,                                           64 ,                                           95 
,,,,,,,,Europe,15,europe,,,,2,No data                                   ,Nodata                                                        ,                                                                     ,                                                                  ,                                                                  ,                                                 ,                                              ,                                              
,,,,,,,,Americas,16,americas,34.0,31.0,38.0,2,60                                        ,200[200-200]                                                  ,                                                                 200 ,                                                              200 ,                                                              200 ,                                              34 ,                                           31 ,                                           38 
,,,,,,,,Africa,17,africa,44.0,27.0,77.0,2,2000                                      ,4600[2800-8000]                                               ,                                                                4600 ,                                                             2800 ,                                                             8000 ,                                              44 ,                                           27 ,                                           77 
,,,,,,,,South-East Asia,18,south-east asia,,,,2,No data                                   ,Nodata                                                        ,                                                                     ,                                                                  ,                                                                  ,                                                 ,                                              ,                                              
,,,,,,,,Americas,19,americas,40.0,37.0,43.0,2,250                                       ,620[560-670]                                                  ,                                                                 620 ,                                                              560 ,                                                              670 ,                                              40 ,                                           37 ,                                           43 
,,,,,,,,Europe,20,europe,,,,2,No data                                   ,Nodata                                                        ,                                                                     ,                                                                  ,                                                                  ,                                                 ,                                              ,                                              
,,,,,,,,Africa,21,africa,38.0,28.0,46.0,2,5400                                      ,14000[10000-17000]                                            ,                                                               14000 ,                                                            10000 ,                                                            17000 ,                                              38 ,                                           28 ,                                           46 
,,,,,,,,Americas,22,americas,,,,2,No data                                   ,Nodata                                                        ,                                                                     ,                                                                  ,                                                                  ,                                                 ,                                              ,                                              
,,,,,,,,Western Pacific,23,western pacific,,,,2,0                                         ,Nodata                                                        ,                                                                     ,                                                                  ,                                                                  ,                                                 ,                                              ,                                              
,,,,,,,,Europe,24,europe,,,,2,No data                                   ,Nodata                                                        ,                                                                     ,                                                                  ,                                                                  ,                                                 ,                                              ,                                              
,,,,,,,,Africa,25,africa,21.0,15.0,29.0,2,1900                                      ,9100[6300-12000]                                              ,                                                                9100 ,                                                             6300 ,                                                            12000 ,                                              21 ,                                           15 ,                                           29 
,,,,,,,,Africa,26,africa,30.0,22.0,38.0,2,3400                                      ,11000[8000-14000]                                             ,                                                               11000 ,                                                             8000 ,                                                            14000 ,                                              30 ,                                           22 ,                                           38 
,,,,,,,,Africa,27,africa,,,,2,No data                                   ,Nodata                                                        ,                                                                     ,                                                                  ,                                                                  ,                                                 ,                                              ,                                              
,,,,,,,,Western Pacific,28,western pacific,92.0,78.0,95.0,2,3000                                      ,3300[2800-3900]                                               ,                                                                3300 ,                                                             2800 ,                                                             3900 ,                                              92 ,                                           78 ,                                           95 
,,,,,,,,Africa,29,africa,24.0,18.0,28.0,2,10 300                                    ,43000[33000-51000]                                            ,                                                               43000 ,                                                            33000 ,                                                            51000 ,                                              24 ,                                           18 ,                                           28 
,,,,,,,,Americas,30,americas,,,,2,No data                                   ,Nodata                                                        ,                                                                     ,                                                                  ,                                                                  ,                                                 ,                                              ,                                              
,,,,,,,,Africa,31,africa,23.0,18.0,29.0,2,2500                                      ,11000[8200-14000]                                             ,                                                               11000 ,                                                             8200 ,                                                            14000 ,                                              23 ,                                           18 ,                                           29 
,,,,,,,,Africa,32,africa,16.0,11.0,22.0,2,2600                                      ,16000[11000-21000]                                            ,                                                               16000 ,                                                            11000 ,                                                            21000 ,                                              16 ,                                           11 ,                                           22 
,,,,,,,,Americas,33,americas,56.0,50.0,61.0,2,140                                       ,500[500-500]                                                  ,                                                                 500 ,                                                              500 ,                                                              500 ,                                              56 ,                                           50 ,                                           61 
,,,,,,,,Western Pacific,34,western pacific,,,,2,6200                                      ,Nodata                                                        ,                                                                     ,                                                                  ,                                                                  ,                                                 ,                                              ,                                              
,,,,,,,,Americas,35,americas,41.0,32.0,49.0,2,1500                                      ,3600[2900-4300]                                               ,                                                                3600 ,                                                             2900 ,                                                             4300 ,                                              41 ,                                           32 ,                                           49 
,,,,,,,,Africa,36,africa,,,,2,No data                                   ,Nodata                                                        ,                                                                     ,                                                                  ,                                                                  ,                                                 ,                                              ,                                              
,,,,,,,,Americas,37,americas,25.0,19.0,33.0,2,2000                                      ,7700[5800-10000]                                              ,                                                                7700 ,                                                             5800 ,                                                            10000 ,                                              25 ,                                           19 ,                                           33 
,,,,,,,,Americas,38,americas,,,,2,No data                                   ,Nodata                                                        ,                                                                     ,                                                                  ,                                                                  ,                                                 ,                                              ,                                              
,,,,,,,,Africa,39,africa,40.0,29.0,54.0,2,12 300                                    ,31000[23000-41000]                                            ,                                                               31000 ,                                                            23000 ,                                                            41000 ,                                              40 ,                                           29 ,                                           54 
,,,,,,,,Europe,40,europe,,,,2,No data                                   ,Nodata                                                        ,                                                                     ,                                                                  ,                                                                  ,                                                 ,                                              ,                                              
,,,,,,,,Americas,41,americas,34.0,23.0,46.0,2,30                                        ,100[100-200]                                                  ,                                                                 100 ,                                                              100 ,                                                              200 ,                                              34 ,                                           23 ,                                           46 
,,,,,,,,Europe,42,europe,,,,2,No data                                   ,Nodata                                                        ,                                                                     ,                                                                  ,                                                                  ,                                                 ,                                              ,                                              
,,,,,,,,Europe,43,europe,,,,2,No data                                   ,Nodata                                                        ,                                                                     ,                                                                  ,                                                                  ,                                                 ,                                              ,                                              
,,,,,,,,Western Pacific,44,western pacific,,,,2,No data                                   ,Nodata                                                        ,                                                                     ,                                                                  ,                                                                  ,                                                 ,                                              ,                                              
,,,,,,,,Africa,45,africa,25.0,20.0,30.0,2,16 000                                    ,64000[50000-76000]                                            ,                                                               64000 ,                                                            50000 ,                                                            76000 ,                                              25 ,                                           20 ,                                           30 
,,,,,,,,Europe,46,europe,,,,2,No data                                   ,Nodata                                                        ,                                                                     ,                                                                  ,                                                                  ,                                                 ,                                              ,                                              
,,,,,,,,Eastern Mediterranean,47,eastern mediterranean,10.0,8.0,13.0,2,80                                        ,810[640-1000]                                                 ,                                                                 810 ,                                                              640 ,                                                             1000 ,                                              10 ,                                            8 ,                                           13 
,,,,,,,,Americas,48,americas,55.0,39.0,74.0,2,780                                       ,1400[1000-1900]                                               ,                                                                1400 ,                                                             1000 ,                                                             1900 ,                                              55 ,                                           39 ,                                           74 
,,,,,,,,Americas,49,americas,82.0,54.0,95.0,2,540                                       ,660[500-1200]                                                 ,                                                                 660 ,                                                              500 ,                                                             1200 ,                                              82 ,                                           54 ,                                           95 
,,,,,,,,Eastern Mediterranean,50,eastern mediterranean,39.0,36.0,42.0,2,180                                       ,500[500-500]                                                  ,                                                                 500 ,                                                              500 ,                                                              500 ,                                              39 ,                                           36 ,                                           42 
,,,,,,,,Americas,51,americas,24.0,19.0,30.0,2,150                                       ,610[500-740]                                                  ,                                                                 610 ,                                                              500 ,                                                              740 ,                                              24 ,                                           19 ,                                           30 
,,,,,,,,Africa,52,africa,14.0,10.0,19.0,2,770                                       ,5300[3800-7100]                                               ,                                                                5300 ,                                                             3800 ,                                                             7100 ,                                              14 ,                                           10 ,                                           19 
,,,,,,,,Africa,53,africa,37.0,26.0,55.0,2,500                                       ,1300[930-2000]                                                ,                                                                1300 ,                                                              930 ,                                                             2000 ,                                              37 ,                                           26 ,                                           55 
,,,,,,,,Europe,54,europe,,,,2,No data                                   ,Nodata                                                        ,                                                                     ,                                                                  ,                                                                  ,                                                 ,                                              ,                                              
,,,,,,,,Africa,55,africa,76.0,63.0,88.0,2,8600                                      ,11000[9400-13000]                                             ,                                                               11000 ,                                                             9400 ,                                                            13000 ,                                              76 ,                                           63 ,                                           88 
,,,,,,,,Africa,56,africa,59.0,38.0,90.0,2,21 500                                    ,36000[23000-55000]                                            ,                                                               36000 ,                                                            23000 ,                                                            55000 ,                                              59 ,                                           38 ,                                           90 
,,,,,,,,Western Pacific,57,western pacific,,,,2,No data                                   ,Nodata                                                        ,                                                                     ,                                                                  ,                                                                  ,                                                 ,                                              ,                                              
,,,,,,,,Europe,58,europe,,,,2,No data                                   ,Nodata                                                        ,                                                                     ,                                                                  ,                                                                  ,                                                 ,                                              ,                                              
,,,,,,,,Europe,59,europe,,,,2,No data                                   ,500[500-500]                                                  ,                                                                 500 ,                                                              500 ,                                                              500 ,                                                 ,                                              ,                                              
,,,,,,,,Africa,60,africa,57.0,41.0,78.0,2,1900                                      ,3200[2300-4400]                                               ,                                                                3200 ,                                                             2300 ,                                                             4400 ,                                              57 ,                                           41 ,                                           78 
,,,,,,,,Africa,61,africa,30.0,23.0,39.0,2,550                                       ,1900[1400-2500]                                               ,                                                                1900 ,                                                             1400 ,                                                             2500 ,                                              30 ,                                           23 ,                                           39 
,,,,,,,,Europe,62,europe,,,,2,No data                                   ,Nodata                                                        ,                                                                     ,                                                                  ,                                                                  ,                                                 ,                                              ,                                              
,,,,,,,,Europe,63,europe,,,,2,No data                                   ,200[100-200]                                                  ,                                                                 200 ,                                                              100 ,                                                              200 ,                                                 ,                                              ,                                              
,,,,,,,,Africa,64,africa,20.0,15.0,25.0,2,5900                                      ,30000[23000-37000]                                            ,                                                               30000 ,                                                            23000 ,                                                            37000 ,                                              20 ,                                           15 ,                                           25 
,,,,,,,,Europe,65,europe,,,,2,No data                                   ,Nodata                                                        ,                                                                     ,                                                                  ,                                                                  ,                                                 ,                                              ,                                              
,,,,,,,,Americas,66,americas,36.0,33.0,39.0,2,730                                       ,2000[1800-2200]                                               ,                                                                2000 ,                                                             1800 ,                                                             2200 ,                                              36 ,                                           33 ,                                           39 
,,,,,,,,Africa,67,africa,20.0,15.0,25.0,2,2100                                      ,10000[7900-13000]                                             ,                                                               10000 ,                                                             7900 ,                                                            13000 ,                                              20 ,                                           15 ,                                           25 
,,,,,,,,Africa,68,africa,6.0,5.0,7.0,2,350                                       ,5700[4700-6600]                                               ,                                                                5700 ,                                                             4700 ,                                                             6600 ,                                               6 ,                                            5 ,                                            7 
,,,,,,,,Americas,69,americas,38.0,31.0,44.0,2,110                                       ,500[500-500]                                                  ,                                                                 500 ,                                                              500 ,                                                              500 ,                                              38 ,                                           31 ,                                           44 
,,,,,,,,Americas,70,americas,40.0,32.0,45.0,2,3400                                      ,8700[7000-9900]                                               ,                                                                8700 ,                                                             7000 ,                                                             9900 ,                                              40 ,                                           32 ,                                           45 
,,,,,,,,Americas,71,americas,41.0,33.0,49.0,2,360                                       ,890[710-1100]                                                 ,                                                                 890 ,                                                              710 ,                                                             1100 ,                                              41 ,                                           33 ,                                           49 
,,,,,,,,Europe,72,europe,,,,2,No data                                   ,Nodata                                                        ,                                                                     ,                                                                  ,                                                                  ,                                                 ,                                              ,                                              
,,,,,,,,Europe,73,europe,,,,2,No data                                   ,Nodata                                                        ,                                                                     ,                                                                  ,                                                                  ,                                                 ,                                              ,                                              
,,,,,,,,South-East Asia,74,south-east asia,,,,2,No data                                   ,Nodata                                                        ,                                                                     ,                                                                  ,                                                                  ,                                                 ,                                              ,                                              
,,,,,,,,South-East Asia,75,south-east asia,22.0,19.0,26.0,2,3900                                      ,18000[15000-20000]                                            ,                                                               18000 ,                                                            15000 ,                                                            20000 ,                                              22 ,                                           19 ,                                           26 
,,,,,,,,Eastern Mediterranean,76,eastern mediterranean,58.0,39.0,95.0,2,510                                       ,880[580-1600]                                                 ,                                                                 880 ,                                                              580 ,                                                             1600 ,                                              58 ,                                           39 ,                                           95 
,,,,,,,,Europe,77,europe,,,,2,No data                                   ,100[100-100]                                                  ,                                                                 100 ,                                                              100 ,                                                              100 ,                                                 ,                                              ,                                              
,,,,,,,,Europe,78,europe,,,,2,No data                                   ,100[100-100]                                                  ,                                                                 100 ,                                                              100 ,                                                              100 ,                                                 ,                                              ,                                              
,,,,,,,,Europe,79,europe,,,,2,No data                                   ,500[200-500]                                                  ,                                                                 500 ,                                                              200 ,                                                              500 ,                                                 ,                                              ,                                              
,,,,,,,,Americas,80,americas,51.0,46.0,57.0,2,140                                       ,500[500-500]                                                  ,                                                                 500 ,                                                              500 ,                                                              500 ,                                              51 ,                                           46 ,                                           57 
,,,,,,,,Western Pacific,81,western pacific,,,,2,No data                                   ,Nodata                                                        ,                                                                     ,                                                                  ,                                                                  ,                                                 ,                                              ,                                              
,,,,,,,,Eastern Mediterranean,82,eastern mediterranean,,,,2,No data                                   ,Nodata                                                        ,                                                                     ,                                                                  ,                                                                  ,                                                 ,                                              ,                                              
,,,,,,,,Europe,83,europe,95.0,95.0,95.0,2,430                                       ,500[500-500]                                                  ,                                                                 500 ,                                                              500 ,                                                              500 ,                                              95 ,                                           95 ,                                           95 
,,,,,,,,Africa,84,africa,61.0,47.0,78.0,2,74 300                                    ,120000[95000-160000]                                          ,                                                              120000 ,                                                            95000 ,                                                           160000 ,                                              61 ,                                           47 ,                                           78 
,,,,,,,,Eastern Mediterranean,85,eastern mediterranean,,,,2,No data                                   ,Nodata                                                        ,                                                                     ,                                                                  ,                                                                  ,                                                 ,                                              ,                                              
,,,,,,,,Europe,86,europe,95.0,95.0,95.0,2,450                                       ,500[500-500]                                                  ,                                                                 500 ,                                                              500 ,                                                              500 ,                                              95 ,                                           95 ,                                           95 
,,,,,,,,Western Pacific,87,western pacific,40.0,35.0,46.0,2,280                                       ,700[620-820]                                                  ,                                                                 700 ,                                                              620 ,                                                              820 ,                                              40 ,                                           35 ,                                           46 
,,,,,,,,Europe,88,europe,,,,2,No data                                   ,Nodata                                                        ,                                                                     ,                                                                  ,                                                                  ,                                                 ,                                              ,                                              
,,,,,,,,Eastern Mediterranean,89,eastern mediterranean,,,,2,No data                                   ,Nodata                                                        ,                                                                     ,                                                                  ,                                                                  ,                                                 ,                                              ,                                              
,,,,,,,,Africa,90,africa,70.0,55.0,81.0,2,8500                                      ,12000[9500-14000]                                             ,                                                               12000 ,                                                             9500 ,                                                            14000 ,                                              70 ,                                           55 ,                                           81 
,,,,,,,,Africa,91,africa,18.0,14.0,21.0,2,680                                       ,3700[3000-4400]                                               ,                                                                3700 ,                                                             3000 ,                                                             4400 ,                                              18 ,                                           14 ,                                           21 
,,,,,,,,Eastern Mediterranean,92,eastern mediterranean,33.0,30.0,35.0,2,80                                        ,500[500-500]                                                  ,                                                                 500 ,                                                              500 ,                                                              500 ,                                              33 ,                                           30 ,                                           35 
,,,,,,,,Europe,93,europe,,,,2,No data                                   ,Nodata                                                        ,                                                                     ,                                                                  ,                                                                  ,                                                 ,                                              ,                                              
,,,,,,,,Europe,94,europe,,,,2,No data                                   ,Nodata                                                        ,                                                                     ,                                                                  ,                                                                  ,                                                 ,                                              ,                                              
,,,,,,,,Africa,95,africa,5.0,4.0,6.0,2,90                                        ,1900[1600-2500]                                               ,                                                                1900 ,                                                             1600 ,                                                             2500 ,                                               5 ,                                            4 ,                                            6 
,,,,,,,,Africa,96,africa,61.0,47.0,73.0,2,45 100                                    ,74000[57000-89000]                                            ,                                                               74000 ,                                                            57000 ,                                                            89000 ,                                              61 ,                                           47 ,                                           73 
,,,,,,,,Western Pacific,97,western pacific,94.0,77.0,95.0,2,400                                       ,500[500-520]                                                  ,                                                                 500 ,                                                              500 ,                                                              520 ,                                              94 ,                                           77 ,                                           95 
,,,,,,,,South-East Asia,98,south-east asia,,,,2,No data                                   ,Nodata                                                        ,                                                                     ,                                                                  ,                                                                  ,                                                 ,                                              ,                                              
,,,,,,,,Africa,99,africa,18.0,14.0,23.0,2,3400                                      ,19000[15000-24000]                                            ,                                                               19000 ,                                                            15000 ,                                                            24000 ,                                              18 ,                                           14 ,                                           23 
,,,,,,,,Europe,100,europe,,,,2,No data                                   ,Nodata                                                        ,                                                                     ,                                                                  ,                                                                  ,                                                 ,                                              ,                                              
,,,,,,,,Africa,101,africa,54.0,46.0,66.0,2,180                                       ,500[500-500]                                                  ,                                                                 500 ,                                                              500 ,                                                              500 ,                                              54 ,                                           46 ,                                           66 
,,,,,,,,Africa,102,africa,45.0,40.0,50.0,2,40                                        ,100[100-200]                                                  ,                                                                 100 ,                                                              100 ,                                                              200 ,                                              45 ,                                           40 ,                                           50 
,,,,,,,,Americas,103,americas,,,,2,No data                                   ,2300[1900-2600]                                               ,                                                                2300 ,                                                             1900 ,                                                             2600 ,                                                 ,                                              ,                                              
,,,,,,,,Western Pacific,104,western pacific,,,,2,No data                                   ,Nodata                                                        ,                                                                     ,                                                                  ,                                                                  ,                                                 ,                                              ,                                              
,,,,,,,,Europe,105,europe,,,,2,No data                                   ,Nodata                                                        ,                                                                     ,                                                                  ,                                                                  ,                                                 ,                                              ,                                              
,,,,,,,,Eastern Mediterranean,106,eastern mediterranean,95.0,88.0,95.0,2,670                                       ,560[500-770]                                                  ,                                                                 560 ,                                                              500 ,                                                              770 ,                                              95 ,                                           88 ,                                           95 
,,,,,,,,Africa,107,africa,60.0,45.0,81.0,2,86 900                                    ,140000[110000-190000]                                         ,                                                              140000 ,                                                           110000 ,                                                           190000 ,                                              60 ,                                           45 ,                                           81 
,,,,,,,,South-East Asia,108,south-east asia,80.0,69.0,93.0,2,7900                                      ,9800[8400-11000]                                              ,                                                                9800 ,                                                             8400 ,                                                            11000 ,                                              80 ,                                           69 ,                                           93 
,,,,,,,,Africa,109,africa,78.0,61.0,89.0,2,8600                                      ,11000[8700-13000]                                             ,                                                               11000 ,                                                             8700 ,                                                            13000 ,                                              78 ,                                           61 ,                                           89 
,,,,,,,,South-East Asia,110,south-east asia,91.0,80.0,95.0,2,1300                                      ,1400[1200-1600]                                               ,                                                                1400 ,                                                             1200 ,                                                             1600 ,                                              91 ,                                           80 ,                                           95 
,,,,,,,,Europe,111,europe,,,,2,No data                                   ,Nodata                                                        ,                                                                     ,                                                                  ,                                                                  ,                                                 ,                                              ,                                              
,,,,,,,,Western Pacific,112,western pacific,,,,2,No data                                   ,Nodata                                                        ,                                                                     ,                                                                  ,                                                                  ,                                                 ,                                              ,                                              
,,,,,,,,Americas,113,americas,55.0,41.0,76.0,2,120                                       ,500[200-500]                                                  ,                                                                 500 ,                                                              200 ,                                                              500 ,                                              55 ,                                           41 ,                                           76 
,,,,,,,,Africa,114,africa,52.0,42.0,66.0,2,1300                                      ,2500[2100-3200]                                               ,                                                                2500 ,                                                             2100 ,                                                             3200 ,                                              52 ,                                           42 ,                                           66 
,,,,,,,,Africa,115,africa,35.0,22.0,53.0,2,50 200                                    ,140000[91000-220000]                                          ,                                                              140000 ,                                                            91000 ,                                                           220000 ,                                              35 ,                                           22 ,                                           53 
,,,,,,,,Europe,116,europe,,,,2,No data                                   ,Nodata                                                        ,                                                                     ,                                                                  ,                                                                  ,                                                 ,                                              ,                                              
,,,,,,,,Eastern Mediterranean,117,eastern mediterranean,,,,2,No data                                   ,Nodata                                                        ,                                                                     ,                                                                  ,                                                                  ,                                                 ,                                              ,                                              
,,,,,,,,Eastern Mediterranean,118,eastern mediterranean,11.0,10.0,13.0,2,610                                       ,5500[4700-6300]                                               ,                                                                5500 ,                                                             4700 ,                                                             6300 ,                                              11 ,                                           10 ,                                           13 
,,,,,,,,Americas,119,americas,76.0,69.0,84.0,2,200                                       ,500[500-500]                                                  ,                                                                 500 ,                                                              500 ,                                                              500 ,                                              76 ,                                           69 ,                                           84 
,,,,,,,,Western Pacific,120,western pacific,49.0,39.0,58.0,2,1400                                      ,2900[2300-3500]                                               ,                                                                2900 ,                                                             2300 ,                                                             3500 ,                                              49 ,                                           39 ,                                           58 
,,,,,,,,Americas,121,americas,43.0,28.0,68.0,2,170                                       ,500[500-640]                                                  ,                                                                 500 ,                                                              500 ,                                                              640 ,                                              43 ,                                           28 ,                                           68 
,,,,,,,,Americas,122,americas,48.0,34.0,70.0,2,740                                       ,1600[1100-2300]                                               ,                                                                1600 ,                                                             1100 ,                                                             2300 ,                                              48 ,                                           34 ,                                           70 
,,,,,,,,Western Pacific,123,western pacific,20.0,16.0,25.0,2,90                                        ,500[500-510]                                                  ,                                                                 500 ,                                                              500 ,                                                              510 ,                                              20 ,                                           16 ,                                           25 
,,,,,,,,Europe,124,europe,,,,2,No data                                   ,Nodata                                                        ,                                                                     ,                                                                  ,                                                                  ,                                                 ,                                              ,                                              
,,,,,,,,Europe,125,europe,,,,2,No data                                   ,100[100-100]                                                  ,                                                                 100 ,                                                              100 ,                                                              100 ,                                                 ,                                              ,                                              
,,,,,,,,Eastern Mediterranean,126,eastern mediterranean,,,,2,0                                         ,Nodata                                                        ,                                                                     ,                                                                  ,                                                                  ,                                                 ,                                              ,                                              
,,,,,,,,Western Pacific,127,western pacific,,,,2,No data                                   ,Nodata                                                        ,                                                                     ,                                                                  ,                                                                  ,                                                 ,                                              ,                                              
,,,,,,,,Europe,128,europe,40.0,30.0,55.0,2,130                                       ,500[500-500]                                                  ,                                                                 500 ,                                                              500 ,                                                              500 ,                                              40 ,                                           30 ,                                           55 
,,,,,,,,Europe,129,europe,,,,2,No data                                   ,Nodata                                                        ,                                                                     ,                                                                  ,                                                                  ,                                                 ,                                              ,                                              
,,,,,,,,Europe,130,europe,95.0,95.0,95.0,2,170                                       ,100[100-100]                                                  ,                                                                 100 ,                                                              100 ,                                                              100 ,                                              95 ,                                           95 ,                                           95 
,,,,,,,,Europe,131,europe,,,,2,No data                                   ,Nodata                                                        ,                                                                     ,                                                                  ,                                                                  ,                                                 ,                                              ,                                              
,,,,,,,,Africa,132,africa,63.0,47.0,80.0,2,7500                                      ,12000[8900-15000]                                             ,                                                               12000 ,                                                             8900 ,                                                            15000 ,                                              63 ,                                           47 ,                                           80 
,,,,,,,,Eastern Mediterranean,133,eastern mediterranean,,,,2,120                                       ,Nodata                                                        ,                                                                     ,                                                                  ,                                                                  ,                                                 ,                                              ,                                              
,,,,,,,,Africa,134,africa,31.0,26.0,35.0,2,1400                                      ,4500[3700-5100]                                               ,                                                                4500 ,                                                             3700 ,                                                             5100 ,                                              31 ,                                           26 ,                                           35 
,,,,,,,,Europe,135,europe,,,,2,No data                                   ,Nodata                                                        ,                                                                     ,                                                                  ,                                                                  ,                                                 ,                                              ,                                              
,,,,,,,,Africa,136,africa,17.0,13.0,22.0,2,1100                                      ,6600[5100-8500]                                               ,                                                                6600 ,                                                             5100 ,                                                             8500 ,                                              17 ,                                           13 ,                                           22 
,,,,,,,,Western Pacific,137,western pacific,,,,2,No data                                   ,Nodata                                                        ,                                                                     ,                                                                  ,                                                                  ,                                                 ,                                              ,                                              
,,,,,,,,Europe,138,europe,,,,2,No data                                   ,Nodata                                                        ,                                                                     ,                                                                  ,                                                                  ,                                                 ,                                              ,                                              
,,,,,,,,Europe,139,europe,,,,2,No data                                   ,Nodata                                                        ,                                                                     ,                                                                  ,                                                                  ,                                                 ,                                              ,                                              
,,,,,,,,Eastern Mediterranean,140,eastern mediterranean,14.0,12.0,19.0,2,190                                       ,1300[1100-1800]                                               ,                                                                1300 ,                                                             1100 ,                                                             1800 ,                                              14 ,                                           12 ,                                           19 
,,,,,,,,Africa,141,africa,63.0,49.0,87.0,2,163 000                                   ,260000[200000-360000]                                         ,                                                              260000 ,                                                           200000 ,                                                           360000 ,                                              63 ,                                           49 ,                                           87 
,,,,,,,,Africa,142,africa,9.0,7.0,12.0,2,1500                                      ,16000[12000-21000]                                            ,                                                               16000 ,                                                            12000 ,                                                            21000 ,                                               9 ,                                            7 ,                                           12 
,,,,,,,,Europe,143,europe,,,,2,No data                                   ,100[100-200]                                                  ,                                                                 100 ,                                                              100 ,                                                              200 ,                                                 ,                                              ,                                              
,,,,,,,,South-East Asia,144,south-east asia,,,,2,No data                                   ,Nodata                                                        ,                                                                     ,                                                                  ,                                                                  ,                                                 ,                                              ,                                              
,,,,,,,,Eastern Mediterranean,145,eastern mediterranean,15.0,8.0,23.0,2,620                                       ,4200[2400-6800]                                               ,                                                                4200 ,                                                             2400 ,                                                             6800 ,                                              15 ,                                            8 ,                                           23 
,,,,,,,,Americas,146,americas,72.0,45.0,95.0,2,50                                        ,100[100-100]                                                  ,                                                                 100 ,                                                              100 ,                                                              100 ,                                              72 ,                                           45 ,                                           95 
,,,,,,,,Europe,147,europe,,,,2,No data                                   ,Nodata                                                        ,                                                                     ,                                                                  ,                                                                  ,                                                 ,                                              ,                                              
,,,,,,,,Europe,148,europe,,,,2,No data                                   ,Nodata                                                        ,                                                                     ,                                                                  ,                                                                  ,                                                 ,                                              ,                                              
,,,,,,,,Eastern Mediterranean,149,eastern mediterranean,,,,2,No data                                   ,Nodata                                                        ,                                                                     ,                                                                  ,                                                                  ,                                                 ,                                              ,                                              
,,,,,,,,Europe,150,europe,95.0,95.0,95.0,2,750                                       ,540[500-630]                                                  ,                                                                 540 ,                                                              500 ,                                                              630 ,                                              95 ,                                           95 ,                                           95 
,,,,,,,,South-East Asia,151,south-east asia,83.0,68.0,95.0,2,2600                                      ,3200[2600-3800]                                               ,                                                                3200 ,                                                             2600 ,                                                             3800 ,                                              83 ,                                           68 ,                                           95 
,,,,,,,,South-East Asia,152,south-east asia,,,,2,No data                                   ,Nodata                                                        ,                                                                     ,                                                                  ,                                                                  ,                                                 ,                                              ,                                              
,,,,,,,,Africa,153,africa,34.0,29.0,38.0,2,4200                                      ,12000[11000-14000]                                            ,                                                               12000 ,                                                            11000 ,                                                            14000 ,                                              34 ,                                           29 ,                                           38 
,,,,,,,,Americas,154,americas,,,,2,No data                                   ,Nodata                                                        ,                                                                     ,                                                                  ,                                                                  ,                                                 ,                                              ,                                              
,,,,,,,,Eastern Mediterranean,155,eastern mediterranean,,,,2,No data                                   ,Nodata                                                        ,                                                                     ,                                                                  ,                                                                  ,                                                 ,                                              ,                                              
,,,,,,,,Europe,156,europe,,,,2,No data                                   ,Nodata                                                        ,                                                                     ,                                                                  ,                                                                  ,                                                 ,                                              ,                                              
,,,,,,,,Europe,157,europe,,,,2,No data                                   ,Nodata                                                        ,                                                                     ,                                                                  ,                                                                  ,                                                 ,                                              ,                                              
,,,,,,,,Africa,158,africa,66.0,57.0,74.0,2,67 100                                    ,100000[88000-110000]                                          ,                                                              100000 ,                                                            88000 ,                                                           110000 ,                                              66 ,                                           57 ,                                           74 
,,,,,,,,Europe,159,europe,95.0,84.0,95.0,2,820                                       ,850[750-980]                                                  ,                                                                 850 ,                                                              750 ,                                                              980 ,                                              95 ,                                           84 ,                                           95 
,,,,,,,,Eastern Mediterranean,160,eastern mediterranean,,,,2,No data                                   ,Nodata                                                        ,                                                                     ,                                                                  ,                                                                  ,                                                 ,                                              ,                                              
,,,,,,,,Europe,161,europe,,,,2,No data                                   ,Nodata                                                        ,                                                                     ,                                                                  ,                                                                  ,                                                 ,                                              ,                                              
,,,,,,,,Africa,162,africa,65.0,51.0,80.0,2,59 600                                    ,92000[72000-110000]                                           ,                                                               92000 ,                                                            72000 ,                                                           110000 ,                                              65 ,                                           51 ,                                           80 
,,,,,,,,Americas,163,americas,,,,2,No data                                   ,Nodata                                                        ,                                                                     ,                                                                  ,                                                                  ,                                                 ,                                              ,                                              
,,,,,,,,Americas,164,americas,64.0,47.0,90.0,2,80                                        ,200[100-200]                                                  ,                                                                 200 ,                                                              100 ,                                                              200 ,                                              64 ,                                           47 ,                                           90 
,,,,,,,,Europe,165,europe,93.0,87.0,95.0,2,5500                                      ,6000[5600-6300]                                               ,                                                                6000 ,                                                             5600 ,                                                             6300 ,                                              93 ,                                           87 ,                                           95 
,,,,,,,,Americas,166,americas,,,,2,No data                                   ,Nodata                                                        ,                                                                     ,                                                                  ,                                                                  ,                                                 ,                                              ,                                              
,,,,,,,,Western Pacific,167,western pacific,92.0,74.0,95.0,2,4600                                      ,5000[4000-5900]                                               ,                                                                5000 ,                                                             4000 ,                                                             5900 ,                                              92 ,                                           74 ,                                           95 
,,,,,,,,Eastern Mediterranean,168,eastern mediterranean,33.0,24.0,50.0,2,130                                       ,500[500-580]                                                  ,                                                                 500 ,                                                              500 ,                                                              580 ,                                              33 ,                                           24 ,                                           50 
,,,,,,,,Africa,169,africa,79.0,65.0,93.0,2,49 100                                    ,62000[52000-74000]                                            ,                                                               62000 ,                                                            52000 ,                                                            74000 ,                                              79 ,                                           65 ,                                           93 
,,,,,,,,Africa,170,africa,76.0,59.0,93.0,2,63 900                                    ,84000[65000-100000]                                           ,                                                               84000 ,                                                            65000 ,                                                           100000 ,                                              76 ,                                           59 ,                                           93 
